0 verbose cli /Users/ecipria/.nvm/versions/node/v24.12.0/bin/node /Users/ecipria/.nvm/versions/node/v24.12.0/bin/npm
1 info using npm@11.6.2
2 info using node@v24.12.0
3 silly config load:file:/Users/ecipria/.nvm/versions/node/v24.12.0/lib/node_modules/npm/npmrc
4 silly config load:file:/Users/ecipria/Documents/cuantificador-deportivo/frontend/.npmrc
5 silly config load:file:/Users/ecipria/.npmrc
6 silly config load:file:/Users/ecipria/.nvm/versions/node/v24.12.0/etc/npmrc
7 verbose title npm ci
8 verbose argv "ci" "--cache" ".npm-cache"
9 verbose logfile logs-max:10 dir:/Users/ecipria/Documents/cuantificador-deportivo/frontend/.npm-cache/_logs/2026-07-31T07_20_49_054Z-
10 verbose logfile /Users/ecipria/Documents/cuantificador-deportivo/frontend/.npm-cache/_logs/2026-07-31T07_20_49_054Z-debug-0.log
11 silly logfile done cleaning log files
12 silly packumentCache heap:4496293888 maxSize:1124073472 maxEntrySize:562036736
13 http fetch GET https://artifactory.gcp.mercadona.com/artifactory/api/npm/virtual-npm/npm attempt 1 failed with ENOTFOUND
14 silly idealTree buildDeps
15 silly reify moves {}
16 silly audit bulk request {
16 silly audit   '@ampproject/remapping': [ '2.3.0' ],
16 silly audit   '@angular-devkit/architect': [ '0.1703.17' ],
16 silly audit   rxjs: [ '7.8.1', '7.8.2' ],
16 silly audit   '@angular-devkit/build-angular': [ '17.3.17' ],
16 silly audit   tslib: [ '2.6.2', '2.8.1' ],
16 silly audit   '@angular-devkit/build-webpack': [ '0.1703.17' ],
16 silly audit   '@angular-devkit/core': [ '17.3.17' ],
16 silly audit   '@angular-devkit/schematics': [ '17.3.17' ],
16 silly audit   '@angular/animations': [ '17.3.12' ],
16 silly audit   '@angular/cdk': [ '17.3.10' ],
16 silly audit   '@angular/cli': [ '17.3.17' ],
16 silly audit   '@angular/common': [ '17.3.12' ],
16 silly audit   '@angular/compiler': [ '17.3.12' ],
16 silly audit   '@angular/compiler-cli': [ '17.3.12' ],
16 silly audit   '@babel/core': [ '7.23.9', '7.26.10' ],
16 silly audit   'convert-source-map': [ '2.0.0', '1.9.0' ],
16 silly audit   semver: [ '6.3.1', '5.7.2', '7.6.0' ],
16 silly audit   '@angular/core': [ '17.3.12' ],
16 silly audit   '@angular/forms': [ '17.3.12' ],
16 silly audit   '@angular/material': [ '17.3.10' ],
16 silly audit   '@angular/platform-browser': [ '17.3.12' ],
16 silly audit   '@angular/platform-browser-dynamic': [ '17.3.12' ],
16 silly audit   '@angular/router': [ '17.3.12' ],
16 silly audit   '@babel/code-frame': [ '7.29.0' ],
16 silly audit   '@babel/compat-data': [ '7.29.0' ],
16 silly audit   '@babel/generator': [ '7.26.10', '7.29.1' ],
16 silly audit   '@babel/helper-annotate-as-pure': [ '7.25.9', '7.27.3' ],
16 silly audit   '@babel/helper-compilation-targets': [ '7.28.6' ],
16 silly audit   '@babel/helper-create-class-features-plugin': [ '7.28.6' ],
16 silly audit   '@babel/helper-create-regexp-features-plugin': [ '7.28.5' ],
16 silly audit   '@babel/helper-define-polyfill-provider': [ '0.6.8' ],
16 silly audit   resolve: [ '1.22.12', '1.22.8' ],
16 silly audit   '@babel/helper-globals': [ '7.28.0' ],
16 silly audit   '@babel/helper-member-expression-to-functions': [ '7.28.5' ],
16 silly audit   '@babel/helper-module-imports': [ '7.28.6' ],
16 silly audit   '@babel/helper-module-transforms': [ '7.28.6' ],
16 silly audit   '@babel/helper-optimise-call-expression': [ '7.27.1' ],
16 silly audit   '@babel/helper-plugin-utils': [ '7.28.6' ],
16 silly audit   '@babel/helper-remap-async-to-generator': [ '7.27.1' ],
16 silly audit   '@babel/helper-replace-supers': [ '7.28.6' ],
16 silly audit   '@babel/helper-skip-transparent-expression-wrappers': [ '7.27.1' ],
16 silly audit   '@babel/helper-split-export-declaration': [ '7.24.7' ],
16 silly audit   '@babel/helper-string-parser': [ '7.27.1' ],
16 silly audit   '@babel/helper-validator-identifier': [ '7.28.5' ],
16 silly audit   '@babel/helper-validator-option': [ '7.27.1' ],
16 silly audit   '@babel/helper-wrap-function': [ '7.28.6' ],
16 silly audit   '@babel/helpers': [ '7.29.2' ],
16 silly audit   '@babel/parser': [ '7.29.2' ],
16 silly audit   '@babel/plugin-bugfix-firefox-class-in-computed-class-key': [ '7.28.5' ],
16 silly audit   '@babel/plugin-bugfix-safari-class-field-initializer-scope': [ '7.27.1' ],
16 silly audit   '@babel/plugin-bugfix-safari-id-destructuring-collision-in-function-expression': [ '7.27.1' ],
16 silly audit   '@babel/plugin-bugfix-v8-spread-parameters-in-optional-chaining': [ '7.27.1' ],
16 silly audit   '@babel/plugin-bugfix-v8-static-class-fields-redefine-readonly': [ '7.28.6' ],
16 silly audit   '@babel/plugin-proposal-private-property-in-object': [ '7.21.0-placeholder-for-preset-env.2' ],
16 silly audit   '@babel/plugin-syntax-import-assertions': [ '7.28.6' ],
16 silly audit   '@babel/plugin-syntax-import-attributes': [ '7.28.6' ],
16 silly audit   '@babel/plugin-syntax-unicode-sets-regex': [ '7.18.6' ],
16 silly audit   '@babel/plugin-transform-arrow-functions': [ '7.27.1' ],
16 silly audit   '@babel/plugin-transform-async-generator-functions': [ '7.26.8' ],
16 silly audit   '@babel/plugin-transform-async-to-generator': [ '7.25.9' ],
16 silly audit   '@babel/plugin-transform-block-scoped-functions': [ '7.27.1' ],
16 silly audit   '@babel/plugin-transform-block-scoping': [ '7.28.6' ],
16 silly audit   '@babel/plugin-transform-class-properties': [ '7.28.6' ],
16 silly audit   '@babel/plugin-transform-class-static-block': [ '7.28.6' ],
16 silly audit   '@babel/plugin-transform-classes': [ '7.28.6' ],
16 silly audit   '@babel/plugin-transform-computed-properties': [ '7.28.6' ],
16 silly audit   '@babel/plugin-transform-destructuring': [ '7.28.5' ],
16 silly audit   '@babel/plugin-transform-dotall-regex': [ '7.28.6' ],
16 silly audit   '@babel/plugin-transform-duplicate-keys': [ '7.27.1' ],
16 silly audit   '@babel/plugin-transform-duplicate-named-capturing-groups-regex': [ '7.29.0' ],
16 silly audit   '@babel/plugin-transform-dynamic-import': [ '7.27.1' ],
16 silly audit   '@babel/plugin-transform-exponentiation-operator': [ '7.28.6' ],
16 silly audit   '@babel/plugin-transform-export-namespace-from': [ '7.27.1' ],
16 silly audit   '@babel/plugin-transform-for-of': [ '7.27.1' ],
16 silly audit   '@babel/plugin-transform-function-name': [ '7.27.1' ],
16 silly audit   '@babel/plugin-transform-json-strings': [ '7.28.6' ],
16 silly audit   '@babel/plugin-transform-literals': [ '7.27.1' ],
16 silly audit   '@babel/plugin-transform-logical-assignment-operators': [ '7.28.6' ],
16 silly audit   '@babel/plugin-transform-member-expression-literals': [ '7.27.1' ],
16 silly audit   '@babel/plugin-transform-modules-amd': [ '7.27.1' ],
16 silly audit   '@babel/plugin-transform-modules-commonjs': [ '7.28.6' ],
16 silly audit   '@babel/plugin-transform-modules-systemjs': [ '7.29.0' ],
16 silly audit   '@babel/plugin-transform-modules-umd': [ '7.27.1' ],
16 silly audit   '@babel/plugin-transform-named-capturing-groups-regex': [ '7.29.0' ],
16 silly audit   '@babel/plugin-transform-new-target': [ '7.27.1' ],
16 silly audit   '@babel/plugin-transform-nullish-coalescing-operator': [ '7.28.6' ],
16 silly audit   '@babel/plugin-transform-numeric-separator': [ '7.28.6' ],
16 silly audit   '@babel/plugin-transform-object-rest-spread': [ '7.28.6' ],
16 silly audit   '@babel/plugin-transform-object-super': [ '7.27.1' ],
16 silly audit   '@babel/plugin-transform-optional-catch-binding': [ '7.28.6' ],
16 silly audit   '@babel/plugin-transform-optional-chaining': [ '7.28.6' ],
16 silly audit   '@babel/plugin-transform-parameters': [ '7.27.7' ],
16 silly audit   '@babel/plugin-transform-private-methods': [ '7.28.6' ],
16 silly audit   '@babel/plugin-transform-private-property-in-object': [ '7.28.6' ],
16 silly audit   '@babel/plugin-transform-property-literals': [ '7.27.1' ],
16 silly audit   '@babel/plugin-transform-regenerator': [ '7.29.0' ],
16 silly audit   '@babel/plugin-transform-regexp-modifiers': [ '7.28.6' ],
16 silly audit   '@babel/plugin-transform-reserved-words': [ '7.27.1' ],
16 silly audit   '@babel/plugin-transform-runtime': [ '7.26.10' ],
16 silly audit   '@babel/plugin-transform-shorthand-properties': [ '7.27.1' ],
16 silly audit   '@babel/plugin-transform-spread': [ '7.28.6' ],
16 silly audit   '@babel/plugin-transform-sticky-regex': [ '7.27.1' ],
16 silly audit   '@babel/plugin-transform-template-literals': [ '7.27.1' ],
16 silly audit   '@babel/plugin-transform-typeof-symbol': [ '7.27.1' ],
16 silly audit   '@babel/plugin-transform-unicode-escapes': [ '7.27.1' ],
16 silly audit   '@babel/plugin-transform-unicode-property-regex': [ '7.28.6' ],
16 silly audit   '@babel/plugin-transform-unicode-regex': [ '7.27.1' ],
16 silly audit   '@babel/plugin-transform-unicode-sets-regex': [ '7.28.6' ],
16 silly audit   '@babel/preset-env': [ '7.26.9' ],
16 silly audit   '@babel/preset-modules': [ '0.1.6-no-external-plugins' ],
16 silly audit   '@babel/runtime': [ '7.26.10', '7.29.2' ],
16 silly audit   '@babel/template': [ '7.28.6' ],
16 silly audit   '@babel/traverse': [ '7.29.0' ],
16 silly audit   '@babel/types': [ '7.29.0' ],
16 silly audit   '@discoveryjs/json-ext': [ '0.5.7' ],
16 silly audit   '@esbuild/aix-ppc64': [ '0.20.1', '0.21.5' ],
16 silly audit   '@esbuild/android-arm': [ '0.20.1', '0.21.5' ],
16 silly audit   '@esbuild/android-arm64': [ '0.20.1', '0.21.5' ],
16 silly audit   '@esbuild/android-x64': [ '0.20.1', '0.21.5' ],
16 silly audit   '@esbuild/darwin-arm64': [ '0.20.1', '0.21.5' ],
16 silly audit   '@esbuild/darwin-x64': [ '0.20.1', '0.21.5' ],
16 silly audit   '@esbuild/freebsd-arm64': [ '0.20.1', '0.21.5' ],
16 silly audit   '@esbuild/freebsd-x64': [ '0.20.1', '0.21.5' ],
16 silly audit   '@esbuild/linux-arm': [ '0.20.1', '0.21.5' ],
16 silly audit   '@esbuild/linux-arm64': [ '0.20.1', '0.21.5' ],
16 silly audit   '@esbuild/linux-ia32': [ '0.20.1', '0.21.5' ],
16 silly audit   '@esbuild/linux-loong64': [ '0.20.1', '0.21.5' ],
16 silly audit   '@esbuild/linux-mips64el': [ '0.20.1', '0.21.5' ],
16 silly audit   '@esbuild/linux-ppc64': [ '0.20.1', '0.21.5' ],
16 silly audit   '@esbuild/linux-riscv64': [ '0.20.1', '0.21.5' ],
16 silly audit   '@esbuild/linux-s390x': [ '0.20.1', '0.21.5' ],
16 silly audit   '@esbuild/linux-x64': [ '0.20.1', '0.21.5' ],
16 silly audit   '@esbuild/netbsd-x64': [ '0.20.1', '0.21.5' ],
16 silly audit   '@esbuild/openbsd-x64': [ '0.20.1', '0.21.5' ],
16 silly audit   '@esbuild/sunos-x64': [ '0.20.1', '0.21.5' ],
16 silly audit   '@esbuild/win32-arm64': [ '0.20.1', '0.21.5' ],
16 silly audit   '@esbuild/win32-ia32': [ '0.20.1', '0.21.5' ],
16 silly audit   '@esbuild/win32-x64': [ '0.20.1', '0.21.5' ],
16 silly audit   '@isaacs/cliui': [ '8.0.2' ],
16 silly audit   'ansi-regex': [ '6.2.2', '5.0.1' ],
16 silly audit   'ansi-styles': [ '6.2.3', '4.3.0' ],
16 silly audit   'emoji-regex': [ '9.2.2', '8.0.0' ],
16 silly audit   'string-width': [ '5.1.2', '4.2.3' ],
16 silly audit   'strip-ansi': [ '7.2.0', '6.0.1' ],
16 silly audit   'wrap-ansi': [ '8.1.0', '7.0.0', '6.2.0' ],
16 silly audit   '@istanbuljs/load-nyc-config': [ '1.1.0' ],
16 silly audit   '@istanbuljs/schema': [ '0.1.3' ],
16 silly audit   '@jridgewell/gen-mapping': [ '0.3.13' ],
16 silly audit   '@jridgewell/resolve-uri': [ '3.1.2' ],
16 silly audit   '@jridgewell/source-map': [ '0.3.11' ],
16 silly audit   '@jridgewell/sourcemap-codec': [ '1.5.5' ],
16 silly audit   '@jridgewell/trace-mapping': [ '0.3.31' ],
16 silly audit   '@kurkle/color': [ '0.3.4' ],
16 silly audit   '@leichtgewicht/ip-codec': [ '2.0.5' ],
16 silly audit   '@ljharb/through': [ '2.3.14' ],
16 silly audit   '@material/animation': [ '15.0.0-canary.7f224ddd4.0' ],
16 silly audit   '@material/auto-init': [ '15.0.0-canary.7f224ddd4.0' ],
16 silly audit   '@material/banner': [ '15.0.0-canary.7f224ddd4.0' ],
16 silly audit   '@material/base': [ '15.0.0-canary.7f224ddd4.0' ],
16 silly audit   '@material/button': [ '15.0.0-canary.7f224ddd4.0' ],
16 silly audit   '@material/card': [ '15.0.0-canary.7f224ddd4.0' ],
16 silly audit   '@material/checkbox': [ '15.0.0-canary.7f224ddd4.0' ],
16 silly audit   '@material/chips': [ '15.0.0-canary.7f224ddd4.0' ],
16 silly audit   '@material/circular-progress': [ '15.0.0-canary.7f224ddd4.0' ],
16 silly audit   '@material/data-table': [ '15.0.0-canary.7f224ddd4.0' ],
16 silly audit   '@material/density': [ '15.0.0-canary.7f224ddd4.0' ],
16 silly audit   '@material/dialog': [ '15.0.0-canary.7f224ddd4.0' ],
16 silly audit   '@material/dom': [ '15.0.0-canary.7f224ddd4.0' ],
16 silly audit   '@material/drawer': [ '15.0.0-canary.7f224ddd4.0' ],
16 silly audit   '@material/elevation': [ '15.0.0-canary.7f224ddd4.0' ],
16 silly audit   '@material/fab': [ '15.0.0-canary.7f224ddd4.0' ],
16 silly audit   '@material/feature-targeting': [ '15.0.0-canary.7f224ddd4.0' ],
16 silly audit   '@material/floating-label': [ '15.0.0-canary.7f224ddd4.0' ],
16 silly audit   '@material/focus-ring': [ '15.0.0-canary.7f224ddd4.0' ],
16 silly audit   '@material/form-field': [ '15.0.0-canary.7f224ddd4.0' ],
16 silly audit   '@material/icon-button': [ '15.0.0-canary.7f224ddd4.0' ],
16 silly audit   '@material/image-list': [ '15.0.0-canary.7f224ddd4.0' ],
16 silly audit   '@material/layout-grid': [ '15.0.0-canary.7f224ddd4.0' ],
16 silly audit   '@material/line-ripple': [ '15.0.0-canary.7f224ddd4.0' ],
16 silly audit   '@material/linear-progress': [ '15.0.0-canary.7f224ddd4.0' ],
16 silly audit   '@material/list': [ '15.0.0-canary.7f224ddd4.0' ],
16 silly audit   '@material/menu': [ '15.0.0-canary.7f224ddd4.0' ],
16 silly audit   '@material/menu-surface': [ '15.0.0-canary.7f224ddd4.0' ],
16 silly audit   '@material/notched-outline': [ '15.0.0-canary.7f224ddd4.0' ],
16 silly audit   '@material/progress-indicator': [ '15.0.0-canary.7f224ddd4.0' ],
16 silly audit   '@material/radio': [ '15.0.0-canary.7f224ddd4.0' ],
16 silly audit   '@material/ripple': [ '15.0.0-canary.7f224ddd4.0' ],
16 silly audit   '@material/rtl': [ '15.0.0-canary.7f224ddd4.0' ],
16 silly audit   '@material/segmented-button': [ '15.0.0-canary.7f224ddd4.0' ],
16 silly audit   '@material/select': [ '15.0.0-canary.7f224ddd4.0' ],
16 silly audit   '@material/shape': [ '15.0.0-canary.7f224ddd4.0' ],
16 silly audit   '@material/slider': [ '15.0.0-canary.7f224ddd4.0' ],
16 silly audit   '@material/snackbar': [ '15.0.0-canary.7f224ddd4.0' ],
16 silly audit   '@material/switch': [ '15.0.0-canary.7f224ddd4.0' ],
16 silly audit   '@material/tab': [ '15.0.0-canary.7f224ddd4.0' ],
16 silly audit   '@material/tab-bar': [ '15.0.0-canary.7f224ddd4.0' ],
16 silly audit   '@material/tab-indicator': [ '15.0.0-canary.7f224ddd4.0' ],
16 silly audit   '@material/tab-scroller': [ '15.0.0-canary.7f224ddd4.0' ],
16 silly audit   '@material/textfield': [ '15.0.0-canary.7f224ddd4.0' ],
16 silly audit   '@material/theme': [ '15.0.0-canary.7f224ddd4.0' ],
16 silly audit   '@material/tokens': [ '15.0.0-canary.7f224ddd4.0' ],
16 silly audit   '@material/tooltip': [ '15.0.0-canary.7f224ddd4.0' ],
16 silly audit   '@material/top-app-bar': [ '15.0.0-canary.7f224ddd4.0' ],
16 silly audit   '@material/touch-target': [ '15.0.0-canary.7f224ddd4.0' ],
16 silly audit   '@material/typography': [ '15.0.0-canary.7f224ddd4.0' ],
16 silly audit   '@ngtools/webpack': [ '17.3.17' ],
16 silly audit   '@nodelib/fs.scandir': [ '2.1.5' ],
16 silly audit   '@nodelib/fs.stat': [ '2.0.5' ],
16 silly audit   '@nodelib/fs.walk': [ '1.2.8' ],
16 silly audit   '@npmcli/agent': [ '2.2.2' ],
16 silly audit   'lru-cache': [ '10.4.3', '5.1.1', '6.0.0' ],
16 silly audit   '@npmcli/fs': [ '3.1.1' ],
16 silly audit   '@npmcli/git': [ '5.0.8' ],
16 silly audit   ini: [ '4.1.3', '4.1.2' ],
16 silly audit   'proc-log': [ '4.2.0', '3.0.0' ],
16 silly audit   '@npmcli/installed-package-contents': [ '2.1.0' ],
16 silly audit   '@npmcli/node-gyp': [ '3.0.0' ],
16 silly audit   '@npmcli/package-json': [ '5.2.1' ],
16 silly audit   '@npmcli/promise-spawn': [ '7.0.2' ],
16 silly audit   '@npmcli/redact': [ '1.1.0' ],
16 silly audit   '@npmcli/run-script': [ '7.0.4' ],
16 silly audit   '@pkgjs/parseargs': [ '0.11.0' ],
16 silly audit   '@rollup/rollup-android-arm-eabi': [ '4.60.1' ],
16 silly audit   '@rollup/rollup-android-arm64': [ '4.60.1' ],
16 silly audit   '@rollup/rollup-darwin-arm64': [ '4.60.1' ],
16 silly audit   '@rollup/rollup-darwin-x64': [ '4.60.1' ],
16 silly audit   '@rollup/rollup-freebsd-arm64': [ '4.60.1' ],
16 silly audit   '@rollup/rollup-freebsd-x64': [ '4.60.1' ],
16 silly audit   '@rollup/rollup-linux-arm-gnueabihf': [ '4.60.1' ],
16 silly audit   '@rollup/rollup-linux-arm-musleabihf': [ '4.60.1' ],
16 silly audit   '@rollup/rollup-linux-arm64-gnu': [ '4.60.1' ],
16 silly audit   '@rollup/rollup-linux-arm64-musl': [ '4.60.1' ],
16 silly audit   '@rollup/rollup-linux-loong64-gnu': [ '4.60.1' ],
16 silly audit   '@rollup/rollup-linux-loong64-musl': [ '4.60.1' ],
16 silly audit   '@rollup/rollup-linux-ppc64-gnu': [ '4.60.1' ],
16 silly audit   '@rollup/rollup-linux-ppc64-musl': [ '4.60.1' ],
16 silly audit   '@rollup/rollup-linux-riscv64-gnu': [ '4.60.1' ],
16 silly audit   '@rollup/rollup-linux-riscv64-musl': [ '4.60.1' ],
16 silly audit   '@rollup/rollup-linux-s390x-gnu': [ '4.60.1' ],
16 silly audit   '@rollup/rollup-linux-x64-gnu': [ '4.60.1' ],
16 silly audit   '@rollup/rollup-linux-x64-musl': [ '4.60.1' ],
16 silly audit   '@rollup/rollup-openbsd-x64': [ '4.60.1' ],
16 silly audit   '@rollup/rollup-openharmony-arm64': [ '4.60.1' ],
16 silly audit   '@rollup/rollup-win32-arm64-msvc': [ '4.60.1' ],
16 silly audit   '@rollup/rollup-win32-ia32-msvc': [ '4.60.1' ],
16 silly audit   '@rollup/rollup-win32-x64-gnu': [ '4.60.1' ],
16 silly audit   '@rollup/rollup-win32-x64-msvc': [ '4.60.1' ],
16 silly audit   '@schematics/angular': [ '17.3.17' ],
16 silly audit   '@sigstore/bundle': [ '2.3.2' ],
16 silly audit   '@sigstore/core': [ '1.1.0' ],
16 silly audit   '@sigstore/protobuf-specs': [ '0.3.3' ],
16 silly audit   '@sigstore/sign': [ '2.3.2' ],
16 silly audit   '@sigstore/tuf': [ '2.3.4' ],
16 silly audit   '@sigstore/verify': [ '1.2.1' ],
16 silly audit   '@swimlane/ngx-charts': [ '22.0.0' ],
16 silly audit   '@tufjs/canonical-json': [ '2.0.0' ],
16 silly audit   '@tufjs/models': [ '2.0.1' ],
16 silly audit   '@types/body-parser': [ '1.19.6' ],
16 silly audit   '@types/bonjour': [ '3.5.13' ],
16 silly audit   '@types/connect': [ '3.4.38' ],
16 silly audit   '@types/connect-history-api-fallback': [ '1.5.4' ],
16 silly audit   '@types/estree': [ '1.0.8' ],
16 silly audit   '@types/express': [ '4.17.25' ],
16 silly audit   '@types/express-serve-static-core': [ '5.1.1', '4.19.8' ],
16 silly audit   '@types/geojson': [ '7946.0.16' ],
16 silly audit   '@types/http-errors': [ '2.0.5' ],
16 silly audit   '@types/http-proxy': [ '1.17.17' ],
16 silly audit   '@types/json-schema': [ '7.0.15' ],
16 silly audit   '@types/leaflet': [ '1.9.21' ],
16 silly audit   '@types/mime': [ '1.3.5' ],
16 silly audit   '@types/node': [ '18.19.130' ],
16 silly audit   '@types/node-forge': [ '1.3.14' ],
16 silly audit   '@types/pako': [ '2.0.4' ],
16 silly audit   '@types/qs': [ '6.15.0' ],
16 silly audit   '@types/raf': [ '3.4.3' ],
16 silly audit   '@types/range-parser': [ '1.2.7' ],
16 silly audit   '@types/retry': [ '0.12.0' ],
16 silly audit   '@types/send': [ '1.2.1', '0.17.6' ],
16 silly audit   '@types/serve-index': [ '1.9.4' ],
16 silly audit   '@types/serve-static': [ '1.15.10' ],
16 silly audit   '@types/sockjs': [ '0.3.36' ],
16 silly audit   '@types/tinycolor2': [ '1.4.6' ],
16 silly audit   '@types/trusted-types': [ '2.0.7' ],
16 silly audit   '@types/ws': [ '8.18.1' ],
16 silly audit   '@vitejs/plugin-basic-ssl': [ '1.1.0' ],
16 silly audit   '@webassemblyjs/ast': [ '1.14.1' ],
16 silly audit   '@webassemblyjs/floating-point-hex-parser': [ '1.13.2' ],
16 silly audit   '@webassemblyjs/helper-api-error': [ '1.13.2' ],
16 silly audit   '@webassemblyjs/helper-buffer': [ '1.14.1' ],
16 silly audit   '@webassemblyjs/helper-numbers': [ '1.13.2' ],
16 silly audit   '@webassemblyjs/helper-wasm-bytecode': [ '1.13.2' ],
16 silly audit   '@webassemblyjs/helper-wasm-section': [ '1.14.1' ],
16 silly audit   '@webassemblyjs/ieee754': [ '1.13.2' ],
16 silly audit   '@webassemblyjs/leb128': [ '1.13.2' ],
16 silly audit   '@webassemblyjs/utf8': [ '1.13.2' ],
16 silly audit   '@webassemblyjs/wasm-edit': [ '1.14.1' ],
16 silly audit   '@webassemblyjs/wasm-gen': [ '1.14.1' ],
16 silly audit   '@webassemblyjs/wasm-opt': [ '1.14.1' ],
16 silly audit   '@webassemblyjs/wasm-parser': [ '1.14.1' ],
16 silly audit   '@webassemblyjs/wast-printer': [ '1.14.1' ],
16 silly audit   '@xtuc/ieee754': [ '1.2.0' ],
16 silly audit   '@xtuc/long': [ '4.2.2' ],
16 silly audit   '@yarnpkg/lockfile': [ '1.1.0' ],
16 silly audit   abbrev: [ '2.0.0' ],
16 silly audit   accepts: [ '1.3.8' ],
16 silly audit   negotiator: [ '0.6.3', '0.6.4' ],
16 silly audit   acorn: [ '8.16.0' ],
16 silly audit   'acorn-import-attributes': [ '1.9.5' ],
16 silly audit   'adjust-sourcemap-loader': [ '4.0.0' ],
16 silly audit   'loader-utils': [ '2.0.4', '3.2.1' ],
16 silly audit   'agent-base': [ '7.1.4' ],
16 silly audit   'aggregate-error': [ '3.1.0' ],
16 silly audit   ajv: [ '8.12.0', '6.14.0' ],
16 silly audit   'ajv-formats': [ '2.1.1' ],
16 silly audit   'ajv-keywords': [ '5.1.0', '3.5.2' ],
16 silly audit   'ansi-colors': [ '4.1.3' ],
16 silly audit   'ansi-escapes': [ '4.3.2' ],
16 silly audit   'ansi-html-community': [ '0.0.8' ],
16 silly audit   anymatch: [ '3.1.3' ],
16 silly audit   picomatch: [ '2.3.2', '4.0.1' ],
16 silly audit   argparse: [ '1.0.10', '2.0.1' ],
16 silly audit   'array-flatten': [ '1.1.1' ],
16 silly audit   autoprefixer: [ '10.4.18' ],
16 silly audit   'babel-loader': [ '9.1.3' ],
16 silly audit   'babel-plugin-istanbul': [ '6.1.1' ],
16 silly audit   'babel-plugin-polyfill-corejs2': [ '0.4.17' ],
16 silly audit   'babel-plugin-polyfill-corejs3': [ '0.11.1' ],
16 silly audit   'babel-plugin-polyfill-regenerator': [ '0.6.8' ],
16 silly audit   'balanced-match': [ '1.0.2' ],
16 silly audit   'base64-arraybuffer': [ '1.0.2' ],
16 silly audit   'base64-js': [ '1.5.1' ],
16 silly audit   'baseline-browser-mapping': [ '2.10.18' ],
16 silly audit   batch: [ '0.6.1' ],
16 silly audit   'big.js': [ '5.2.2' ],
16 silly audit   'binary-extensions': [ '2.3.0' ],
16 silly audit   bl: [ '4.1.0' ],
16 silly audit   'body-parser': [ '1.20.4' ],
16 silly audit   debug: [ '2.6.9', '4.4.3' ],
16 silly audit   ms: [ '2.0.0', '2.1.3' ],
16 silly audit   'bonjour-service': [ '1.3.0' ],
16 silly audit   boolbase: [ '1.0.0' ],
16 silly audit   'brace-expansion': [ '2.1.0', '1.1.14' ],
16 silly audit   braces: [ '3.0.3' ],
16 silly audit   browserslist: [ '4.28.2' ],
16 silly audit   buffer: [ '5.7.1' ],
16 silly audit   'buffer-from': [ '1.1.2' ],
16 silly audit   bytes: [ '3.1.2' ],
16 silly audit   cacache: [ '18.0.4' ],
16 silly audit   'call-bind': [ '1.0.9' ],
16 silly audit   'call-bind-apply-helpers': [ '1.0.2' ],
16 silly audit   'call-bound': [ '1.0.4' ],
16 silly audit   callsites: [ '3.1.0' ],
16 silly audit   camelcase: [ '5.3.1' ],
16 silly audit   'caniuse-lite': [ '1.0.30001787' ],
16 silly audit   canvg: [ '3.0.11' ],
16 silly audit   'regenerator-runtime': [ '0.13.11', '0.14.1' ],
16 silly audit   chalk: [ '4.1.2', '5.6.2' ],
16 silly audit   chardet: [ '0.7.0' ],
16 silly audit   'chart.js': [ '4.5.1' ],
16 silly audit   chokidar: [ '3.6.0' ],
16 silly audit   chownr: [ '2.0.0' ],
16 silly audit   'chrome-trace-event': [ '1.0.4' ],
16 silly audit   'clean-stack': [ '2.2.0' ],
16 silly audit   'cli-cursor': [ '3.1.0' ],
16 silly audit   'cli-spinners': [ '2.9.2' ],
16 silly audit   'cli-width': [ '4.1.0' ],
16 silly audit   cliui: [ '8.0.1' ],
16 silly audit   clone: [ '1.0.4' ],
16 silly audit   'clone-deep': [ '4.0.1' ],
16 silly audit   'color-convert': [ '2.0.1' ],
16 silly audit   'color-name': [ '1.1.4' ],
16 silly audit   colorette: [ '2.0.20' ],
16 silly audit   commander: [ '2.20.3' ],
16 silly audit   'common-path-prefix': [ '3.0.0' ],
16 silly audit   compressible: [ '2.0.18' ],
16 silly audit   compression: [ '1.8.1' ],
16 silly audit   'concat-map': [ '0.0.1' ],
16 silly audit   'connect-history-api-fallback': [ '2.0.0' ],
16 silly audit   'content-disposition': [ '0.5.4' ],
16 silly audit   'content-type': [ '1.0.5' ],
16 silly audit   cookie: [ '0.7.2' ],
16 silly audit   'cookie-signature': [ '1.0.7' ],
16 silly audit   'copy-anything': [ '2.0.6' ],
16 silly audit   'copy-webpack-plugin': [ '11.0.0' ],
16 silly audit   'glob-parent': [ '6.0.2', '5.1.2' ],
16 silly audit   'core-js': [ '3.49.0' ],
16 silly audit   'core-js-compat': [ '3.49.0' ],
16 silly audit   'core-util-is': [ '1.0.3' ],
16 silly audit   cosmiconfig: [ '9.0.1' ],
16 silly audit   'js-yaml': [ '4.1.1', '3.14.2' ],
16 silly audit   critters: [ '0.0.22' ],
16 silly audit   'cross-spawn': [ '7.0.6' ],
16 silly audit   isexe: [ '2.0.0', '3.1.5' ],
16 silly audit   which: [ '2.0.2', '4.0.0' ],
16 silly audit   'css-line-break': [ '2.1.0' ],
16 silly audit   'css-loader': [ '6.10.0' ],
16 silly audit   'css-select': [ '5.2.2' ],
16 silly audit   'css-what': [ '6.2.2' ],
16 silly audit   cssesc: [ '3.0.0' ],
16 silly audit   'd3-array': [ '3.2.4', '2.12.1' ],
16 silly audit   'd3-brush': [ '3.0.0' ],
16 silly audit   'd3-color': [ '3.1.0' ],
16 silly audit   'd3-dispatch': [ '3.0.1' ],
16 silly audit   'd3-drag': [ '3.0.0' ],
16 silly audit   'd3-ease': [ '3.0.1' ],
16 silly audit   'd3-format': [ '3.1.2' ],
16 silly audit   'd3-hierarchy': [ '3.1.2' ],
16 silly audit   'd3-interpolate': [ '3.0.1' ],
16 silly audit   'd3-path': [ '3.1.0', '1.0.9' ],
16 silly audit   'd3-sankey': [ '0.12.3' ],
16 silly audit   'd3-shape': [ '1.3.7', '3.2.0' ],
16 silly audit   internmap: [ '1.0.1', '2.0.3' ],
16 silly audit   'd3-scale': [ '4.0.2' ],
16 silly audit   'd3-selection': [ '3.0.0' ],
16 silly audit   'd3-time': [ '3.1.0' ],
16 silly audit   'd3-time-format': [ '4.1.0' ],
16 silly audit   'd3-timer': [ '3.0.1' ],
16 silly audit   'd3-transition': [ '3.0.1' ],
16 silly audit   'default-gateway': [ '6.0.3' ],
16 silly audit   defaults: [ '1.0.4' ],
16 silly audit   'define-data-property': [ '1.1.4' ],
16 silly audit   'define-lazy-prop': [ '2.0.0' ],
16 silly audit   depd: [ '2.0.0', '1.1.2' ],
16 silly audit   destroy: [ '1.2.0' ],
16 silly audit   'detect-node': [ '2.1.0' ],
16 silly audit   'dir-glob': [ '3.0.1' ],
16 silly audit   'dns-packet': [ '5.6.1' ],
16 silly audit   'dom-serializer': [ '2.0.0' ],
16 silly audit   domelementtype: [ '2.3.0' ],
16 silly audit   domhandler: [ '5.0.3' ],
16 silly audit   dompurify: [ '3.4.2' ],
16 silly audit   domutils: [ '3.2.2' ],
16 silly audit   'dunder-proto': [ '1.0.1' ],
16 silly audit   eastasianwidth: [ '0.2.0' ],
16 silly audit   'ee-first': [ '1.1.1' ],
16 silly audit   'electron-to-chromium': [ '1.5.335' ],
16 silly audit   'emojis-list': [ '3.0.0' ],
16 silly audit   encodeurl: [ '2.0.0' ],
16 silly audit   encoding: [ '0.1.13' ],
16 silly audit   'iconv-lite': [ '0.6.3', '0.4.24' ],
16 silly audit   'enhanced-resolve': [ '5.20.1' ],
16 silly audit   entities: [ '4.5.0', '6.0.1' ],
16 silly audit   'env-paths': [ '2.2.1' ],
16 silly audit   'err-code': [ '2.0.3' ],
16 silly audit   errno: [ '0.1.8' ],
16 silly audit   'error-ex': [ '1.3.4' ],
16 silly audit   'es-define-property': [ '1.0.1' ],
16 silly audit   'es-errors': [ '1.3.0' ],
16 silly audit   'es-module-lexer': [ '1.7.0' ],
16 silly audit   'es-object-atoms': [ '1.1.1' ],
16 silly audit   esbuild: [ '0.20.1', '0.21.5' ],
16 silly audit   'esbuild-wasm': [ '0.20.1' ],
16 silly audit   escalade: [ '3.2.0' ],
16 silly audit   'escape-html': [ '1.0.3' ],
16 silly audit   'escape-string-regexp': [ '1.0.5' ],
16 silly audit   'eslint-scope': [ '5.1.1' ],
16 silly audit   esprima: [ '4.0.1' ],
16 silly audit   esrecurse: [ '4.3.0' ],
16 silly audit   estraverse: [ '5.3.0', '4.3.0' ],
16 silly audit   esutils: [ '2.0.3' ],
16 silly audit   etag: [ '1.8.1' ],
16 silly audit   eventemitter3: [ '4.0.7' ],
16 silly audit   events: [ '3.3.0' ],
16 silly audit   execa: [ '5.1.1' ],
16 silly audit   'signal-exit': [ '3.0.7', '4.1.0' ],
16 silly audit   'exponential-backoff': [ '3.1.3' ],
16 silly audit   express: [ '4.22.1' ],
16 silly audit   'external-editor': [ '3.1.0' ],
16 silly audit   'fast-deep-equal': [ '3.1.3' ],
16 silly audit   'fast-glob': [ '3.3.2' ],
16 silly audit   'fast-json-stable-stringify': [ '2.1.0' ],
16 silly audit   'fast-png': [ '6.4.0' ],
16 silly audit   fastq: [ '1.20.1' ],
16 silly audit   'faye-websocket': [ '0.11.4' ],
16 silly audit   fflate: [ '0.8.2' ],
16 silly audit   figures: [ '3.2.0' ],
16 silly audit   'fill-range': [ '7.1.1' ],
16 silly audit   finalhandler: [ '1.3.2' ],
16 silly audit   'find-cache-dir': [ '4.0.0' ],
16 silly audit   'find-up': [ '4.1.0', '6.3.0' ],
16 silly audit   flat: [ '5.0.2' ],
16 silly audit   'follow-redirects': [ '1.15.11' ],
16 silly audit   'foreground-child': [ '3.3.1' ],
16 silly audit   forwarded: [ '0.2.0' ],
16 silly audit   'fraction.js': [ '4.3.7' ],
16 silly audit   fresh: [ '0.5.2' ],
16 silly audit   'fs-minipass': [ '3.0.3', '2.1.0' ],
16 silly audit   'fs-monkey': [ '1.1.0' ],
16 silly audit   'fs.realpath': [ '1.0.0' ],
16 silly audit   fsevents: [ '2.3.3' ],
16 silly audit   'function-bind': [ '1.1.2' ],
16 silly audit   gensync: [ '1.0.0-beta.2' ],
16 silly audit   'get-caller-file': [ '2.0.5' ],
16 silly audit   'get-intrinsic': [ '1.3.0' ],
16 silly audit   'get-package-type': [ '0.1.0' ],
16 silly audit   'get-proto': [ '1.0.1' ],
16 silly audit   'get-stream': [ '6.0.1' ],
16 silly audit   glob: [ '10.5.0', '7.2.3' ],
16 silly audit   'glob-to-regexp': [ '0.4.1' ],
16 silly audit   globby: [ '13.2.2' ],
16 silly audit   gopd: [ '1.2.0' ],
16 silly audit   'graceful-fs': [ '4.2.11' ],
16 silly audit   'gradient-path': [ '2.3.0' ],
16 silly audit   'handle-thing': [ '2.0.1' ],
16 silly audit   'has-flag': [ '4.0.0' ],
16 silly audit   'has-property-descriptors': [ '1.0.2' ],
16 silly audit   'has-symbols': [ '1.1.0' ],
16 silly audit   hasown: [ '2.0.2' ],
16 silly audit   'hosted-git-info': [ '7.0.2' ],
16 silly audit   'hpack.js': [ '2.1.6' ],
16 silly audit   'readable-stream': [ '2.3.8', '3.6.2' ],
16 silly audit   'safe-buffer': [ '5.1.2', '5.2.1' ],
16 silly audit   string_decoder: [ '1.1.1', '1.3.0' ],
16 silly audit   'html-entities': [ '2.6.0' ],
16 silly audit   html2canvas: [ '1.4.1' ],
16 silly audit   htmlparser2: [ '8.0.2' ],
16 silly audit   'http-cache-semantics': [ '4.2.0' ],
16 silly audit   'http-deceiver': [ '1.2.7' ],
16 silly audit   'http-errors': [ '2.0.1', '1.8.1' ],
16 silly audit   'http-parser-js': [ '0.5.10' ],
16 silly audit   'http-proxy': [ '1.18.1' ],
16 silly audit   'http-proxy-agent': [ '7.0.2' ],
16 silly audit   'http-proxy-middleware': [ '2.0.8' ],
16 silly audit   'https-proxy-agent': [ '7.0.4' ],
16 silly audit   'human-signals': [ '2.1.0' ],
16 silly audit   'icss-utils': [ '5.1.0' ],
16 silly audit   ieee754: [ '1.2.1' ],
16 silly audit   ignore: [ '5.3.2' ],
16 silly audit   'ignore-walk': [ '6.0.5' ],
16 silly audit   'image-size': [ '0.5.5' ],
16 silly audit   immutable: [ '4.3.8' ],
16 silly audit   'import-fresh': [ '3.3.1' ],
16 silly audit   'resolve-from': [ '4.0.0', '5.0.0' ],
16 silly audit   imurmurhash: [ '0.1.4' ],
16 silly audit   'indent-string': [ '4.0.0' ],
16 silly audit   inflight: [ '1.0.6' ],
16 silly audit   inherits: [ '2.0.4' ],
16 silly audit   inquirer: [ '9.2.15' ],
16 silly audit   iobuffer: [ '5.4.0' ],
16 silly audit   'ip-address': [ '10.1.0' ],
16 silly audit   'ipaddr.js': [ '2.3.0', '1.9.1' ],
16 silly audit   'is-arrayish': [ '0.2.1' ],
16 silly audit   'is-binary-path': [ '2.1.0' ],
16 silly audit   'is-core-module': [ '2.16.1' ],
16 silly audit   'is-docker': [ '2.2.1' ],
16 silly audit   'is-extglob': [ '2.1.1' ],
16 silly audit   'is-fullwidth-code-point': [ '3.0.0' ],
16 silly audit   'is-glob': [ '4.0.3' ],
16 silly audit   'is-interactive': [ '1.0.0' ],
16 silly audit   'is-lambda': [ '1.0.1' ],
16 silly audit   'is-number': [ '7.0.0' ],
16 silly audit   'is-plain-obj': [ '3.0.0' ],
16 silly audit   'is-plain-object': [ '2.0.4' ],
16 silly audit   'is-stream': [ '2.0.1' ],
16 silly audit   'is-unicode-supported': [ '0.1.0' ],
16 silly audit   'is-what': [ '3.14.1' ],
16 silly audit   'is-wsl': [ '2.2.0' ],
16 silly audit   isarray: [ '1.0.0' ],
16 silly audit   isobject: [ '3.0.1' ],
16 silly audit   'istanbul-lib-coverage': [ '3.2.2' ],
16 silly audit   'istanbul-lib-instrument': [ '5.2.1' ],
16 silly audit   jackspeak: [ '3.4.3' ],
16 silly audit   'jest-worker': [ '27.5.1' ],
16 silly audit   'supports-color': [ '8.1.1', '7.2.0' ],
16 silly audit   jiti: [ '1.21.7' ],
16 silly audit   'js-tokens': [ '4.0.0' ],
16 silly audit   jsesc: [ '3.1.0' ],
16 silly audit   'json-parse-even-better-errors': [ '3.0.2', '2.3.1' ],
16 silly audit   'json-schema-traverse': [ '1.0.0', '0.4.1' ],
16 silly audit   json5: [ '2.2.3' ],
16 silly audit   'jsonc-parser': [ '3.2.1' ],
16 silly audit   jsonparse: [ '1.3.1' ],
16 silly audit   jspdf: [ '4.2.1' ],
16 silly audit   'karma-source-map-support': [ '1.4.0' ],
16 silly audit   'kind-of': [ '6.0.3' ],
16 silly audit   klona: [ '2.0.6' ],
16 silly audit   'launch-editor': [ '2.13.2' ],
16 silly audit   leaflet: [ '1.9.4' ],
16 silly audit   less: [ '4.2.0' ],
16 silly audit   'less-loader': [ '11.1.0' ],
16 silly audit   'source-map': [ '0.6.1', '0.7.4' ],
16 silly audit   'license-webpack-plugin': [ '4.0.2' ],
16 silly audit   'lines-and-columns': [ '1.2.4' ],
16 silly audit   'loader-runner': [ '4.3.1' ],
16 silly audit   'locate-path': [ '5.0.0', '7.2.0' ],
16 silly audit   lodash: [ '4.18.1' ],
16 silly audit   'lodash-es': [ '4.18.1' ],
16 silly audit   'lodash.debounce': [ '4.0.8' ],
16 silly audit   'log-symbols': [ '4.1.0' ],
16 silly audit   'magic-string': [ '0.30.8' ],
16 silly audit   'make-dir': [ '2.1.0' ],
16 silly audit   'make-fetch-happen': [ '13.0.1' ],
16 silly audit   'math-intrinsics': [ '1.1.0' ],
16 silly audit   'media-typer': [ '0.3.0' ],
16 silly audit   memfs: [ '3.5.3' ],
16 silly audit   'merge-descriptors': [ '1.0.3' ],
16 silly audit   'merge-stream': [ '2.0.0' ],
16 silly audit   merge2: [ '1.4.1' ],
16 silly audit   methods: [ '1.1.2' ],
16 silly audit   micromatch: [ '4.0.8' ],
16 silly audit   mime: [ '1.6.0' ],
16 silly audit   'mime-db': [ '1.52.0' ],
16 silly audit   'mime-types': [ '2.1.35' ],
16 silly audit   'mimic-fn': [ '2.1.0' ],
16 silly audit   'mini-css-extract-plugin': [ '2.8.1' ],
16 silly audit   'minimalistic-assert': [ '1.0.1' ],
16 silly audit   minimatch: [ '9.0.9', '3.1.5' ],
16 silly audit   minipass: [ '7.1.3', '3.3.6', '5.0.0' ],
16 silly audit   'minipass-collect': [ '2.0.1' ],
16 silly audit   'minipass-fetch': [ '3.0.5' ],
16 silly audit   'minipass-flush': [ '1.0.7' ],
16 silly audit   yallist: [ '4.0.0', '3.1.1' ],
16 silly audit   'minipass-json-stream': [ '1.0.2' ],
16 silly audit   'minipass-pipeline': [ '1.2.4' ],
16 silly audit   'minipass-sized': [ '1.0.3' ],
16 silly audit   minizlib: [ '2.1.2' ],
16 silly audit   mkdirp: [ '1.0.4' ],
16 silly audit   mrmime: [ '2.0.0' ],
16 silly audit   'multicast-dns': [ '7.2.5' ],
16 silly audit   'mute-stream': [ '1.0.0' ],
16 silly audit   nanoid: [ '3.3.11' ],
16 silly audit   needle: [ '3.5.0' ],
16 silly audit   'neo-async': [ '2.6.2' ],
16 silly audit   'ng2-charts': [ '6.0.1' ],
16 silly audit   'nice-napi': [ '1.0.2' ],
16 silly audit   'node-addon-api': [ '3.2.1' ],
16 silly audit   'node-forge': [ '1.4.0' ],
16 silly audit   'node-gyp': [ '10.3.1' ],
16 silly audit   'node-gyp-build': [ '4.8.4' ],
16 silly audit   'node-releases': [ '2.0.37' ],
16 silly audit   nopt: [ '7.2.1' ],
16 silly audit   'normalize-package-data': [ '6.0.2' ],
16 silly audit   'normalize-path': [ '3.0.0' ],
16 silly audit   'normalize-range': [ '0.1.2' ],
16 silly audit   'npm-bundled': [ '3.0.1' ],
16 silly audit   'npm-install-checks': [ '6.3.0' ],
16 silly audit   'npm-normalize-package-bin': [ '3.0.1' ],
16 silly audit   'npm-package-arg': [ '11.0.1' ],
16 silly audit   'npm-packlist': [ '8.0.2' ],
16 silly audit   'npm-pick-manifest': [ '9.0.0' ],
16 silly audit   'npm-registry-fetch': [ '16.2.1' ],
16 silly audit   'npm-run-path': [ '4.0.1' ],
16 silly audit   'nth-check': [ '2.1.1' ],
16 silly audit   'object-inspect': [ '1.13.4' ],
16 silly audit   obuf: [ '1.1.2' ],
16 silly audit   'on-finished': [ '2.4.1' ],
16 silly audit   'on-headers': [ '1.1.0' ],
16 silly audit   once: [ '1.4.0' ],
16 silly audit   onetime: [ '5.1.2' ],
16 silly audit   open: [ '8.4.2' ],
16 silly audit   ora: [ '5.4.1' ],
16 silly audit   'os-tmpdir': [ '1.0.2' ],
16 silly audit   'p-limit': [ '2.3.0', '4.0.0' ],
16 silly audit   'p-locate': [ '4.1.0', '6.0.0' ],
16 silly audit   'p-map': [ '4.0.0' ],
16 silly audit   'p-retry': [ '4.6.2' ],
16 silly audit   retry: [ '0.13.1', '0.12.0' ],
16 silly audit   'p-try': [ '2.2.0' ],
16 silly audit   'package-json-from-dist': [ '1.0.1' ],
16 silly audit   pacote: [ '17.0.6' ],
16 silly audit   pako: [ '2.1.0' ],
16 silly audit   'parent-module': [ '1.0.1' ],
16 silly audit   'parse-json': [ '5.2.0' ],
16 silly audit   'parse-node-version': [ '1.0.1' ],
16 silly audit   parse5: [ '7.3.0' ],
16 silly audit   'parse5-html-rewriting-stream': [ '7.0.0' ],
16 silly audit   'parse5-sax-parser': [ '7.0.0' ],
16 silly audit   parseurl: [ '1.3.3' ],
16 silly audit   'path-exists': [ '4.0.0', '5.0.0' ],
16 silly audit   'path-is-absolute': [ '1.0.1' ],
16 silly audit   'path-key': [ '3.1.1' ],
16 silly audit   'path-parse': [ '1.0.7' ],
16 silly audit   'path-scurry': [ '1.11.1' ],
16 silly audit   'path-to-regexp': [ '0.1.13' ],
16 silly audit   'path-type': [ '4.0.0' ],
16 silly audit   'performance-now': [ '2.1.0' ],
16 silly audit   picocolors: [ '1.1.1' ],
16 silly audit   pify: [ '4.0.1' ],
16 silly audit   piscina: [ '4.4.0' ],
16 silly audit   'pkg-dir': [ '7.0.0' ],
16 silly audit   postcss: [ '8.4.35', '8.5.9' ],
16 silly audit   'postcss-loader': [ '8.1.1' ],
16 silly audit   'postcss-media-query-parser': [ '0.2.3' ],
16 silly audit   'postcss-modules-extract-imports': [ '3.1.0' ],
16 silly audit   'postcss-modules-local-by-default': [ '4.2.0' ],
16 silly audit   'postcss-modules-scope': [ '3.2.1' ],
16 silly audit   'postcss-modules-values': [ '4.0.0' ],
16 silly audit   'postcss-selector-parser': [ '7.1.1' ],
16 silly audit   'postcss-value-parser': [ '4.2.0' ],
16 silly audit   'process-nextick-args': [ '2.0.1' ],
16 silly audit   'promise-inflight': [ '1.0.1' ],
16 silly audit   'promise-retry': [ '2.0.1' ],
16 silly audit   'proxy-addr': [ '2.0.7' ],
16 silly audit   prr: [ '1.0.1' ],
16 silly audit   punycode: [ '2.3.1' ],
16 silly audit   qs: [ '6.14.2' ],
16 silly audit   'queue-microtask': [ '1.2.3' ],
16 silly audit   raf: [ '3.4.1' ],
16 silly audit   randombytes: [ '2.1.0' ],
16 silly audit   'range-parser': [ '1.2.1' ],
16 silly audit   'raw-body': [ '2.5.3' ],
16 silly audit   'read-package-json': [ '7.0.1' ],
16 silly audit   'read-package-json-fast': [ '3.0.2' ],
16 silly audit   readdirp: [ '3.6.0' ],
16 silly audit   'reflect-metadata': [ '0.2.2' ],
16 silly audit   regenerate: [ '1.4.2' ],
16 silly audit   'regenerate-unicode-properties': [ '10.2.2' ],
16 silly audit   'regex-parser': [ '2.3.1' ],
16 silly audit   'regexpu-core': [ '6.4.0' ],
16 silly audit   regjsgen: [ '0.8.0' ],
16 silly audit   regjsparser: [ '0.13.1' ],
16 silly audit   'require-directory': [ '2.1.1' ],
16 silly audit   'require-from-string': [ '2.0.2' ],
16 silly audit   'requires-port': [ '1.0.0' ],
16 silly audit   'resolve-url-loader': [ '5.0.0' ],
16 silly audit   'restore-cursor': [ '3.1.0' ],
16 silly audit   reusify: [ '1.1.0' ],
16 silly audit   rgbcolor: [ '1.0.1' ],
16 silly audit   rimraf: [ '3.0.2' ],
16 silly audit   rollup: [ '4.60.1' ],
16 silly audit   'run-async': [ '3.0.0' ],
16 silly audit   'run-parallel': [ '1.2.0' ],
16 silly audit   'safer-buffer': [ '2.1.2' ],
16 silly audit   safevalues: [ '0.3.4' ],
16 silly audit   sass: [ '1.71.1' ],
16 silly audit   'sass-loader': [ '14.1.1' ],
16 silly audit   sax: [ '1.6.0' ],
16 silly audit   'schema-utils': [ '4.3.3', '3.3.0' ],
16 silly audit   'select-hose': [ '2.0.0' ],
16 silly audit   selfsigned: [ '2.4.1' ],
16 silly audit   send: [ '0.19.2' ],
16 silly audit   'serialize-javascript': [ '6.0.2' ],
16 silly audit   'serve-index': [ '1.9.2' ],
16 silly audit   statuses: [ '1.5.0', '2.0.2' ],
16 silly audit   'serve-static': [ '1.16.3' ],
16 silly audit   'set-function-length': [ '1.2.2' ],
16 silly audit   setprototypeof: [ '1.2.0' ],
16 silly audit   'shallow-clone': [ '3.0.1' ],
16 silly audit   'shebang-command': [ '2.0.0' ],
16 silly audit   'shebang-regex': [ '3.0.0' ],
16 silly audit   'shell-quote': [ '1.8.3' ],
16 silly audit   'side-channel': [ '1.1.0' ],
16 silly audit   'side-channel-list': [ '1.0.1' ],
16 silly audit   'side-channel-map': [ '1.0.1' ],
16 silly audit   'side-channel-weakmap': [ '1.0.2' ],
16 silly audit   sigstore: [ '2.3.1' ],
16 silly audit   slash: [ '4.0.0' ],
16 silly audit   'smart-buffer': [ '4.2.0' ],
16 silly audit   sockjs: [ '0.3.24' ],
16 silly audit   socks: [ '2.8.7' ],
16 silly audit   'socks-proxy-agent': [ '8.0.5' ],
16 silly audit   'source-map-js': [ '1.2.1' ],
16 silly audit   'source-map-loader': [ '5.0.0' ],
16 silly audit   'source-map-support': [ '0.5.21' ],
16 silly audit   'spdx-correct': [ '3.2.0' ],
16 silly audit   'spdx-exceptions': [ '2.5.0' ],
16 silly audit   'spdx-expression-parse': [ '3.0.1' ],
16 silly audit   'spdx-license-ids': [ '3.0.23' ],
16 silly audit   spdy: [ '4.0.2' ],
16 silly audit   'spdy-transport': [ '3.0.0' ],
16 silly audit   'sprintf-js': [ '1.0.3' ],
16 silly audit   ssri: [ '10.0.6' ],
16 silly audit   'stackblur-canvas': [ '2.7.0' ],
16 silly audit   'strip-final-newline': [ '2.0.0' ],
16 silly audit   'supports-preserve-symlinks-flag': [ '1.0.0' ],
16 silly audit   'svg-pathdata': [ '6.0.3' ],
16 silly audit   'symbol-observable': [ '4.0.0' ],
16 silly audit   tapable: [ '2.3.2' ],
16 silly audit   tar: [ '6.2.1' ],
16 silly audit   terser: [ '5.29.1', '5.46.1' ],
16 silly audit   'terser-webpack-plugin': [ '5.4.0' ],
16 silly audit   'test-exclude': [ '6.0.0' ],
16 silly audit   'text-segmentation': [ '1.0.3' ],
16 silly audit   thunky: [ '1.1.0' ],
16 silly audit   tinycolor2: [ '1.6.0' ],
16 silly audit   tinygradient: [ '1.1.5' ],
16 silly audit   tmp: [ '0.0.33' ],
16 silly audit   'to-regex-range': [ '5.0.1' ],
16 silly audit   toidentifier: [ '1.0.1' ],
16 silly audit   'tree-kill': [ '1.2.2' ],
16 silly audit   'tuf-js': [ '2.2.1' ],
16 silly audit   'type-fest': [ '0.21.3' ],
16 silly audit   'type-is': [ '1.6.18' ],
16 silly audit   'typed-assert': [ '1.0.9' ],
16 silly audit   typescript: [ '5.3.3' ],
16 silly audit   'undici-types': [ '5.26.5' ],
16 silly audit   'unicode-canonical-property-names-ecmascript': [ '2.0.1' ],
16 silly audit   'unicode-match-property-ecmascript': [ '2.0.0' ],
16 silly audit   'unicode-match-property-value-ecmascript': [ '2.2.1' ],
16 silly audit   'unicode-property-aliases-ecmascript': [ '2.2.0' ],
16 silly audit   'unique-filename': [ '3.0.0' ],
16 silly audit   'unique-slug': [ '4.0.0' ],
16 silly audit   unpipe: [ '1.0.0' ],
16 silly audit   'update-browserslist-db': [ '1.2.3' ],
16 silly audit   'uri-js': [ '4.4.1' ],
16 silly audit   'util-deprecate': [ '1.0.2' ],
16 silly audit   'utils-merge': [ '1.0.1' ],
16 silly audit   utrie: [ '1.0.2' ],
16 silly audit   uuid: [ '8.3.2' ],
16 silly audit   'validate-npm-package-license': [ '3.0.4' ],
16 silly audit   'validate-npm-package-name': [ '5.0.1' ],
16 silly audit   vary: [ '1.1.2' ],
16 silly audit   vite: [ '5.4.21' ],
16 silly audit   watchpack: [ '2.4.0', '2.5.1' ],
16 silly audit   wbuf: [ '1.7.3' ],
16 silly audit   wcwidth: [ '1.0.1' ],
16 silly audit   webpack: [ '5.94.0' ],
16 silly audit   'webpack-dev-middleware': [ '6.1.2', '5.3.4' ],
16 silly audit   'webpack-dev-server': [ '4.15.1' ],
16 silly audit   'webpack-merge': [ '5.10.0' ],
16 silly audit   'webpack-sources': [ '3.3.4' ],
16 silly audit   'webpack-subresource-integrity': [ '5.1.0' ],
16 silly audit   'websocket-driver': [ '0.7.4' ],
16 silly audit   'websocket-extensions': [ '0.1.4' ],
16 silly audit   wildcard: [ '2.0.1' ],
16 silly audit   wrappy: [ '1.0.2' ],
16 silly audit   ws: [ '8.20.0' ],
16 silly audit   y18n: [ '5.0.8' ],
16 silly audit   yargs: [ '17.7.2' ],
16 silly audit   'yargs-parser': [ '21.1.1' ],
16 silly audit   'yocto-queue': [ '1.2.2' ],
16 silly audit   'zone.js': [ '0.14.10' ]
16 silly audit }
17 verbose audit error FetchError: request to https://artifactory.gcp.mercadona.com/artifactory/api/npm/virtual-npm/-/npm/v1/security/advisories/bulk failed, reason: getaddrinfo ENOTFOUND artifactory.gcp.mercadona.com
17 verbose audit error     at ClientRequest.<anonymous> (/Users/ecipria/.nvm/versions/node/v24.12.0/lib/node_modules/npm/node_modules/minipass-fetch/lib/index.js:130:14)
17 verbose audit error     at ClientRequest.emit (node:events:508:28)
17 verbose audit error     at emitErrorEvent (node:_http_client:108:11)
17 verbose audit error     at _destroy (node:_http_client:962:9)
17 verbose audit error     at onSocketNT (node:_http_client:982:5)
17 verbose audit error     at process.processTicksAndRejections (node:internal/process/task_queues:90:21) {
17 verbose audit error   code: 'ENOTFOUND',
17 verbose audit error   errno: 'ENOTFOUND',
17 verbose audit error   syscall: 'getaddrinfo',
17 verbose audit error   hostname: 'artifactory.gcp.mercadona.com',
17 verbose audit error   type: 'system'
17 verbose audit error }
18 silly audit error undefined
19 silly audit report null
20 http cache zone.js@https://artifactory.gcp.mercadona.com/artifactory/api/npm/virtual-npm/zone.js/-/zone.js-0.14.10.tgz 0ms (cache hit)
21 http cache yargs-parser@https://artifactory.gcp.mercadona.com/artifactory/api/npm/virtual-npm/yargs-parser/-/yargs-parser-21.1.1.tgz 0ms (cache hit)
22 http cache yargs@https://artifactory.gcp.mercadona.com/artifactory/api/npm/virtual-npm/yargs/-/yargs-17.7.2.tgz 0ms (cache hit)
23 http cache y18n@https://artifactory.gcp.mercadona.com/artifactory/api/npm/virtual-npm/y18n/-/y18n-5.0.8.tgz 0ms (cache hit)
24 http cache ws@https://artifactory.gcp.mercadona.com/artifactory/api/npm/virtual-npm/ws/-/ws-8.20.0.tgz 0ms (cache hit)
25 http cache yocto-queue@https://artifactory.gcp.mercadona.com/artifactory/api/npm/virtual-npm/yocto-queue/-/yocto-queue-1.2.2.tgz 0ms (cache hit)
26 http cache wildcard@https://artifactory.gcp.mercadona.com/artifactory/api/npm/virtual-npm/wildcard/-/wildcard-2.0.1.tgz 0ms (cache hit)
27 http cache yallist@https://artifactory.gcp.mercadona.com/artifactory/api/npm/virtual-npm/yallist/-/yallist-3.1.1.tgz 0ms (cache hit)
28 http cache which@https://artifactory.gcp.mercadona.com/artifactory/api/npm/virtual-npm/which/-/which-4.0.0.tgz 0ms (cache hit)
29 http cache wrap-ansi@https://artifactory.gcp.mercadona.com/artifactory/api/npm/virtual-npm/wrap-ansi/-/wrap-ansi-6.2.0.tgz 0ms (cache hit)
30 http cache wrappy@https://artifactory.gcp.mercadona.com/artifactory/api/npm/virtual-npm/wrappy/-/wrappy-1.0.2.tgz 0ms (cache hit)
31 http cache websocket-extensions@https://artifactory.gcp.mercadona.com/artifactory/api/npm/virtual-npm/websocket-extensions/-/websocket-extensions-0.1.4.tgz 0ms (cache hit)
32 http cache websocket-driver@https://artifactory.gcp.mercadona.com/artifactory/api/npm/virtual-npm/websocket-driver/-/websocket-driver-0.7.4.tgz 0ms (cache hit)
33 http cache webpack-subresource-integrity@https://artifactory.gcp.mercadona.com/artifactory/api/npm/virtual-npm/webpack-subresource-integrity/-/webpack-subresource-integrity-5.1.0.tgz 0ms (cache hit)
34 http cache webpack-sources@https://artifactory.gcp.mercadona.com/artifactory/api/npm/virtual-npm/webpack-sources/-/webpack-sources-3.3.4.tgz 0ms (cache hit)
35 http cache webpack-merge@https://artifactory.gcp.mercadona.com/artifactory/api/npm/virtual-npm/webpack-merge/-/webpack-merge-5.10.0.tgz 0ms (cache hit)
36 http cache webpack-dev-server@https://artifactory.gcp.mercadona.com/artifactory/api/npm/virtual-npm/webpack-dev-server/-/webpack-dev-server-4.15.1.tgz 0ms (cache hit)
37 http cache webpack-dev-middleware@https://artifactory.gcp.mercadona.com/artifactory/api/npm/virtual-npm/webpack-dev-middleware/-/webpack-dev-middleware-6.1.2.tgz 0ms (cache hit)
38 http cache webpack@https://artifactory.gcp.mercadona.com/artifactory/api/npm/virtual-npm/webpack/-/webpack-5.94.0.tgz 0ms (cache hit)
39 http cache wrap-ansi-cjs@https://artifactory.gcp.mercadona.com/artifactory/api/npm/virtual-npm/wrap-ansi/-/wrap-ansi-7.0.0.tgz 0ms (cache hit)
40 http cache wcwidth@https://artifactory.gcp.mercadona.com/artifactory/api/npm/virtual-npm/wcwidth/-/wcwidth-1.0.1.tgz 0ms (cache hit)
41 http cache wbuf@https://artifactory.gcp.mercadona.com/artifactory/api/npm/virtual-npm/wbuf/-/wbuf-1.7.3.tgz 0ms (cache hit)
42 http cache watchpack@https://artifactory.gcp.mercadona.com/artifactory/api/npm/virtual-npm/watchpack/-/watchpack-2.4.0.tgz 0ms (cache hit)
43 http cache vite@https://artifactory.gcp.mercadona.com/artifactory/api/npm/virtual-npm/vite/-/vite-5.4.21.tgz 0ms (cache hit)
44 http cache vary@https://artifactory.gcp.mercadona.com/artifactory/api/npm/virtual-npm/vary/-/vary-1.1.2.tgz 0ms (cache hit)
45 http cache uuid@https://artifactory.gcp.mercadona.com/artifactory/api/npm/virtual-npm/uuid/-/uuid-8.3.2.tgz 0ms (cache hit)
46 http cache validate-npm-package-name@https://artifactory.gcp.mercadona.com/artifactory/api/npm/virtual-npm/validate-npm-package-name/-/validate-npm-package-name-5.0.1.tgz 0ms (cache hit)
47 http cache utrie@https://artifactory.gcp.mercadona.com/artifactory/api/npm/virtual-npm/utrie/-/utrie-1.0.2.tgz 0ms (cache hit)
48 http cache validate-npm-package-license@https://artifactory.gcp.mercadona.com/artifactory/api/npm/virtual-npm/validate-npm-package-license/-/validate-npm-package-license-3.0.4.tgz 0ms (cache hit)
49 http cache util-deprecate@https://artifactory.gcp.mercadona.com/artifactory/api/npm/virtual-npm/util-deprecate/-/util-deprecate-1.0.2.tgz 0ms (cache hit)
50 http cache utils-merge@https://artifactory.gcp.mercadona.com/artifactory/api/npm/virtual-npm/utils-merge/-/utils-merge-1.0.1.tgz 0ms (cache hit)
51 http cache unique-slug@https://artifactory.gcp.mercadona.com/artifactory/api/npm/virtual-npm/unique-slug/-/unique-slug-4.0.0.tgz 0ms (cache hit)
52 http cache unpipe@https://artifactory.gcp.mercadona.com/artifactory/api/npm/virtual-npm/unpipe/-/unpipe-1.0.0.tgz 0ms (cache hit)
53 http cache uri-js@https://artifactory.gcp.mercadona.com/artifactory/api/npm/virtual-npm/uri-js/-/uri-js-4.4.1.tgz 0ms (cache hit)
54 http cache update-browserslist-db@https://artifactory.gcp.mercadona.com/artifactory/api/npm/virtual-npm/update-browserslist-db/-/update-browserslist-db-1.2.3.tgz 0ms (cache hit)
55 http cache unicode-match-property-value-ecmascript@https://artifactory.gcp.mercadona.com/artifactory/api/npm/virtual-npm/unicode-match-property-value-ecmascript/-/unicode-match-property-value-ecmascript-2.2.1.tgz 0ms (cache hit)
56 http cache unicode-property-aliases-ecmascript@https://artifactory.gcp.mercadona.com/artifactory/api/npm/virtual-npm/unicode-property-aliases-ecmascript/-/unicode-property-aliases-ecmascript-2.2.0.tgz 0ms (cache hit)
57 http cache unicode-match-property-ecmascript@https://artifactory.gcp.mercadona.com/artifactory/api/npm/virtual-npm/unicode-match-property-ecmascript/-/unicode-match-property-ecmascript-2.0.0.tgz 0ms (cache hit)
58 http cache unique-filename@https://artifactory.gcp.mercadona.com/artifactory/api/npm/virtual-npm/unique-filename/-/unique-filename-3.0.0.tgz 0ms (cache hit)
59 http cache unicode-canonical-property-names-ecmascript@https://artifactory.gcp.mercadona.com/artifactory/api/npm/virtual-npm/unicode-canonical-property-names-ecmascript/-/unicode-canonical-property-names-ecmascript-2.0.1.tgz 0ms (cache hit)
60 http cache typed-assert@https://artifactory.gcp.mercadona.com/artifactory/api/npm/virtual-npm/typed-assert/-/typed-assert-1.0.9.tgz 0ms (cache hit)
61 http cache undici-types@https://artifactory.gcp.mercadona.com/artifactory/api/npm/virtual-npm/undici-types/-/undici-types-5.26.5.tgz 0ms (cache hit)
62 http cache typescript@https://artifactory.gcp.mercadona.com/artifactory/api/npm/virtual-npm/typescript/-/typescript-5.3.3.tgz 0ms (cache hit)
63 http cache type-is@https://artifactory.gcp.mercadona.com/artifactory/api/npm/virtual-npm/type-is/-/type-is-1.6.18.tgz 0ms (cache hit)
64 http cache type-fest@https://artifactory.gcp.mercadona.com/artifactory/api/npm/virtual-npm/type-fest/-/type-fest-0.21.3.tgz 0ms (cache hit)
65 http cache tuf-js@https://artifactory.gcp.mercadona.com/artifactory/api/npm/virtual-npm/tuf-js/-/tuf-js-2.2.1.tgz 0ms (cache hit)
66 http cache tree-kill@https://artifactory.gcp.mercadona.com/artifactory/api/npm/virtual-npm/tree-kill/-/tree-kill-1.2.2.tgz 0ms (cache hit)
67 http cache tslib@https://artifactory.gcp.mercadona.com/artifactory/api/npm/virtual-npm/tslib/-/tslib-2.8.1.tgz 0ms (cache hit)
68 http cache toidentifier@https://artifactory.gcp.mercadona.com/artifactory/api/npm/virtual-npm/toidentifier/-/toidentifier-1.0.1.tgz 0ms (cache hit)
69 http cache to-regex-range@https://artifactory.gcp.mercadona.com/artifactory/api/npm/virtual-npm/to-regex-range/-/to-regex-range-5.0.1.tgz 0ms (cache hit)
70 http cache tmp@https://artifactory.gcp.mercadona.com/artifactory/api/npm/virtual-npm/tmp/-/tmp-0.0.33.tgz 0ms (cache hit)
71 http cache tinycolor2@https://artifactory.gcp.mercadona.com/artifactory/api/npm/virtual-npm/tinycolor2/-/tinycolor2-1.6.0.tgz 0ms (cache hit)
72 http cache thunky@https://artifactory.gcp.mercadona.com/artifactory/api/npm/virtual-npm/thunky/-/thunky-1.1.0.tgz 0ms (cache hit)
73 http cache text-segmentation@https://artifactory.gcp.mercadona.com/artifactory/api/npm/virtual-npm/text-segmentation/-/text-segmentation-1.0.3.tgz 0ms (cache hit)
74 http cache tinygradient@https://artifactory.gcp.mercadona.com/artifactory/api/npm/virtual-npm/tinygradient/-/tinygradient-1.1.5.tgz 0ms (cache hit)
75 http cache terser-webpack-plugin@https://artifactory.gcp.mercadona.com/artifactory/api/npm/virtual-npm/terser-webpack-plugin/-/terser-webpack-plugin-5.4.0.tgz 0ms (cache hit)
76 http cache test-exclude@https://artifactory.gcp.mercadona.com/artifactory/api/npm/virtual-npm/test-exclude/-/test-exclude-6.0.0.tgz 0ms (cache hit)
77 http cache terser@https://artifactory.gcp.mercadona.com/artifactory/api/npm/virtual-npm/terser/-/terser-5.29.1.tgz 0ms (cache hit)
78 http cache tar@https://artifactory.gcp.mercadona.com/artifactory/api/npm/virtual-npm/tar/-/tar-6.2.1.tgz 0ms (cache hit)
79 http cache symbol-observable@https://artifactory.gcp.mercadona.com/artifactory/api/npm/virtual-npm/symbol-observable/-/symbol-observable-4.0.0.tgz 0ms (cache hit)
80 http cache supports-preserve-symlinks-flag@https://artifactory.gcp.mercadona.com/artifactory/api/npm/virtual-npm/supports-preserve-symlinks-flag/-/supports-preserve-symlinks-flag-1.0.0.tgz 0ms (cache hit)
81 http cache svg-pathdata@https://artifactory.gcp.mercadona.com/artifactory/api/npm/virtual-npm/svg-pathdata/-/svg-pathdata-6.0.3.tgz 0ms (cache hit)
82 http cache tapable@https://artifactory.gcp.mercadona.com/artifactory/api/npm/virtual-npm/tapable/-/tapable-2.3.2.tgz 0ms (cache hit)
83 http cache strip-ansi-cjs@https://artifactory.gcp.mercadona.com/artifactory/api/npm/virtual-npm/strip-ansi/-/strip-ansi-6.0.1.tgz 0ms (cache hit)
84 http cache strip-ansi@https://artifactory.gcp.mercadona.com/artifactory/api/npm/virtual-npm/strip-ansi/-/strip-ansi-6.0.1.tgz 0ms (cache hit)
85 http cache strip-final-newline@https://artifactory.gcp.mercadona.com/artifactory/api/npm/virtual-npm/strip-final-newline/-/strip-final-newline-2.0.0.tgz 0ms (cache hit)
86 http cache supports-color@https://artifactory.gcp.mercadona.com/artifactory/api/npm/virtual-npm/supports-color/-/supports-color-7.2.0.tgz 0ms (cache hit)
87 http cache string-width-cjs@https://artifactory.gcp.mercadona.com/artifactory/api/npm/virtual-npm/string-width/-/string-width-4.2.3.tgz 0ms (cache hit)
88 http cache string_decoder@https://artifactory.gcp.mercadona.com/artifactory/api/npm/virtual-npm/string_decoder/-/string_decoder-1.3.0.tgz 0ms (cache hit)
89 http cache string-width@https://artifactory.gcp.mercadona.com/artifactory/api/npm/virtual-npm/string-width/-/string-width-4.2.3.tgz 0ms (cache hit)
90 http cache stackblur-canvas@https://artifactory.gcp.mercadona.com/artifactory/api/npm/virtual-npm/stackblur-canvas/-/stackblur-canvas-2.7.0.tgz 0ms (cache hit)
91 http cache ssri@https://artifactory.gcp.mercadona.com/artifactory/api/npm/virtual-npm/ssri/-/ssri-10.0.6.tgz 0ms (cache hit)
92 http cache sprintf-js@https://artifactory.gcp.mercadona.com/artifactory/api/npm/virtual-npm/sprintf-js/-/sprintf-js-1.0.3.tgz 0ms (cache hit)
93 http cache spdy-transport@https://artifactory.gcp.mercadona.com/artifactory/api/npm/virtual-npm/spdy-transport/-/spdy-transport-3.0.0.tgz 0ms (cache hit)
94 http cache statuses@https://artifactory.gcp.mercadona.com/artifactory/api/npm/virtual-npm/statuses/-/statuses-2.0.2.tgz 0ms (cache hit)
95 http cache spdx-license-ids@https://artifactory.gcp.mercadona.com/artifactory/api/npm/virtual-npm/spdx-license-ids/-/spdx-license-ids-3.0.23.tgz 0ms (cache hit)
96 http cache spdy@https://artifactory.gcp.mercadona.com/artifactory/api/npm/virtual-npm/spdy/-/spdy-4.0.2.tgz 0ms (cache hit)
97 http cache spdx-correct@https://artifactory.gcp.mercadona.com/artifactory/api/npm/virtual-npm/spdx-correct/-/spdx-correct-3.2.0.tgz 0ms (cache hit)
98 http cache source-map-support@https://artifactory.gcp.mercadona.com/artifactory/api/npm/virtual-npm/source-map-support/-/source-map-support-0.5.21.tgz 0ms (cache hit)
99 http cache spdx-exceptions@https://artifactory.gcp.mercadona.com/artifactory/api/npm/virtual-npm/spdx-exceptions/-/spdx-exceptions-2.5.0.tgz 0ms (cache hit)
100 http cache source-map-loader@https://artifactory.gcp.mercadona.com/artifactory/api/npm/virtual-npm/source-map-loader/-/source-map-loader-5.0.0.tgz 0ms (cache hit)
101 http cache source-map-js@https://artifactory.gcp.mercadona.com/artifactory/api/npm/virtual-npm/source-map-js/-/source-map-js-1.2.1.tgz 0ms (cache hit)
102 http cache spdx-expression-parse@https://artifactory.gcp.mercadona.com/artifactory/api/npm/virtual-npm/spdx-expression-parse/-/spdx-expression-parse-3.0.1.tgz 0ms (cache hit)
103 http cache source-map@https://artifactory.gcp.mercadona.com/artifactory/api/npm/virtual-npm/source-map/-/source-map-0.7.4.tgz 0ms (cache hit)
104 http cache socks-proxy-agent@https://artifactory.gcp.mercadona.com/artifactory/api/npm/virtual-npm/socks-proxy-agent/-/socks-proxy-agent-8.0.5.tgz 0ms (cache hit)
105 http cache socks@https://artifactory.gcp.mercadona.com/artifactory/api/npm/virtual-npm/socks/-/socks-2.8.7.tgz 0ms (cache hit)
106 http cache smart-buffer@https://artifactory.gcp.mercadona.com/artifactory/api/npm/virtual-npm/smart-buffer/-/smart-buffer-4.2.0.tgz 0ms (cache hit)
107 http cache sockjs@https://artifactory.gcp.mercadona.com/artifactory/api/npm/virtual-npm/sockjs/-/sockjs-0.3.24.tgz 0ms (cache hit)
108 http cache sigstore@https://artifactory.gcp.mercadona.com/artifactory/api/npm/virtual-npm/sigstore/-/sigstore-2.3.1.tgz 0ms (cache hit)
109 http cache slash@https://artifactory.gcp.mercadona.com/artifactory/api/npm/virtual-npm/slash/-/slash-4.0.0.tgz 0ms (cache hit)
110 http cache side-channel-weakmap@https://artifactory.gcp.mercadona.com/artifactory/api/npm/virtual-npm/side-channel-weakmap/-/side-channel-weakmap-1.0.2.tgz 0ms (cache hit)
111 http cache signal-exit@https://artifactory.gcp.mercadona.com/artifactory/api/npm/virtual-npm/signal-exit/-/signal-exit-4.1.0.tgz 0ms (cache hit)
112 http cache side-channel-list@https://artifactory.gcp.mercadona.com/artifactory/api/npm/virtual-npm/side-channel-list/-/side-channel-list-1.0.1.tgz 0ms (cache hit)
113 http cache side-channel-map@https://artifactory.gcp.mercadona.com/artifactory/api/npm/virtual-npm/side-channel-map/-/side-channel-map-1.0.1.tgz 0ms (cache hit)
114 http cache shell-quote@https://artifactory.gcp.mercadona.com/artifactory/api/npm/virtual-npm/shell-quote/-/shell-quote-1.8.3.tgz 0ms (cache hit)
115 http cache side-channel@https://artifactory.gcp.mercadona.com/artifactory/api/npm/virtual-npm/side-channel/-/side-channel-1.1.0.tgz 0ms (cache hit)
116 http cache shebang-command@https://artifactory.gcp.mercadona.com/artifactory/api/npm/virtual-npm/shebang-command/-/shebang-command-2.0.0.tgz 0ms (cache hit)
117 http cache shebang-regex@https://artifactory.gcp.mercadona.com/artifactory/api/npm/virtual-npm/shebang-regex/-/shebang-regex-3.0.0.tgz 0ms (cache hit)
118 http cache shallow-clone@https://artifactory.gcp.mercadona.com/artifactory/api/npm/virtual-npm/shallow-clone/-/shallow-clone-3.0.1.tgz 0ms (cache hit)
119 http cache set-function-length@https://artifactory.gcp.mercadona.com/artifactory/api/npm/virtual-npm/set-function-length/-/set-function-length-1.2.2.tgz 0ms (cache hit)
120 http cache serve-index@https://artifactory.gcp.mercadona.com/artifactory/api/npm/virtual-npm/serve-index/-/serve-index-1.9.2.tgz 0ms (cache hit)
121 http cache serve-static@https://artifactory.gcp.mercadona.com/artifactory/api/npm/virtual-npm/serve-static/-/serve-static-1.16.3.tgz 0ms (cache hit)
122 http cache send@https://artifactory.gcp.mercadona.com/artifactory/api/npm/virtual-npm/send/-/send-0.19.2.tgz 0ms (cache hit)
123 http cache setprototypeof@https://artifactory.gcp.mercadona.com/artifactory/api/npm/virtual-npm/setprototypeof/-/setprototypeof-1.2.0.tgz 0ms (cache hit)
124 http cache semver@https://artifactory.gcp.mercadona.com/artifactory/api/npm/virtual-npm/semver/-/semver-7.6.0.tgz 0ms (cache hit)
125 http cache serialize-javascript@https://artifactory.gcp.mercadona.com/artifactory/api/npm/virtual-npm/serialize-javascript/-/serialize-javascript-6.0.2.tgz 0ms (cache hit)
126 http cache selfsigned@https://artifactory.gcp.mercadona.com/artifactory/api/npm/virtual-npm/selfsigned/-/selfsigned-2.4.1.tgz 0ms (cache hit)
127 http cache select-hose@https://artifactory.gcp.mercadona.com/artifactory/api/npm/virtual-npm/select-hose/-/select-hose-2.0.0.tgz 0ms (cache hit)
128 http cache sass-loader@https://artifactory.gcp.mercadona.com/artifactory/api/npm/virtual-npm/sass-loader/-/sass-loader-14.1.1.tgz 0ms (cache hit)
129 http cache sax@https://artifactory.gcp.mercadona.com/artifactory/api/npm/virtual-npm/sax/-/sax-1.6.0.tgz 0ms (cache hit)
130 http cache schema-utils@https://artifactory.gcp.mercadona.com/artifactory/api/npm/virtual-npm/schema-utils/-/schema-utils-4.3.3.tgz 0ms (cache hit)
131 http cache safevalues@https://artifactory.gcp.mercadona.com/artifactory/api/npm/virtual-npm/safevalues/-/safevalues-0.3.4.tgz 0ms (cache hit)
132 http cache sass@https://artifactory.gcp.mercadona.com/artifactory/api/npm/virtual-npm/sass/-/sass-1.71.1.tgz 0ms (cache hit)
133 http cache safe-buffer@https://artifactory.gcp.mercadona.com/artifactory/api/npm/virtual-npm/safe-buffer/-/safe-buffer-5.2.1.tgz 0ms (cache hit)
134 http cache run-parallel@https://artifactory.gcp.mercadona.com/artifactory/api/npm/virtual-npm/run-parallel/-/run-parallel-1.2.0.tgz 0ms (cache hit)
135 http cache rxjs@https://artifactory.gcp.mercadona.com/artifactory/api/npm/virtual-npm/rxjs/-/rxjs-7.8.2.tgz 0ms (cache hit)
136 http cache safer-buffer@https://artifactory.gcp.mercadona.com/artifactory/api/npm/virtual-npm/safer-buffer/-/safer-buffer-2.1.2.tgz 0ms (cache hit)
137 http cache rimraf@https://artifactory.gcp.mercadona.com/artifactory/api/npm/virtual-npm/rimraf/-/rimraf-3.0.2.tgz 0ms (cache hit)
138 http cache rgbcolor@https://artifactory.gcp.mercadona.com/artifactory/api/npm/virtual-npm/rgbcolor/-/rgbcolor-1.0.1.tgz 0ms (cache hit)
139 http cache run-async@https://artifactory.gcp.mercadona.com/artifactory/api/npm/virtual-npm/run-async/-/run-async-3.0.0.tgz 0ms (cache hit)
140 http cache reusify@https://artifactory.gcp.mercadona.com/artifactory/api/npm/virtual-npm/reusify/-/reusify-1.1.0.tgz 0ms (cache hit)
141 http cache retry@https://artifactory.gcp.mercadona.com/artifactory/api/npm/virtual-npm/retry/-/retry-0.12.0.tgz 0ms (cache hit)
142 http cache resolve-from@https://artifactory.gcp.mercadona.com/artifactory/api/npm/virtual-npm/resolve-from/-/resolve-from-5.0.0.tgz 0ms (cache hit)
143 http cache rollup@https://artifactory.gcp.mercadona.com/artifactory/api/npm/virtual-npm/rollup/-/rollup-4.60.1.tgz 0ms (cache hit)
144 http cache resolve@https://artifactory.gcp.mercadona.com/artifactory/api/npm/virtual-npm/resolve/-/resolve-1.22.8.tgz 0ms (cache hit)
145 http cache resolve-url-loader@https://artifactory.gcp.mercadona.com/artifactory/api/npm/virtual-npm/resolve-url-loader/-/resolve-url-loader-5.0.0.tgz 0ms (cache hit)
146 http cache requires-port@https://artifactory.gcp.mercadona.com/artifactory/api/npm/virtual-npm/requires-port/-/requires-port-1.0.0.tgz 0ms (cache hit)
147 http cache restore-cursor@https://artifactory.gcp.mercadona.com/artifactory/api/npm/virtual-npm/restore-cursor/-/restore-cursor-3.1.0.tgz 0ms (cache hit)
148 http cache regjsgen@https://artifactory.gcp.mercadona.com/artifactory/api/npm/virtual-npm/regjsgen/-/regjsgen-0.8.0.tgz 0ms (cache hit)
149 http cache regjsparser@https://artifactory.gcp.mercadona.com/artifactory/api/npm/virtual-npm/regjsparser/-/regjsparser-0.13.1.tgz 0ms (cache hit)
150 http cache require-directory@https://artifactory.gcp.mercadona.com/artifactory/api/npm/virtual-npm/require-directory/-/require-directory-2.1.1.tgz 0ms (cache hit)
151 http cache require-from-string@https://artifactory.gcp.mercadona.com/artifactory/api/npm/virtual-npm/require-from-string/-/require-from-string-2.0.2.tgz 0ms (cache hit)
152 http cache regexpu-core@https://artifactory.gcp.mercadona.com/artifactory/api/npm/virtual-npm/regexpu-core/-/regexpu-core-6.4.0.tgz 0ms (cache hit)
153 http cache regenerator-runtime@https://artifactory.gcp.mercadona.com/artifactory/api/npm/virtual-npm/regenerator-runtime/-/regenerator-runtime-0.14.1.tgz 0ms (cache hit)
154 http cache reflect-metadata@https://artifactory.gcp.mercadona.com/artifactory/api/npm/virtual-npm/reflect-metadata/-/reflect-metadata-0.2.2.tgz 0ms (cache hit)
155 http cache regenerate@https://artifactory.gcp.mercadona.com/artifactory/api/npm/virtual-npm/regenerate/-/regenerate-1.4.2.tgz 0ms (cache hit)
156 http cache readdirp@https://artifactory.gcp.mercadona.com/artifactory/api/npm/virtual-npm/readdirp/-/readdirp-3.6.0.tgz 0ms (cache hit)
157 http cache regenerate-unicode-properties@https://artifactory.gcp.mercadona.com/artifactory/api/npm/virtual-npm/regenerate-unicode-properties/-/regenerate-unicode-properties-10.2.2.tgz 0ms (cache hit)
158 http cache read-package-json-fast@https://artifactory.gcp.mercadona.com/artifactory/api/npm/virtual-npm/read-package-json-fast/-/read-package-json-fast-3.0.2.tgz 0ms (cache hit)
159 http cache raw-body@https://artifactory.gcp.mercadona.com/artifactory/api/npm/virtual-npm/raw-body/-/raw-body-2.5.3.tgz 0ms (cache hit)
160 http cache readable-stream@https://artifactory.gcp.mercadona.com/artifactory/api/npm/virtual-npm/readable-stream/-/readable-stream-3.6.2.tgz 0ms (cache hit)
161 http cache regex-parser@https://artifactory.gcp.mercadona.com/artifactory/api/npm/virtual-npm/regex-parser/-/regex-parser-2.3.1.tgz 0ms (cache hit)
162 http cache read-package-json@https://artifactory.gcp.mercadona.com/artifactory/api/npm/virtual-npm/read-package-json/-/read-package-json-7.0.1.tgz 0ms (cache hit)
163 http cache queue-microtask@https://artifactory.gcp.mercadona.com/artifactory/api/npm/virtual-npm/queue-microtask/-/queue-microtask-1.2.3.tgz 0ms (cache hit)
164 http cache raf@https://artifactory.gcp.mercadona.com/artifactory/api/npm/virtual-npm/raf/-/raf-3.4.1.tgz 0ms (cache hit)
165 http cache punycode@https://artifactory.gcp.mercadona.com/artifactory/api/npm/virtual-npm/punycode/-/punycode-2.3.1.tgz 0ms (cache hit)
166 http cache qs@https://artifactory.gcp.mercadona.com/artifactory/api/npm/virtual-npm/qs/-/qs-6.14.2.tgz 0ms (cache hit)
167 http cache randombytes@https://artifactory.gcp.mercadona.com/artifactory/api/npm/virtual-npm/randombytes/-/randombytes-2.1.0.tgz 0ms (cache hit)
168 http cache proxy-addr@https://artifactory.gcp.mercadona.com/artifactory/api/npm/virtual-npm/proxy-addr/-/proxy-addr-2.0.7.tgz 0ms (cache hit)
169 http cache prr@https://artifactory.gcp.mercadona.com/artifactory/api/npm/virtual-npm/prr/-/prr-1.0.1.tgz 0ms (cache hit)
170 http cache range-parser@https://artifactory.gcp.mercadona.com/artifactory/api/npm/virtual-npm/range-parser/-/range-parser-1.2.1.tgz 0ms (cache hit)
171 http cache promise-inflight@https://artifactory.gcp.mercadona.com/artifactory/api/npm/virtual-npm/promise-inflight/-/promise-inflight-1.0.1.tgz 0ms (cache hit)
172 http cache postcss-value-parser@https://artifactory.gcp.mercadona.com/artifactory/api/npm/virtual-npm/postcss-value-parser/-/postcss-value-parser-4.2.0.tgz 0ms (cache hit)
173 http cache promise-retry@https://artifactory.gcp.mercadona.com/artifactory/api/npm/virtual-npm/promise-retry/-/promise-retry-2.0.1.tgz 0ms (cache hit)
174 http cache proc-log@https://artifactory.gcp.mercadona.com/artifactory/api/npm/virtual-npm/proc-log/-/proc-log-3.0.0.tgz 0ms (cache hit)
175 http cache postcss-modules-values@https://artifactory.gcp.mercadona.com/artifactory/api/npm/virtual-npm/postcss-modules-values/-/postcss-modules-values-4.0.0.tgz 0ms (cache hit)
176 http cache process-nextick-args@https://artifactory.gcp.mercadona.com/artifactory/api/npm/virtual-npm/process-nextick-args/-/process-nextick-args-2.0.1.tgz 0ms (cache hit)
177 http cache postcss-modules-scope@https://artifactory.gcp.mercadona.com/artifactory/api/npm/virtual-npm/postcss-modules-scope/-/postcss-modules-scope-3.2.1.tgz 0ms (cache hit)
178 http cache postcss-modules-extract-imports@https://artifactory.gcp.mercadona.com/artifactory/api/npm/virtual-npm/postcss-modules-extract-imports/-/postcss-modules-extract-imports-3.1.0.tgz 0ms (cache hit)
179 http cache postcss-selector-parser@https://artifactory.gcp.mercadona.com/artifactory/api/npm/virtual-npm/postcss-selector-parser/-/postcss-selector-parser-7.1.1.tgz 0ms (cache hit)
180 http cache postcss-modules-local-by-default@https://artifactory.gcp.mercadona.com/artifactory/api/npm/virtual-npm/postcss-modules-local-by-default/-/postcss-modules-local-by-default-4.2.0.tgz 0ms (cache hit)
181 http cache postcss-media-query-parser@https://artifactory.gcp.mercadona.com/artifactory/api/npm/virtual-npm/postcss-media-query-parser/-/postcss-media-query-parser-0.2.3.tgz 0ms (cache hit)
182 http cache postcss-loader@https://artifactory.gcp.mercadona.com/artifactory/api/npm/virtual-npm/postcss-loader/-/postcss-loader-8.1.1.tgz 0ms (cache hit)
183 http cache postcss@https://artifactory.gcp.mercadona.com/artifactory/api/npm/virtual-npm/postcss/-/postcss-8.4.35.tgz 0ms (cache hit)
184 http cache piscina@https://artifactory.gcp.mercadona.com/artifactory/api/npm/virtual-npm/piscina/-/piscina-4.4.0.tgz 0ms (cache hit)
185 http cache pkg-dir@https://artifactory.gcp.mercadona.com/artifactory/api/npm/virtual-npm/pkg-dir/-/pkg-dir-7.0.0.tgz 0ms (cache hit)
186 http cache pify@https://artifactory.gcp.mercadona.com/artifactory/api/npm/virtual-npm/pify/-/pify-4.0.1.tgz 0ms (cache hit)
187 http cache path-type@https://artifactory.gcp.mercadona.com/artifactory/api/npm/virtual-npm/path-type/-/path-type-4.0.0.tgz 0ms (cache hit)
188 http cache picocolors@https://artifactory.gcp.mercadona.com/artifactory/api/npm/virtual-npm/picocolors/-/picocolors-1.1.1.tgz 0ms (cache hit)
189 http cache path-to-regexp@https://artifactory.gcp.mercadona.com/artifactory/api/npm/virtual-npm/path-to-regexp/-/path-to-regexp-0.1.13.tgz 0ms (cache hit)
190 http cache path-scurry@https://artifactory.gcp.mercadona.com/artifactory/api/npm/virtual-npm/path-scurry/-/path-scurry-1.11.1.tgz 0ms (cache hit)
191 http cache path-parse@https://artifactory.gcp.mercadona.com/artifactory/api/npm/virtual-npm/path-parse/-/path-parse-1.0.7.tgz 0ms (cache hit)
192 http cache path-key@https://artifactory.gcp.mercadona.com/artifactory/api/npm/virtual-npm/path-key/-/path-key-3.1.1.tgz 0ms (cache hit)
193 http cache picomatch@https://artifactory.gcp.mercadona.com/artifactory/api/npm/virtual-npm/picomatch/-/picomatch-4.0.1.tgz 0ms (cache hit)
194 http cache parseurl@https://artifactory.gcp.mercadona.com/artifactory/api/npm/virtual-npm/parseurl/-/parseurl-1.3.3.tgz 0ms (cache hit)
195 http cache path-is-absolute@https://artifactory.gcp.mercadona.com/artifactory/api/npm/virtual-npm/path-is-absolute/-/path-is-absolute-1.0.1.tgz 0ms (cache hit)
196 http cache performance-now@https://artifactory.gcp.mercadona.com/artifactory/api/npm/virtual-npm/performance-now/-/performance-now-2.1.0.tgz 0ms (cache hit)
197 http cache path-exists@https://artifactory.gcp.mercadona.com/artifactory/api/npm/virtual-npm/path-exists/-/path-exists-4.0.0.tgz 0ms (cache hit)
198 http cache parse5@https://artifactory.gcp.mercadona.com/artifactory/api/npm/virtual-npm/parse5/-/parse5-7.3.0.tgz 0ms (cache hit)
199 http cache parse5-html-rewriting-stream@https://artifactory.gcp.mercadona.com/artifactory/api/npm/virtual-npm/parse5-html-rewriting-stream/-/parse5-html-rewriting-stream-7.0.0.tgz 0ms (cache hit)
200 http cache parse-json@https://artifactory.gcp.mercadona.com/artifactory/api/npm/virtual-npm/parse-json/-/parse-json-5.2.0.tgz 0ms (cache hit)
201 http cache parse5-sax-parser@https://artifactory.gcp.mercadona.com/artifactory/api/npm/virtual-npm/parse5-sax-parser/-/parse5-sax-parser-7.0.0.tgz 0ms (cache hit)
202 http cache parse-node-version@https://artifactory.gcp.mercadona.com/artifactory/api/npm/virtual-npm/parse-node-version/-/parse-node-version-1.0.1.tgz 0ms (cache hit)
203 http cache parent-module@https://artifactory.gcp.mercadona.com/artifactory/api/npm/virtual-npm/parent-module/-/parent-module-1.0.1.tgz 0ms (cache hit)
204 http cache pako@https://artifactory.gcp.mercadona.com/artifactory/api/npm/virtual-npm/pako/-/pako-2.1.0.tgz 0ms (cache hit)
205 http cache p-retry@https://artifactory.gcp.mercadona.com/artifactory/api/npm/virtual-npm/p-retry/-/p-retry-4.6.2.tgz 0ms (cache hit)
206 http cache p-try@https://artifactory.gcp.mercadona.com/artifactory/api/npm/virtual-npm/p-try/-/p-try-2.2.0.tgz 0ms (cache hit)
207 http cache p-map@https://artifactory.gcp.mercadona.com/artifactory/api/npm/virtual-npm/p-map/-/p-map-4.0.0.tgz 0ms (cache hit)
208 http cache p-locate@https://artifactory.gcp.mercadona.com/artifactory/api/npm/virtual-npm/p-locate/-/p-locate-4.1.0.tgz 0ms (cache hit)
209 http cache os-tmpdir@https://artifactory.gcp.mercadona.com/artifactory/api/npm/virtual-npm/os-tmpdir/-/os-tmpdir-1.0.2.tgz 0ms (cache hit)
210 http cache p-limit@https://artifactory.gcp.mercadona.com/artifactory/api/npm/virtual-npm/p-limit/-/p-limit-2.3.0.tgz 0ms (cache hit)
211 http cache ora@https://artifactory.gcp.mercadona.com/artifactory/api/npm/virtual-npm/ora/-/ora-5.4.1.tgz 0ms (cache hit)
212 http cache pacote@https://artifactory.gcp.mercadona.com/artifactory/api/npm/virtual-npm/pacote/-/pacote-17.0.6.tgz 0ms (cache hit)
213 http cache open@https://artifactory.gcp.mercadona.com/artifactory/api/npm/virtual-npm/open/-/open-8.4.2.tgz 0ms (cache hit)
214 http cache once@https://artifactory.gcp.mercadona.com/artifactory/api/npm/virtual-npm/once/-/once-1.4.0.tgz 0ms (cache hit)
215 http cache package-json-from-dist@https://artifactory.gcp.mercadona.com/artifactory/api/npm/virtual-npm/package-json-from-dist/-/package-json-from-dist-1.0.1.tgz 0ms (cache hit)
216 http cache onetime@https://artifactory.gcp.mercadona.com/artifactory/api/npm/virtual-npm/onetime/-/onetime-5.1.2.tgz 0ms (cache hit)
217 http cache on-finished@https://artifactory.gcp.mercadona.com/artifactory/api/npm/virtual-npm/on-finished/-/on-finished-2.4.1.tgz 0ms (cache hit)
218 http cache object-inspect@https://artifactory.gcp.mercadona.com/artifactory/api/npm/virtual-npm/object-inspect/-/object-inspect-1.13.4.tgz 0ms (cache hit)
219 http cache on-headers@https://artifactory.gcp.mercadona.com/artifactory/api/npm/virtual-npm/on-headers/-/on-headers-1.1.0.tgz 0ms (cache hit)
220 http cache npm-run-path@https://artifactory.gcp.mercadona.com/artifactory/api/npm/virtual-npm/npm-run-path/-/npm-run-path-4.0.1.tgz 0ms (cache hit)
221 http cache nth-check@https://artifactory.gcp.mercadona.com/artifactory/api/npm/virtual-npm/nth-check/-/nth-check-2.1.1.tgz 0ms (cache hit)
222 http cache npm-pick-manifest@https://artifactory.gcp.mercadona.com/artifactory/api/npm/virtual-npm/npm-pick-manifest/-/npm-pick-manifest-9.0.0.tgz 0ms (cache hit)
223 http cache npm-registry-fetch@https://artifactory.gcp.mercadona.com/artifactory/api/npm/virtual-npm/npm-registry-fetch/-/npm-registry-fetch-16.2.1.tgz 0ms (cache hit)
224 http cache npm-packlist@https://artifactory.gcp.mercadona.com/artifactory/api/npm/virtual-npm/npm-packlist/-/npm-packlist-8.0.2.tgz 0ms (cache hit)
225 http cache npm-normalize-package-bin@https://artifactory.gcp.mercadona.com/artifactory/api/npm/virtual-npm/npm-normalize-package-bin/-/npm-normalize-package-bin-3.0.1.tgz 0ms (cache hit)
226 http cache npm-package-arg@https://artifactory.gcp.mercadona.com/artifactory/api/npm/virtual-npm/npm-package-arg/-/npm-package-arg-11.0.1.tgz 0ms (cache hit)
227 http cache npm-install-checks@https://artifactory.gcp.mercadona.com/artifactory/api/npm/virtual-npm/npm-install-checks/-/npm-install-checks-6.3.0.tgz 0ms (cache hit)
228 http cache normalize-range@https://artifactory.gcp.mercadona.com/artifactory/api/npm/virtual-npm/normalize-range/-/normalize-range-0.1.2.tgz 0ms (cache hit)
229 http cache npm-bundled@https://artifactory.gcp.mercadona.com/artifactory/api/npm/virtual-npm/npm-bundled/-/npm-bundled-3.0.1.tgz 0ms (cache hit)
230 http cache normalize-package-data@https://artifactory.gcp.mercadona.com/artifactory/api/npm/virtual-npm/normalize-package-data/-/normalize-package-data-6.0.2.tgz 0ms (cache hit)
231 http cache nopt@https://artifactory.gcp.mercadona.com/artifactory/api/npm/virtual-npm/nopt/-/nopt-7.2.1.tgz 0ms (cache hit)
232 http cache node-releases@https://artifactory.gcp.mercadona.com/artifactory/api/npm/virtual-npm/node-releases/-/node-releases-2.0.37.tgz 0ms (cache hit)
233 http cache node-gyp@https://artifactory.gcp.mercadona.com/artifactory/api/npm/virtual-npm/node-gyp/-/node-gyp-10.3.1.tgz 0ms (cache hit)
234 http cache node-gyp-build@https://artifactory.gcp.mercadona.com/artifactory/api/npm/virtual-npm/node-gyp-build/-/node-gyp-build-4.8.4.tgz 0ms (cache hit)
235 http cache node-addon-api@https://artifactory.gcp.mercadona.com/artifactory/api/npm/virtual-npm/node-addon-api/-/node-addon-api-3.2.1.tgz 0ms (cache hit)
236 http cache nice-napi@https://artifactory.gcp.mercadona.com/artifactory/api/npm/virtual-npm/nice-napi/-/nice-napi-1.0.2.tgz 0ms (cache hit)
237 http cache neo-async@https://artifactory.gcp.mercadona.com/artifactory/api/npm/virtual-npm/neo-async/-/neo-async-2.6.2.tgz 0ms (cache hit)
238 http cache normalize-path@https://artifactory.gcp.mercadona.com/artifactory/api/npm/virtual-npm/normalize-path/-/normalize-path-3.0.0.tgz 0ms (cache hit)
239 http cache negotiator@https://artifactory.gcp.mercadona.com/artifactory/api/npm/virtual-npm/negotiator/-/negotiator-0.6.4.tgz 0ms (cache hit)
240 http cache obuf@https://artifactory.gcp.mercadona.com/artifactory/api/npm/virtual-npm/obuf/-/obuf-1.1.2.tgz 0ms (cache hit)
241 http cache ng2-charts@https://artifactory.gcp.mercadona.com/artifactory/api/npm/virtual-npm/ng2-charts/-/ng2-charts-6.0.1.tgz 0ms (cache hit)
242 http cache needle@https://artifactory.gcp.mercadona.com/artifactory/api/npm/virtual-npm/needle/-/needle-3.5.0.tgz 0ms (cache hit)
243 http cache nanoid@https://artifactory.gcp.mercadona.com/artifactory/api/npm/virtual-npm/nanoid/-/nanoid-3.3.11.tgz 0ms (cache hit)
244 http cache multicast-dns@https://artifactory.gcp.mercadona.com/artifactory/api/npm/virtual-npm/multicast-dns/-/multicast-dns-7.2.5.tgz 0ms (cache hit)
245 http cache mute-stream@https://artifactory.gcp.mercadona.com/artifactory/api/npm/virtual-npm/mute-stream/-/mute-stream-1.0.0.tgz 0ms (cache hit)
246 http cache mkdirp@https://artifactory.gcp.mercadona.com/artifactory/api/npm/virtual-npm/mkdirp/-/mkdirp-1.0.4.tgz 0ms (cache hit)
247 http cache minipass-sized@https://artifactory.gcp.mercadona.com/artifactory/api/npm/virtual-npm/minipass-sized/-/minipass-sized-1.0.3.tgz 0ms (cache hit)
248 http cache minizlib@https://artifactory.gcp.mercadona.com/artifactory/api/npm/virtual-npm/minizlib/-/minizlib-2.1.2.tgz 0ms (cache hit)
249 http cache ms@https://artifactory.gcp.mercadona.com/artifactory/api/npm/virtual-npm/ms/-/ms-2.1.3.tgz 0ms (cache hit)
250 http cache mrmime@https://artifactory.gcp.mercadona.com/artifactory/api/npm/virtual-npm/mrmime/-/mrmime-2.0.0.tgz 0ms (cache hit)
251 http cache minipass-json-stream@https://artifactory.gcp.mercadona.com/artifactory/api/npm/virtual-npm/minipass-json-stream/-/minipass-json-stream-1.0.2.tgz 0ms (cache hit)
252 http cache minipass-pipeline@https://artifactory.gcp.mercadona.com/artifactory/api/npm/virtual-npm/minipass-pipeline/-/minipass-pipeline-1.2.4.tgz 0ms (cache hit)
253 http cache minipass-collect@https://artifactory.gcp.mercadona.com/artifactory/api/npm/virtual-npm/minipass-collect/-/minipass-collect-2.0.1.tgz 0ms (cache hit)
254 http cache minipass-fetch@https://artifactory.gcp.mercadona.com/artifactory/api/npm/virtual-npm/minipass-fetch/-/minipass-fetch-3.0.5.tgz 0ms (cache hit)
255 http cache minipass-flush@https://artifactory.gcp.mercadona.com/artifactory/api/npm/virtual-npm/minipass-flush/-/minipass-flush-1.0.7.tgz 0ms (cache hit)
256 http cache node-forge@https://artifactory.gcp.mercadona.com/artifactory/api/npm/virtual-npm/node-forge/-/node-forge-1.4.0.tgz 0ms (cache hit)
257 http cache minipass@https://artifactory.gcp.mercadona.com/artifactory/api/npm/virtual-npm/minipass/-/minipass-7.1.3.tgz 0ms (cache hit)
258 http cache minimalistic-assert@https://artifactory.gcp.mercadona.com/artifactory/api/npm/virtual-npm/minimalistic-assert/-/minimalistic-assert-1.0.1.tgz 0ms (cache hit)
259 http cache mini-css-extract-plugin@https://artifactory.gcp.mercadona.com/artifactory/api/npm/virtual-npm/mini-css-extract-plugin/-/mini-css-extract-plugin-2.8.1.tgz 0ms (cache hit)
260 http cache minimatch@https://artifactory.gcp.mercadona.com/artifactory/api/npm/virtual-npm/minimatch/-/minimatch-9.0.9.tgz 0ms (cache hit)
261 http cache mime-db@https://artifactory.gcp.mercadona.com/artifactory/api/npm/virtual-npm/mime-db/-/mime-db-1.52.0.tgz 0ms (cache hit)
262 http cache mimic-fn@https://artifactory.gcp.mercadona.com/artifactory/api/npm/virtual-npm/mimic-fn/-/mimic-fn-2.1.0.tgz 0ms (cache hit)
263 http cache mime-types@https://artifactory.gcp.mercadona.com/artifactory/api/npm/virtual-npm/mime-types/-/mime-types-2.1.35.tgz 0ms (cache hit)
264 http cache merge2@https://artifactory.gcp.mercadona.com/artifactory/api/npm/virtual-npm/merge2/-/merge2-1.4.1.tgz 0ms (cache hit)
265 http cache mime@https://artifactory.gcp.mercadona.com/artifactory/api/npm/virtual-npm/mime/-/mime-1.6.0.tgz 0ms (cache hit)
266 http cache methods@https://artifactory.gcp.mercadona.com/artifactory/api/npm/virtual-npm/methods/-/methods-1.1.2.tgz 0ms (cache hit)
267 http cache micromatch@https://artifactory.gcp.mercadona.com/artifactory/api/npm/virtual-npm/micromatch/-/micromatch-4.0.8.tgz 0ms (cache hit)
268 http cache merge-stream@https://artifactory.gcp.mercadona.com/artifactory/api/npm/virtual-npm/merge-stream/-/merge-stream-2.0.0.tgz 0ms (cache hit)
269 http cache merge-descriptors@https://artifactory.gcp.mercadona.com/artifactory/api/npm/virtual-npm/merge-descriptors/-/merge-descriptors-1.0.3.tgz 0ms (cache hit)
270 http cache media-typer@https://artifactory.gcp.mercadona.com/artifactory/api/npm/virtual-npm/media-typer/-/media-typer-0.3.0.tgz 0ms (cache hit)
271 http cache memfs@https://artifactory.gcp.mercadona.com/artifactory/api/npm/virtual-npm/memfs/-/memfs-3.5.3.tgz 0ms (cache hit)
272 http cache make-dir@https://artifactory.gcp.mercadona.com/artifactory/api/npm/virtual-npm/make-dir/-/make-dir-2.1.0.tgz 0ms (cache hit)
273 http cache math-intrinsics@https://artifactory.gcp.mercadona.com/artifactory/api/npm/virtual-npm/math-intrinsics/-/math-intrinsics-1.1.0.tgz 0ms (cache hit)
274 http cache log-symbols@https://artifactory.gcp.mercadona.com/artifactory/api/npm/virtual-npm/log-symbols/-/log-symbols-4.1.0.tgz 0ms (cache hit)
275 http cache make-fetch-happen@https://artifactory.gcp.mercadona.com/artifactory/api/npm/virtual-npm/make-fetch-happen/-/make-fetch-happen-13.0.1.tgz 0ms (cache hit)
276 http cache lru-cache@https://artifactory.gcp.mercadona.com/artifactory/api/npm/virtual-npm/lru-cache/-/lru-cache-5.1.1.tgz 0ms (cache hit)
277 http cache lodash.debounce@https://artifactory.gcp.mercadona.com/artifactory/api/npm/virtual-npm/lodash.debounce/-/lodash.debounce-4.0.8.tgz 0ms (cache hit)
278 http cache lodash-es@https://artifactory.gcp.mercadona.com/artifactory/api/npm/virtual-npm/lodash-es/-/lodash-es-4.18.1.tgz 0ms (cache hit)
279 http cache lodash@https://artifactory.gcp.mercadona.com/artifactory/api/npm/virtual-npm/lodash/-/lodash-4.18.1.tgz 0ms (cache hit)
280 http cache locate-path@https://artifactory.gcp.mercadona.com/artifactory/api/npm/virtual-npm/locate-path/-/locate-path-5.0.0.tgz 0ms (cache hit)
281 http cache loader-utils@https://artifactory.gcp.mercadona.com/artifactory/api/npm/virtual-npm/loader-utils/-/loader-utils-3.2.1.tgz 0ms (cache hit)
282 http cache loader-runner@https://artifactory.gcp.mercadona.com/artifactory/api/npm/virtual-npm/loader-runner/-/loader-runner-4.3.1.tgz 0ms (cache hit)
283 http cache license-webpack-plugin@https://artifactory.gcp.mercadona.com/artifactory/api/npm/virtual-npm/license-webpack-plugin/-/license-webpack-plugin-4.0.2.tgz 0ms (cache hit)
284 http cache lines-and-columns@https://artifactory.gcp.mercadona.com/artifactory/api/npm/virtual-npm/lines-and-columns/-/lines-and-columns-1.2.4.tgz 0ms (cache hit)
285 http cache less@https://artifactory.gcp.mercadona.com/artifactory/api/npm/virtual-npm/less/-/less-4.2.0.tgz 0ms (cache hit)
286 http cache leaflet@https://artifactory.gcp.mercadona.com/artifactory/api/npm/virtual-npm/leaflet/-/leaflet-1.9.4.tgz 0ms (cache hit)
287 http cache magic-string@https://artifactory.gcp.mercadona.com/artifactory/api/npm/virtual-npm/magic-string/-/magic-string-0.30.8.tgz 0ms (cache hit)
288 http cache launch-editor@https://artifactory.gcp.mercadona.com/artifactory/api/npm/virtual-npm/launch-editor/-/launch-editor-2.13.2.tgz 0ms (cache hit)
289 http cache jspdf@https://artifactory.gcp.mercadona.com/artifactory/api/npm/virtual-npm/jspdf/-/jspdf-4.2.1.tgz 0ms (cache hit)
290 http cache kind-of@https://artifactory.gcp.mercadona.com/artifactory/api/npm/virtual-npm/kind-of/-/kind-of-6.0.3.tgz 0ms (cache hit)
291 http cache less-loader@https://artifactory.gcp.mercadona.com/artifactory/api/npm/virtual-npm/less-loader/-/less-loader-11.1.0.tgz 0ms (cache hit)
292 http cache karma-source-map-support@https://artifactory.gcp.mercadona.com/artifactory/api/npm/virtual-npm/karma-source-map-support/-/karma-source-map-support-1.4.0.tgz 0ms (cache hit)
293 http cache jsonparse@https://artifactory.gcp.mercadona.com/artifactory/api/npm/virtual-npm/jsonparse/-/jsonparse-1.3.1.tgz 0ms (cache hit)
294 http cache klona@https://artifactory.gcp.mercadona.com/artifactory/api/npm/virtual-npm/klona/-/klona-2.0.6.tgz 0ms (cache hit)
295 http cache json5@https://artifactory.gcp.mercadona.com/artifactory/api/npm/virtual-npm/json5/-/json5-2.2.3.tgz 0ms (cache hit)
296 http cache jsonc-parser@https://artifactory.gcp.mercadona.com/artifactory/api/npm/virtual-npm/jsonc-parser/-/jsonc-parser-3.2.1.tgz 0ms (cache hit)
297 http cache json-parse-even-better-errors@https://artifactory.gcp.mercadona.com/artifactory/api/npm/virtual-npm/json-parse-even-better-errors/-/json-parse-even-better-errors-3.0.2.tgz 0ms (cache hit)
298 http cache js-yaml@https://artifactory.gcp.mercadona.com/artifactory/api/npm/virtual-npm/js-yaml/-/js-yaml-3.14.2.tgz 0ms (cache hit)
299 http cache jiti@https://artifactory.gcp.mercadona.com/artifactory/api/npm/virtual-npm/jiti/-/jiti-1.21.7.tgz 0ms (cache hit)
300 http cache js-tokens@https://artifactory.gcp.mercadona.com/artifactory/api/npm/virtual-npm/js-tokens/-/js-tokens-4.0.0.tgz 0ms (cache hit)
301 http cache jest-worker@https://artifactory.gcp.mercadona.com/artifactory/api/npm/virtual-npm/jest-worker/-/jest-worker-27.5.1.tgz 0ms (cache hit)
302 http cache jackspeak@https://artifactory.gcp.mercadona.com/artifactory/api/npm/virtual-npm/jackspeak/-/jackspeak-3.4.3.tgz 0ms (cache hit)
303 http cache jsesc@https://artifactory.gcp.mercadona.com/artifactory/api/npm/virtual-npm/jsesc/-/jsesc-3.1.0.tgz 0ms (cache hit)
304 http cache istanbul-lib-coverage@https://artifactory.gcp.mercadona.com/artifactory/api/npm/virtual-npm/istanbul-lib-coverage/-/istanbul-lib-coverage-3.2.2.tgz 0ms (cache hit)
305 http cache isexe@https://artifactory.gcp.mercadona.com/artifactory/api/npm/virtual-npm/isexe/-/isexe-3.1.5.tgz 0ms (cache hit)
306 http cache istanbul-lib-instrument@https://artifactory.gcp.mercadona.com/artifactory/api/npm/virtual-npm/istanbul-lib-instrument/-/istanbul-lib-instrument-5.2.1.tgz 0ms (cache hit)
307 http cache isarray@https://artifactory.gcp.mercadona.com/artifactory/api/npm/virtual-npm/isarray/-/isarray-1.0.0.tgz 0ms (cache hit)
308 http cache json-schema-traverse@https://artifactory.gcp.mercadona.com/artifactory/api/npm/virtual-npm/json-schema-traverse/-/json-schema-traverse-1.0.0.tgz 0ms (cache hit)
309 http cache isobject@https://artifactory.gcp.mercadona.com/artifactory/api/npm/virtual-npm/isobject/-/isobject-3.0.1.tgz 0ms (cache hit)
310 http cache is-what@https://artifactory.gcp.mercadona.com/artifactory/api/npm/virtual-npm/is-what/-/is-what-3.14.1.tgz 0ms (cache hit)
311 http cache is-wsl@https://artifactory.gcp.mercadona.com/artifactory/api/npm/virtual-npm/is-wsl/-/is-wsl-2.2.0.tgz 0ms (cache hit)
312 http cache is-unicode-supported@https://artifactory.gcp.mercadona.com/artifactory/api/npm/virtual-npm/is-unicode-supported/-/is-unicode-supported-0.1.0.tgz 0ms (cache hit)
313 http cache is-stream@https://artifactory.gcp.mercadona.com/artifactory/api/npm/virtual-npm/is-stream/-/is-stream-2.0.1.tgz 0ms (cache hit)
314 http cache is-plain-object@https://artifactory.gcp.mercadona.com/artifactory/api/npm/virtual-npm/is-plain-object/-/is-plain-object-2.0.4.tgz 0ms (cache hit)
315 http cache is-plain-obj@https://artifactory.gcp.mercadona.com/artifactory/api/npm/virtual-npm/is-plain-obj/-/is-plain-obj-3.0.0.tgz 0ms (cache hit)
316 http cache is-lambda@https://artifactory.gcp.mercadona.com/artifactory/api/npm/virtual-npm/is-lambda/-/is-lambda-1.0.1.tgz 0ms (cache hit)
317 http cache is-interactive@https://artifactory.gcp.mercadona.com/artifactory/api/npm/virtual-npm/is-interactive/-/is-interactive-1.0.0.tgz 0ms (cache hit)
318 http cache is-glob@https://artifactory.gcp.mercadona.com/artifactory/api/npm/virtual-npm/is-glob/-/is-glob-4.0.3.tgz 0ms (cache hit)
319 http cache is-core-module@https://artifactory.gcp.mercadona.com/artifactory/api/npm/virtual-npm/is-core-module/-/is-core-module-2.16.1.tgz 0ms (cache hit)
320 http cache is-extglob@https://artifactory.gcp.mercadona.com/artifactory/api/npm/virtual-npm/is-extglob/-/is-extglob-2.1.1.tgz 0ms (cache hit)
321 http cache is-number@https://artifactory.gcp.mercadona.com/artifactory/api/npm/virtual-npm/is-number/-/is-number-7.0.0.tgz 0ms (cache hit)
322 http cache is-binary-path@https://artifactory.gcp.mercadona.com/artifactory/api/npm/virtual-npm/is-binary-path/-/is-binary-path-2.1.0.tgz 0ms (cache hit)
323 http cache is-fullwidth-code-point@https://artifactory.gcp.mercadona.com/artifactory/api/npm/virtual-npm/is-fullwidth-code-point/-/is-fullwidth-code-point-3.0.0.tgz 0ms (cache hit)
324 http cache is-docker@https://artifactory.gcp.mercadona.com/artifactory/api/npm/virtual-npm/is-docker/-/is-docker-2.2.1.tgz 0ms (cache hit)
325 http cache iobuffer@https://artifactory.gcp.mercadona.com/artifactory/api/npm/virtual-npm/iobuffer/-/iobuffer-5.4.0.tgz 0ms (cache hit)
326 http cache ip-address@https://artifactory.gcp.mercadona.com/artifactory/api/npm/virtual-npm/ip-address/-/ip-address-10.1.0.tgz 0ms (cache hit)
327 http cache internmap@https://artifactory.gcp.mercadona.com/artifactory/api/npm/virtual-npm/internmap/-/internmap-2.0.3.tgz 0ms (cache hit)
328 http cache inherits@https://artifactory.gcp.mercadona.com/artifactory/api/npm/virtual-npm/inherits/-/inherits-2.0.4.tgz 0ms (cache hit)
329 http cache is-arrayish@https://artifactory.gcp.mercadona.com/artifactory/api/npm/virtual-npm/is-arrayish/-/is-arrayish-0.2.1.tgz 0ms (cache hit)
330 http cache ipaddr.js@https://artifactory.gcp.mercadona.com/artifactory/api/npm/virtual-npm/ipaddr.js/-/ipaddr.js-2.3.0.tgz 0ms (cache hit)
331 http cache inflight@https://artifactory.gcp.mercadona.com/artifactory/api/npm/virtual-npm/inflight/-/inflight-1.0.6.tgz 0ms (cache hit)
332 http cache ini@https://artifactory.gcp.mercadona.com/artifactory/api/npm/virtual-npm/ini/-/ini-4.1.2.tgz 0ms (cache hit)
333 http cache indent-string@https://artifactory.gcp.mercadona.com/artifactory/api/npm/virtual-npm/indent-string/-/indent-string-4.0.0.tgz 0ms (cache hit)
334 http cache import-fresh@https://artifactory.gcp.mercadona.com/artifactory/api/npm/virtual-npm/import-fresh/-/import-fresh-3.3.1.tgz 0ms (cache hit)
335 http cache imurmurhash@https://artifactory.gcp.mercadona.com/artifactory/api/npm/virtual-npm/imurmurhash/-/imurmurhash-0.1.4.tgz 0ms (cache hit)
336 http cache immutable@https://artifactory.gcp.mercadona.com/artifactory/api/npm/virtual-npm/immutable/-/immutable-4.3.8.tgz 0ms (cache hit)
337 http cache ignore-walk@https://artifactory.gcp.mercadona.com/artifactory/api/npm/virtual-npm/ignore-walk/-/ignore-walk-6.0.5.tgz 0ms (cache hit)
338 http cache image-size@https://artifactory.gcp.mercadona.com/artifactory/api/npm/virtual-npm/image-size/-/image-size-0.5.5.tgz 0ms (cache hit)
339 http cache ignore@https://artifactory.gcp.mercadona.com/artifactory/api/npm/virtual-npm/ignore/-/ignore-5.3.2.tgz 0ms (cache hit)
340 http cache inquirer@https://artifactory.gcp.mercadona.com/artifactory/api/npm/virtual-npm/inquirer/-/inquirer-9.2.15.tgz 0ms (cache hit)
341 http cache ieee754@https://artifactory.gcp.mercadona.com/artifactory/api/npm/virtual-npm/ieee754/-/ieee754-1.2.1.tgz 0ms (cache hit)
342 http cache iconv-lite@https://artifactory.gcp.mercadona.com/artifactory/api/npm/virtual-npm/iconv-lite/-/iconv-lite-0.4.24.tgz 0ms (cache hit)
343 http cache http-proxy-middleware@https://artifactory.gcp.mercadona.com/artifactory/api/npm/virtual-npm/http-proxy-middleware/-/http-proxy-middleware-2.0.8.tgz 0ms (cache hit)
344 http cache icss-utils@https://artifactory.gcp.mercadona.com/artifactory/api/npm/virtual-npm/icss-utils/-/icss-utils-5.1.0.tgz 0ms (cache hit)
345 http cache https-proxy-agent@https://artifactory.gcp.mercadona.com/artifactory/api/npm/virtual-npm/https-proxy-agent/-/https-proxy-agent-7.0.4.tgz 0ms (cache hit)
346 http cache http-proxy-agent@https://artifactory.gcp.mercadona.com/artifactory/api/npm/virtual-npm/http-proxy-agent/-/http-proxy-agent-7.0.2.tgz 0ms (cache hit)
347 http cache http-proxy@https://artifactory.gcp.mercadona.com/artifactory/api/npm/virtual-npm/http-proxy/-/http-proxy-1.18.1.tgz 0ms (cache hit)
348 http cache http-parser-js@https://artifactory.gcp.mercadona.com/artifactory/api/npm/virtual-npm/http-parser-js/-/http-parser-js-0.5.10.tgz 0ms (cache hit)
349 http cache http-errors@https://artifactory.gcp.mercadona.com/artifactory/api/npm/virtual-npm/http-errors/-/http-errors-2.0.1.tgz 0ms (cache hit)
350 http cache http-deceiver@https://artifactory.gcp.mercadona.com/artifactory/api/npm/virtual-npm/http-deceiver/-/http-deceiver-1.2.7.tgz 0ms (cache hit)
351 http cache human-signals@https://artifactory.gcp.mercadona.com/artifactory/api/npm/virtual-npm/human-signals/-/human-signals-2.1.0.tgz 0ms (cache hit)
352 http cache http-cache-semantics@https://artifactory.gcp.mercadona.com/artifactory/api/npm/virtual-npm/http-cache-semantics/-/http-cache-semantics-4.2.0.tgz 0ms (cache hit)
353 http cache htmlparser2@https://artifactory.gcp.mercadona.com/artifactory/api/npm/virtual-npm/htmlparser2/-/htmlparser2-8.0.2.tgz 0ms (cache hit)
354 http cache hpack.js@https://artifactory.gcp.mercadona.com/artifactory/api/npm/virtual-npm/hpack.js/-/hpack.js-2.1.6.tgz 0ms (cache hit)
355 http cache html2canvas@https://artifactory.gcp.mercadona.com/artifactory/api/npm/virtual-npm/html2canvas/-/html2canvas-1.4.1.tgz 0ms (cache hit)
356 http cache hosted-git-info@https://artifactory.gcp.mercadona.com/artifactory/api/npm/virtual-npm/hosted-git-info/-/hosted-git-info-7.0.2.tgz 0ms (cache hit)
357 http cache html-entities@https://artifactory.gcp.mercadona.com/artifactory/api/npm/virtual-npm/html-entities/-/html-entities-2.6.0.tgz 0ms (cache hit)
358 http cache hasown@https://artifactory.gcp.mercadona.com/artifactory/api/npm/virtual-npm/hasown/-/hasown-2.0.2.tgz 0ms (cache hit)
359 http cache has-symbols@https://artifactory.gcp.mercadona.com/artifactory/api/npm/virtual-npm/has-symbols/-/has-symbols-1.1.0.tgz 0ms (cache hit)
360 http cache has-flag@https://artifactory.gcp.mercadona.com/artifactory/api/npm/virtual-npm/has-flag/-/has-flag-4.0.0.tgz 0ms (cache hit)
361 http cache has-property-descriptors@https://artifactory.gcp.mercadona.com/artifactory/api/npm/virtual-npm/has-property-descriptors/-/has-property-descriptors-1.0.2.tgz 0ms (cache hit)
362 http cache gradient-path@https://artifactory.gcp.mercadona.com/artifactory/api/npm/virtual-npm/gradient-path/-/gradient-path-2.3.0.tgz 0ms (cache hit)
363 http cache gopd@https://artifactory.gcp.mercadona.com/artifactory/api/npm/virtual-npm/gopd/-/gopd-1.2.0.tgz 0ms (cache hit)
364 http cache handle-thing@https://artifactory.gcp.mercadona.com/artifactory/api/npm/virtual-npm/handle-thing/-/handle-thing-2.0.1.tgz 0ms (cache hit)
365 http cache glob-to-regexp@https://artifactory.gcp.mercadona.com/artifactory/api/npm/virtual-npm/glob-to-regexp/-/glob-to-regexp-0.4.1.tgz 0ms (cache hit)
366 http cache glob-parent@https://artifactory.gcp.mercadona.com/artifactory/api/npm/virtual-npm/glob-parent/-/glob-parent-5.1.2.tgz 0ms (cache hit)
367 http cache globby@https://artifactory.gcp.mercadona.com/artifactory/api/npm/virtual-npm/globby/-/globby-13.2.2.tgz 0ms (cache hit)
368 http cache glob@https://artifactory.gcp.mercadona.com/artifactory/api/npm/virtual-npm/glob/-/glob-10.5.0.tgz 0ms (cache hit)
369 http cache get-stream@https://artifactory.gcp.mercadona.com/artifactory/api/npm/virtual-npm/get-stream/-/get-stream-6.0.1.tgz 0ms (cache hit)
370 http cache get-package-type@https://artifactory.gcp.mercadona.com/artifactory/api/npm/virtual-npm/get-package-type/-/get-package-type-0.1.0.tgz 0ms (cache hit)
371 http cache get-proto@https://artifactory.gcp.mercadona.com/artifactory/api/npm/virtual-npm/get-proto/-/get-proto-1.0.1.tgz 0ms (cache hit)
372 http cache graceful-fs@https://artifactory.gcp.mercadona.com/artifactory/api/npm/virtual-npm/graceful-fs/-/graceful-fs-4.2.11.tgz 0ms (cache hit)
373 http cache get-intrinsic@https://artifactory.gcp.mercadona.com/artifactory/api/npm/virtual-npm/get-intrinsic/-/get-intrinsic-1.3.0.tgz 0ms (cache hit)
374 http cache gensync@https://artifactory.gcp.mercadona.com/artifactory/api/npm/virtual-npm/gensync/-/gensync-1.0.0-beta.2.tgz 0ms (cache hit)
375 http cache fsevents@https://artifactory.gcp.mercadona.com/artifactory/api/npm/virtual-npm/fsevents/-/fsevents-2.3.3.tgz 0ms (cache hit)
376 http cache fs.realpath@https://artifactory.gcp.mercadona.com/artifactory/api/npm/virtual-npm/fs.realpath/-/fs.realpath-1.0.0.tgz 1ms (cache hit)
377 http cache function-bind@https://artifactory.gcp.mercadona.com/artifactory/api/npm/virtual-npm/function-bind/-/function-bind-1.1.2.tgz 0ms (cache hit)
378 http cache fs-minipass@https://artifactory.gcp.mercadona.com/artifactory/api/npm/virtual-npm/fs-minipass/-/fs-minipass-3.0.3.tgz 0ms (cache hit)
379 http cache fresh@https://artifactory.gcp.mercadona.com/artifactory/api/npm/virtual-npm/fresh/-/fresh-0.5.2.tgz 0ms (cache hit)
380 http cache fs-monkey@https://artifactory.gcp.mercadona.com/artifactory/api/npm/virtual-npm/fs-monkey/-/fs-monkey-1.1.0.tgz 0ms (cache hit)
381 http cache forwarded@https://artifactory.gcp.mercadona.com/artifactory/api/npm/virtual-npm/forwarded/-/forwarded-0.2.0.tgz 0ms (cache hit)
382 http cache get-caller-file@https://artifactory.gcp.mercadona.com/artifactory/api/npm/virtual-npm/get-caller-file/-/get-caller-file-2.0.5.tgz 0ms (cache hit)
383 http cache flat@https://artifactory.gcp.mercadona.com/artifactory/api/npm/virtual-npm/flat/-/flat-5.0.2.tgz 0ms (cache hit)
384 http cache follow-redirects@https://artifactory.gcp.mercadona.com/artifactory/api/npm/virtual-npm/follow-redirects/-/follow-redirects-1.15.11.tgz 0ms (cache hit)
385 http cache fraction.js@https://artifactory.gcp.mercadona.com/artifactory/api/npm/virtual-npm/fraction.js/-/fraction.js-4.3.7.tgz 0ms (cache hit)
386 http cache foreground-child@https://artifactory.gcp.mercadona.com/artifactory/api/npm/virtual-npm/foreground-child/-/foreground-child-3.3.1.tgz 0ms (cache hit)
387 http cache find-up@https://artifactory.gcp.mercadona.com/artifactory/api/npm/virtual-npm/find-up/-/find-up-4.1.0.tgz 0ms (cache hit)
388 http cache finalhandler@https://artifactory.gcp.mercadona.com/artifactory/api/npm/virtual-npm/finalhandler/-/finalhandler-1.3.2.tgz 0ms (cache hit)
389 http cache fill-range@https://artifactory.gcp.mercadona.com/artifactory/api/npm/virtual-npm/fill-range/-/fill-range-7.1.1.tgz 0ms (cache hit)
390 http cache figures@https://artifactory.gcp.mercadona.com/artifactory/api/npm/virtual-npm/figures/-/figures-3.2.0.tgz 0ms (cache hit)
391 http cache faye-websocket@https://artifactory.gcp.mercadona.com/artifactory/api/npm/virtual-npm/faye-websocket/-/faye-websocket-0.11.4.tgz 0ms (cache hit)
392 http cache fflate@https://artifactory.gcp.mercadona.com/artifactory/api/npm/virtual-npm/fflate/-/fflate-0.8.2.tgz 0ms (cache hit)
393 http cache fast-png@https://artifactory.gcp.mercadona.com/artifactory/api/npm/virtual-npm/fast-png/-/fast-png-6.4.0.tgz 0ms (cache hit)
394 http cache fastq@https://artifactory.gcp.mercadona.com/artifactory/api/npm/virtual-npm/fastq/-/fastq-1.20.1.tgz 0ms (cache hit)
395 http cache find-cache-dir@https://artifactory.gcp.mercadona.com/artifactory/api/npm/virtual-npm/find-cache-dir/-/find-cache-dir-4.0.0.tgz 0ms (cache hit)
396 http cache fast-deep-equal@https://artifactory.gcp.mercadona.com/artifactory/api/npm/virtual-npm/fast-deep-equal/-/fast-deep-equal-3.1.3.tgz 0ms (cache hit)
397 http cache fast-json-stable-stringify@https://artifactory.gcp.mercadona.com/artifactory/api/npm/virtual-npm/fast-json-stable-stringify/-/fast-json-stable-stringify-2.1.0.tgz 0ms (cache hit)
398 http cache express@https://artifactory.gcp.mercadona.com/artifactory/api/npm/virtual-npm/express/-/express-4.22.1.tgz 0ms (cache hit)
399 http cache external-editor@https://artifactory.gcp.mercadona.com/artifactory/api/npm/virtual-npm/external-editor/-/external-editor-3.1.0.tgz 0ms (cache hit)
400 http cache fast-glob@https://artifactory.gcp.mercadona.com/artifactory/api/npm/virtual-npm/fast-glob/-/fast-glob-3.3.2.tgz 0ms (cache hit)
401 http cache events@https://artifactory.gcp.mercadona.com/artifactory/api/npm/virtual-npm/events/-/events-3.3.0.tgz 0ms (cache hit)
402 http cache exponential-backoff@https://artifactory.gcp.mercadona.com/artifactory/api/npm/virtual-npm/exponential-backoff/-/exponential-backoff-3.1.3.tgz 0ms (cache hit)
403 http cache eventemitter3@https://artifactory.gcp.mercadona.com/artifactory/api/npm/virtual-npm/eventemitter3/-/eventemitter3-4.0.7.tgz 0ms (cache hit)
404 http cache execa@https://artifactory.gcp.mercadona.com/artifactory/api/npm/virtual-npm/execa/-/execa-5.1.1.tgz 0ms (cache hit)
405 http cache etag@https://artifactory.gcp.mercadona.com/artifactory/api/npm/virtual-npm/etag/-/etag-1.8.1.tgz 0ms (cache hit)
406 http cache esutils@https://artifactory.gcp.mercadona.com/artifactory/api/npm/virtual-npm/esutils/-/esutils-2.0.3.tgz 0ms (cache hit)
407 http cache esrecurse@https://artifactory.gcp.mercadona.com/artifactory/api/npm/virtual-npm/esrecurse/-/esrecurse-4.3.0.tgz 0ms (cache hit)
408 http cache estraverse@https://artifactory.gcp.mercadona.com/artifactory/api/npm/virtual-npm/estraverse/-/estraverse-4.3.0.tgz 0ms (cache hit)
409 http cache esprima@https://artifactory.gcp.mercadona.com/artifactory/api/npm/virtual-npm/esprima/-/esprima-4.0.1.tgz 0ms (cache hit)
410 http cache escape-string-regexp@https://artifactory.gcp.mercadona.com/artifactory/api/npm/virtual-npm/escape-string-regexp/-/escape-string-regexp-1.0.5.tgz 0ms (cache hit)
411 http cache eslint-scope@https://artifactory.gcp.mercadona.com/artifactory/api/npm/virtual-npm/eslint-scope/-/eslint-scope-5.1.1.tgz 0ms (cache hit)
412 http cache escape-html@https://artifactory.gcp.mercadona.com/artifactory/api/npm/virtual-npm/escape-html/-/escape-html-1.0.3.tgz 0ms (cache hit)
413 http cache escalade@https://artifactory.gcp.mercadona.com/artifactory/api/npm/virtual-npm/escalade/-/escalade-3.2.0.tgz 0ms (cache hit)
414 http cache esbuild@https://artifactory.gcp.mercadona.com/artifactory/api/npm/virtual-npm/esbuild/-/esbuild-0.20.1.tgz 0ms (cache hit)
415 http cache es-object-atoms@https://artifactory.gcp.mercadona.com/artifactory/api/npm/virtual-npm/es-object-atoms/-/es-object-atoms-1.1.1.tgz 0ms (cache hit)
416 http cache esbuild-wasm@https://artifactory.gcp.mercadona.com/artifactory/api/npm/virtual-npm/esbuild-wasm/-/esbuild-wasm-0.20.1.tgz 0ms (cache hit)
417 http cache es-module-lexer@https://artifactory.gcp.mercadona.com/artifactory/api/npm/virtual-npm/es-module-lexer/-/es-module-lexer-1.7.0.tgz 0ms (cache hit)
418 http cache es-errors@https://artifactory.gcp.mercadona.com/artifactory/api/npm/virtual-npm/es-errors/-/es-errors-1.3.0.tgz 0ms (cache hit)
419 http cache env-paths@https://artifactory.gcp.mercadona.com/artifactory/api/npm/virtual-npm/env-paths/-/env-paths-2.2.1.tgz 0ms (cache hit)
420 http cache es-define-property@https://artifactory.gcp.mercadona.com/artifactory/api/npm/virtual-npm/es-define-property/-/es-define-property-1.0.1.tgz 0ms (cache hit)
421 http cache err-code@https://artifactory.gcp.mercadona.com/artifactory/api/npm/virtual-npm/err-code/-/err-code-2.0.3.tgz 0ms (cache hit)
422 http cache error-ex@https://artifactory.gcp.mercadona.com/artifactory/api/npm/virtual-npm/error-ex/-/error-ex-1.3.4.tgz 0ms (cache hit)
423 http cache encoding@https://artifactory.gcp.mercadona.com/artifactory/api/npm/virtual-npm/encoding/-/encoding-0.1.13.tgz 0ms (cache hit)
424 http cache errno@https://artifactory.gcp.mercadona.com/artifactory/api/npm/virtual-npm/errno/-/errno-0.1.8.tgz 0ms (cache hit)
425 http cache enhanced-resolve@https://artifactory.gcp.mercadona.com/artifactory/api/npm/virtual-npm/enhanced-resolve/-/enhanced-resolve-5.20.1.tgz 0ms (cache hit)
426 http cache encodeurl@https://artifactory.gcp.mercadona.com/artifactory/api/npm/virtual-npm/encodeurl/-/encodeurl-2.0.0.tgz 0ms (cache hit)
427 http cache emojis-list@https://artifactory.gcp.mercadona.com/artifactory/api/npm/virtual-npm/emojis-list/-/emojis-list-3.0.0.tgz 0ms (cache hit)
428 http cache emoji-regex@https://artifactory.gcp.mercadona.com/artifactory/api/npm/virtual-npm/emoji-regex/-/emoji-regex-8.0.0.tgz 0ms (cache hit)
429 http cache electron-to-chromium@https://artifactory.gcp.mercadona.com/artifactory/api/npm/virtual-npm/electron-to-chromium/-/electron-to-chromium-1.5.335.tgz 0ms (cache hit)
430 http cache eastasianwidth@https://artifactory.gcp.mercadona.com/artifactory/api/npm/virtual-npm/eastasianwidth/-/eastasianwidth-0.2.0.tgz 0ms (cache hit)
431 http cache dunder-proto@https://artifactory.gcp.mercadona.com/artifactory/api/npm/virtual-npm/dunder-proto/-/dunder-proto-1.0.1.tgz 0ms (cache hit)
432 http cache ee-first@https://artifactory.gcp.mercadona.com/artifactory/api/npm/virtual-npm/ee-first/-/ee-first-1.1.1.tgz 0ms (cache hit)
433 http cache domutils@https://artifactory.gcp.mercadona.com/artifactory/api/npm/virtual-npm/domutils/-/domutils-3.2.2.tgz 0ms (cache hit)
434 http cache domelementtype@https://artifactory.gcp.mercadona.com/artifactory/api/npm/virtual-npm/domelementtype/-/domelementtype-2.3.0.tgz 0ms (cache hit)
435 http cache domhandler@https://artifactory.gcp.mercadona.com/artifactory/api/npm/virtual-npm/domhandler/-/domhandler-5.0.3.tgz 0ms (cache hit)
436 http cache dompurify@https://artifactory.gcp.mercadona.com/artifactory/api/npm/virtual-npm/dompurify/-/dompurify-3.4.2.tgz 0ms (cache hit)
437 http cache dns-packet@https://artifactory.gcp.mercadona.com/artifactory/api/npm/virtual-npm/dns-packet/-/dns-packet-5.6.1.tgz 0ms (cache hit)
438 http cache destroy@https://artifactory.gcp.mercadona.com/artifactory/api/npm/virtual-npm/destroy/-/destroy-1.2.0.tgz 0ms (cache hit)
439 http cache depd@https://artifactory.gcp.mercadona.com/artifactory/api/npm/virtual-npm/depd/-/depd-2.0.0.tgz 0ms (cache hit)
440 http cache detect-node@https://artifactory.gcp.mercadona.com/artifactory/api/npm/virtual-npm/detect-node/-/detect-node-2.1.0.tgz 0ms (cache hit)
441 http cache dom-serializer@https://artifactory.gcp.mercadona.com/artifactory/api/npm/virtual-npm/dom-serializer/-/dom-serializer-2.0.0.tgz 0ms (cache hit)
442 http cache dir-glob@https://artifactory.gcp.mercadona.com/artifactory/api/npm/virtual-npm/dir-glob/-/dir-glob-3.0.1.tgz 0ms (cache hit)
443 http cache defaults@https://artifactory.gcp.mercadona.com/artifactory/api/npm/virtual-npm/defaults/-/defaults-1.0.4.tgz 0ms (cache hit)
444 http cache entities@https://artifactory.gcp.mercadona.com/artifactory/api/npm/virtual-npm/entities/-/entities-4.5.0.tgz 0ms (cache hit)
445 http cache define-lazy-prop@https://artifactory.gcp.mercadona.com/artifactory/api/npm/virtual-npm/define-lazy-prop/-/define-lazy-prop-2.0.0.tgz 0ms (cache hit)
446 http cache debug@https://artifactory.gcp.mercadona.com/artifactory/api/npm/virtual-npm/debug/-/debug-4.4.3.tgz 0ms (cache hit)
447 http cache d3-transition@https://artifactory.gcp.mercadona.com/artifactory/api/npm/virtual-npm/d3-transition/-/d3-transition-3.0.1.tgz 0ms (cache hit)
448 http cache default-gateway@https://artifactory.gcp.mercadona.com/artifactory/api/npm/virtual-npm/default-gateway/-/default-gateway-6.0.3.tgz 0ms (cache hit)
449 http cache d3-time-format@https://artifactory.gcp.mercadona.com/artifactory/api/npm/virtual-npm/d3-time-format/-/d3-time-format-4.1.0.tgz 0ms (cache hit)
450 http cache define-data-property@https://artifactory.gcp.mercadona.com/artifactory/api/npm/virtual-npm/define-data-property/-/define-data-property-1.1.4.tgz 0ms (cache hit)
451 http cache d3-timer@https://artifactory.gcp.mercadona.com/artifactory/api/npm/virtual-npm/d3-timer/-/d3-timer-3.0.1.tgz 0ms (cache hit)
452 http cache d3-time@https://artifactory.gcp.mercadona.com/artifactory/api/npm/virtual-npm/d3-time/-/d3-time-3.1.0.tgz 0ms (cache hit)
453 http cache d3-shape@https://artifactory.gcp.mercadona.com/artifactory/api/npm/virtual-npm/d3-shape/-/d3-shape-3.2.0.tgz 0ms (cache hit)
454 http cache d3-selection@https://artifactory.gcp.mercadona.com/artifactory/api/npm/virtual-npm/d3-selection/-/d3-selection-3.0.0.tgz 0ms (cache hit)
455 http cache d3-path@https://artifactory.gcp.mercadona.com/artifactory/api/npm/virtual-npm/d3-path/-/d3-path-3.1.0.tgz 0ms (cache hit)
456 http cache d3-interpolate@https://artifactory.gcp.mercadona.com/artifactory/api/npm/virtual-npm/d3-interpolate/-/d3-interpolate-3.0.1.tgz 0ms (cache hit)
457 http cache d3-sankey@https://artifactory.gcp.mercadona.com/artifactory/api/npm/virtual-npm/d3-sankey/-/d3-sankey-0.12.3.tgz 0ms (cache hit)
458 http cache d3-scale@https://artifactory.gcp.mercadona.com/artifactory/api/npm/virtual-npm/d3-scale/-/d3-scale-4.0.2.tgz 0ms (cache hit)
459 http cache d3-hierarchy@https://artifactory.gcp.mercadona.com/artifactory/api/npm/virtual-npm/d3-hierarchy/-/d3-hierarchy-3.1.2.tgz 0ms (cache hit)
460 http cache d3-format@https://artifactory.gcp.mercadona.com/artifactory/api/npm/virtual-npm/d3-format/-/d3-format-3.1.2.tgz 0ms (cache hit)
461 http cache d3-drag@https://artifactory.gcp.mercadona.com/artifactory/api/npm/virtual-npm/d3-drag/-/d3-drag-3.0.0.tgz 0ms (cache hit)
462 http cache d3-ease@https://artifactory.gcp.mercadona.com/artifactory/api/npm/virtual-npm/d3-ease/-/d3-ease-3.0.1.tgz 0ms (cache hit)
463 http cache d3-dispatch@https://artifactory.gcp.mercadona.com/artifactory/api/npm/virtual-npm/d3-dispatch/-/d3-dispatch-3.0.1.tgz 0ms (cache hit)
464 http cache d3-brush@https://artifactory.gcp.mercadona.com/artifactory/api/npm/virtual-npm/d3-brush/-/d3-brush-3.0.0.tgz 0ms (cache hit)
465 http cache d3-array@https://artifactory.gcp.mercadona.com/artifactory/api/npm/virtual-npm/d3-array/-/d3-array-3.2.4.tgz 0ms (cache hit)
466 http cache d3-color@https://artifactory.gcp.mercadona.com/artifactory/api/npm/virtual-npm/d3-color/-/d3-color-3.1.0.tgz 0ms (cache hit)
467 http cache cssesc@https://artifactory.gcp.mercadona.com/artifactory/api/npm/virtual-npm/cssesc/-/cssesc-3.0.0.tgz 0ms (cache hit)
468 http cache css-what@https://artifactory.gcp.mercadona.com/artifactory/api/npm/virtual-npm/css-what/-/css-what-6.2.2.tgz 0ms (cache hit)
469 http cache css-loader@https://artifactory.gcp.mercadona.com/artifactory/api/npm/virtual-npm/css-loader/-/css-loader-6.10.0.tgz 0ms (cache hit)
470 http cache cross-spawn@https://artifactory.gcp.mercadona.com/artifactory/api/npm/virtual-npm/cross-spawn/-/cross-spawn-7.0.6.tgz 0ms (cache hit)
471 http cache css-line-break@https://artifactory.gcp.mercadona.com/artifactory/api/npm/virtual-npm/css-line-break/-/css-line-break-2.1.0.tgz 0ms (cache hit)
472 http cache css-select@https://artifactory.gcp.mercadona.com/artifactory/api/npm/virtual-npm/css-select/-/css-select-5.2.2.tgz 0ms (cache hit)
473 http cache core-util-is@https://artifactory.gcp.mercadona.com/artifactory/api/npm/virtual-npm/core-util-is/-/core-util-is-1.0.3.tgz 0ms (cache hit)
474 http cache core-js-compat@https://artifactory.gcp.mercadona.com/artifactory/api/npm/virtual-npm/core-js-compat/-/core-js-compat-3.49.0.tgz 0ms (cache hit)
475 http cache cosmiconfig@https://artifactory.gcp.mercadona.com/artifactory/api/npm/virtual-npm/cosmiconfig/-/cosmiconfig-9.0.1.tgz 0ms (cache hit)
476 http cache cookie@https://artifactory.gcp.mercadona.com/artifactory/api/npm/virtual-npm/cookie/-/cookie-0.7.2.tgz 0ms (cache hit)
477 http cache copy-anything@https://artifactory.gcp.mercadona.com/artifactory/api/npm/virtual-npm/copy-anything/-/copy-anything-2.0.6.tgz 0ms (cache hit)
478 http cache critters@https://artifactory.gcp.mercadona.com/artifactory/api/npm/virtual-npm/critters/-/critters-0.0.22.tgz 0ms (cache hit)
479 http cache copy-webpack-plugin@https://artifactory.gcp.mercadona.com/artifactory/api/npm/virtual-npm/copy-webpack-plugin/-/copy-webpack-plugin-11.0.0.tgz 0ms (cache hit)
480 http cache convert-source-map@https://artifactory.gcp.mercadona.com/artifactory/api/npm/virtual-npm/convert-source-map/-/convert-source-map-1.9.0.tgz 0ms (cache hit)
481 http cache content-type@https://artifactory.gcp.mercadona.com/artifactory/api/npm/virtual-npm/content-type/-/content-type-1.0.5.tgz 0ms (cache hit)
482 http cache connect-history-api-fallback@https://artifactory.gcp.mercadona.com/artifactory/api/npm/virtual-npm/connect-history-api-fallback/-/connect-history-api-fallback-2.0.0.tgz 0ms (cache hit)
483 http cache cookie-signature@https://artifactory.gcp.mercadona.com/artifactory/api/npm/virtual-npm/cookie-signature/-/cookie-signature-1.0.7.tgz 0ms (cache hit)
484 http cache core-js@https://artifactory.gcp.mercadona.com/artifactory/api/npm/virtual-npm/core-js/-/core-js-3.49.0.tgz 0ms (cache hit)
485 http cache concat-map@https://artifactory.gcp.mercadona.com/artifactory/api/npm/virtual-npm/concat-map/-/concat-map-0.0.1.tgz 0ms (cache hit)
486 http cache content-disposition@https://artifactory.gcp.mercadona.com/artifactory/api/npm/virtual-npm/content-disposition/-/content-disposition-0.5.4.tgz 0ms (cache hit)
487 http cache compressible@https://artifactory.gcp.mercadona.com/artifactory/api/npm/virtual-npm/compressible/-/compressible-2.0.18.tgz 0ms (cache hit)
488 http cache compression@https://artifactory.gcp.mercadona.com/artifactory/api/npm/virtual-npm/compression/-/compression-1.8.1.tgz 0ms (cache hit)
489 http cache common-path-prefix@https://artifactory.gcp.mercadona.com/artifactory/api/npm/virtual-npm/common-path-prefix/-/common-path-prefix-3.0.0.tgz 0ms (cache hit)
490 http cache commander@https://artifactory.gcp.mercadona.com/artifactory/api/npm/virtual-npm/commander/-/commander-2.20.3.tgz 0ms (cache hit)
491 http cache color-name@https://artifactory.gcp.mercadona.com/artifactory/api/npm/virtual-npm/color-name/-/color-name-1.1.4.tgz 0ms (cache hit)
492 http cache color-convert@https://artifactory.gcp.mercadona.com/artifactory/api/npm/virtual-npm/color-convert/-/color-convert-2.0.1.tgz 0ms (cache hit)
493 http cache clone-deep@https://artifactory.gcp.mercadona.com/artifactory/api/npm/virtual-npm/clone-deep/-/clone-deep-4.0.1.tgz 0ms (cache hit)
494 http cache clone@https://artifactory.gcp.mercadona.com/artifactory/api/npm/virtual-npm/clone/-/clone-1.0.4.tgz 0ms (cache hit)
495 http cache cliui@https://artifactory.gcp.mercadona.com/artifactory/api/npm/virtual-npm/cliui/-/cliui-8.0.1.tgz 0ms (cache hit)
496 http cache cli-width@https://artifactory.gcp.mercadona.com/artifactory/api/npm/virtual-npm/cli-width/-/cli-width-4.1.0.tgz 0ms (cache hit)
497 http cache cli-spinners@https://artifactory.gcp.mercadona.com/artifactory/api/npm/virtual-npm/cli-spinners/-/cli-spinners-2.9.2.tgz 0ms (cache hit)
498 http cache colorette@https://artifactory.gcp.mercadona.com/artifactory/api/npm/virtual-npm/colorette/-/colorette-2.0.20.tgz 0ms (cache hit)
499 http cache clean-stack@https://artifactory.gcp.mercadona.com/artifactory/api/npm/virtual-npm/clean-stack/-/clean-stack-2.2.0.tgz 0ms (cache hit)
500 http cache chownr@https://artifactory.gcp.mercadona.com/artifactory/api/npm/virtual-npm/chownr/-/chownr-2.0.0.tgz 0ms (cache hit)
501 http cache chokidar@https://artifactory.gcp.mercadona.com/artifactory/api/npm/virtual-npm/chokidar/-/chokidar-3.6.0.tgz 0ms (cache hit)
502 http cache cli-cursor@https://artifactory.gcp.mercadona.com/artifactory/api/npm/virtual-npm/cli-cursor/-/cli-cursor-3.1.0.tgz 0ms (cache hit)
503 http cache chrome-trace-event@https://artifactory.gcp.mercadona.com/artifactory/api/npm/virtual-npm/chrome-trace-event/-/chrome-trace-event-1.0.4.tgz 0ms (cache hit)
504 http cache chart.js@https://artifactory.gcp.mercadona.com/artifactory/api/npm/virtual-npm/chart.js/-/chart.js-4.5.1.tgz 0ms (cache hit)
505 http cache chardet@https://artifactory.gcp.mercadona.com/artifactory/api/npm/virtual-npm/chardet/-/chardet-0.7.0.tgz 0ms (cache hit)
506 http cache chalk@https://artifactory.gcp.mercadona.com/artifactory/api/npm/virtual-npm/chalk/-/chalk-4.1.2.tgz 0ms (cache hit)
507 http cache canvg@https://artifactory.gcp.mercadona.com/artifactory/api/npm/virtual-npm/canvg/-/canvg-3.0.11.tgz 0ms (cache hit)
508 http cache camelcase@https://artifactory.gcp.mercadona.com/artifactory/api/npm/virtual-npm/camelcase/-/camelcase-5.3.1.tgz 0ms (cache hit)
509 http cache callsites@https://artifactory.gcp.mercadona.com/artifactory/api/npm/virtual-npm/callsites/-/callsites-3.1.0.tgz 0ms (cache hit)
510 http cache caniuse-lite@https://artifactory.gcp.mercadona.com/artifactory/api/npm/virtual-npm/caniuse-lite/-/caniuse-lite-1.0.30001787.tgz 0ms (cache hit)
511 http cache bytes@https://artifactory.gcp.mercadona.com/artifactory/api/npm/virtual-npm/bytes/-/bytes-3.1.2.tgz 0ms (cache hit)
512 http cache call-bound@https://artifactory.gcp.mercadona.com/artifactory/api/npm/virtual-npm/call-bound/-/call-bound-1.0.4.tgz 0ms (cache hit)
513 http cache call-bind-apply-helpers@https://artifactory.gcp.mercadona.com/artifactory/api/npm/virtual-npm/call-bind-apply-helpers/-/call-bind-apply-helpers-1.0.2.tgz 0ms (cache hit)
514 http cache cacache@https://artifactory.gcp.mercadona.com/artifactory/api/npm/virtual-npm/cacache/-/cacache-18.0.4.tgz 0ms (cache hit)
515 http cache call-bind@https://artifactory.gcp.mercadona.com/artifactory/api/npm/virtual-npm/call-bind/-/call-bind-1.0.9.tgz 0ms (cache hit)
516 http cache browserslist@https://artifactory.gcp.mercadona.com/artifactory/api/npm/virtual-npm/browserslist/-/browserslist-4.28.2.tgz 0ms (cache hit)
517 http cache buffer-from@https://artifactory.gcp.mercadona.com/artifactory/api/npm/virtual-npm/buffer-from/-/buffer-from-1.1.2.tgz 0ms (cache hit)
518 http cache braces@https://artifactory.gcp.mercadona.com/artifactory/api/npm/virtual-npm/braces/-/braces-3.0.3.tgz 0ms (cache hit)
519 http cache bonjour-service@https://artifactory.gcp.mercadona.com/artifactory/api/npm/virtual-npm/bonjour-service/-/bonjour-service-1.3.0.tgz 0ms (cache hit)
520 http cache buffer@https://artifactory.gcp.mercadona.com/artifactory/api/npm/virtual-npm/buffer/-/buffer-5.7.1.tgz 0ms (cache hit)
521 http cache body-parser@https://artifactory.gcp.mercadona.com/artifactory/api/npm/virtual-npm/body-parser/-/body-parser-1.20.4.tgz 0ms (cache hit)
522 http cache brace-expansion@https://artifactory.gcp.mercadona.com/artifactory/api/npm/virtual-npm/brace-expansion/-/brace-expansion-2.1.0.tgz 0ms (cache hit)
523 http cache binary-extensions@https://artifactory.gcp.mercadona.com/artifactory/api/npm/virtual-npm/binary-extensions/-/binary-extensions-2.3.0.tgz 0ms (cache hit)
524 http cache boolbase@https://artifactory.gcp.mercadona.com/artifactory/api/npm/virtual-npm/boolbase/-/boolbase-1.0.0.tgz 0ms (cache hit)
525 http cache big.js@https://artifactory.gcp.mercadona.com/artifactory/api/npm/virtual-npm/big.js/-/big.js-5.2.2.tgz 0ms (cache hit)
526 http cache batch@https://artifactory.gcp.mercadona.com/artifactory/api/npm/virtual-npm/batch/-/batch-0.6.1.tgz 0ms (cache hit)
527 http cache baseline-browser-mapping@https://artifactory.gcp.mercadona.com/artifactory/api/npm/virtual-npm/baseline-browser-mapping/-/baseline-browser-mapping-2.10.18.tgz 0ms (cache hit)
528 http cache bl@https://artifactory.gcp.mercadona.com/artifactory/api/npm/virtual-npm/bl/-/bl-4.1.0.tgz 0ms (cache hit)
529 http cache balanced-match@https://artifactory.gcp.mercadona.com/artifactory/api/npm/virtual-npm/balanced-match/-/balanced-match-1.0.2.tgz 0ms (cache hit)
530 http cache babel-plugin-polyfill-regenerator@https://artifactory.gcp.mercadona.com/artifactory/api/npm/virtual-npm/babel-plugin-polyfill-regenerator/-/babel-plugin-polyfill-regenerator-0.6.8.tgz 0ms (cache hit)
531 http cache base64-arraybuffer@https://artifactory.gcp.mercadona.com/artifactory/api/npm/virtual-npm/base64-arraybuffer/-/base64-arraybuffer-1.0.2.tgz 0ms (cache hit)
532 http cache babel-plugin-polyfill-corejs2@https://artifactory.gcp.mercadona.com/artifactory/api/npm/virtual-npm/babel-plugin-polyfill-corejs2/-/babel-plugin-polyfill-corejs2-0.4.17.tgz 0ms (cache hit)
533 http cache base64-js@https://artifactory.gcp.mercadona.com/artifactory/api/npm/virtual-npm/base64-js/-/base64-js-1.5.1.tgz 0ms (cache hit)
534 http cache babel-plugin-polyfill-corejs3@https://artifactory.gcp.mercadona.com/artifactory/api/npm/virtual-npm/babel-plugin-polyfill-corejs3/-/babel-plugin-polyfill-corejs3-0.11.1.tgz 0ms (cache hit)
535 http cache autoprefixer@https://artifactory.gcp.mercadona.com/artifactory/api/npm/virtual-npm/autoprefixer/-/autoprefixer-10.4.18.tgz 0ms (cache hit)
536 http cache anymatch@https://artifactory.gcp.mercadona.com/artifactory/api/npm/virtual-npm/anymatch/-/anymatch-3.1.3.tgz 0ms (cache hit)
537 http cache babel-loader@https://artifactory.gcp.mercadona.com/artifactory/api/npm/virtual-npm/babel-loader/-/babel-loader-9.1.3.tgz 0ms (cache hit)
538 http cache argparse@https://artifactory.gcp.mercadona.com/artifactory/api/npm/virtual-npm/argparse/-/argparse-1.0.10.tgz 0ms (cache hit)
539 http cache babel-plugin-istanbul@https://artifactory.gcp.mercadona.com/artifactory/api/npm/virtual-npm/babel-plugin-istanbul/-/babel-plugin-istanbul-6.1.1.tgz 0ms (cache hit)
540 http cache ansi-escapes@https://artifactory.gcp.mercadona.com/artifactory/api/npm/virtual-npm/ansi-escapes/-/ansi-escapes-4.3.2.tgz 0ms (cache hit)
541 http cache array-flatten@https://artifactory.gcp.mercadona.com/artifactory/api/npm/virtual-npm/array-flatten/-/array-flatten-1.1.1.tgz 0ms (cache hit)
542 http cache ansi-regex@https://artifactory.gcp.mercadona.com/artifactory/api/npm/virtual-npm/ansi-regex/-/ansi-regex-5.0.1.tgz 0ms (cache hit)
543 http cache ansi-styles@https://artifactory.gcp.mercadona.com/artifactory/api/npm/virtual-npm/ansi-styles/-/ansi-styles-4.3.0.tgz 0ms (cache hit)
544 http cache ansi-html-community@https://artifactory.gcp.mercadona.com/artifactory/api/npm/virtual-npm/ansi-html-community/-/ansi-html-community-0.0.8.tgz 0ms (cache hit)
545 http cache ajv-formats@https://artifactory.gcp.mercadona.com/artifactory/api/npm/virtual-npm/ajv-formats/-/ajv-formats-2.1.1.tgz 0ms (cache hit)
546 http cache ajv@https://artifactory.gcp.mercadona.com/artifactory/api/npm/virtual-npm/ajv/-/ajv-8.12.0.tgz 0ms (cache hit)
547 http cache ansi-colors@https://artifactory.gcp.mercadona.com/artifactory/api/npm/virtual-npm/ansi-colors/-/ansi-colors-4.1.3.tgz 0ms (cache hit)
548 http cache ajv-keywords@https://artifactory.gcp.mercadona.com/artifactory/api/npm/virtual-npm/ajv-keywords/-/ajv-keywords-5.1.0.tgz 0ms (cache hit)
549 http cache adjust-sourcemap-loader@https://artifactory.gcp.mercadona.com/artifactory/api/npm/virtual-npm/adjust-sourcemap-loader/-/adjust-sourcemap-loader-4.0.0.tgz 0ms (cache hit)
550 http cache agent-base@https://artifactory.gcp.mercadona.com/artifactory/api/npm/virtual-npm/agent-base/-/agent-base-7.1.4.tgz 0ms (cache hit)
551 http cache acorn-import-attributes@https://artifactory.gcp.mercadona.com/artifactory/api/npm/virtual-npm/acorn-import-attributes/-/acorn-import-attributes-1.9.5.tgz 0ms (cache hit)
552 http cache @yarnpkg/lockfile@https://artifactory.gcp.mercadona.com/artifactory/api/npm/virtual-npm/@yarnpkg/lockfile/-/lockfile-1.1.0.tgz 0ms (cache hit)
553 http cache accepts@https://artifactory.gcp.mercadona.com/artifactory/api/npm/virtual-npm/accepts/-/accepts-1.3.8.tgz 0ms (cache hit)
554 http cache abbrev@https://artifactory.gcp.mercadona.com/artifactory/api/npm/virtual-npm/abbrev/-/abbrev-2.0.0.tgz 0ms (cache hit)
555 http cache @xtuc/long@https://artifactory.gcp.mercadona.com/artifactory/api/npm/virtual-npm/@xtuc/long/-/long-4.2.2.tgz 0ms (cache hit)
556 http cache aggregate-error@https://artifactory.gcp.mercadona.com/artifactory/api/npm/virtual-npm/aggregate-error/-/aggregate-error-3.1.0.tgz 0ms (cache hit)
557 http cache @xtuc/ieee754@https://artifactory.gcp.mercadona.com/artifactory/api/npm/virtual-npm/@xtuc/ieee754/-/ieee754-1.2.0.tgz 0ms (cache hit)
558 http cache acorn@https://artifactory.gcp.mercadona.com/artifactory/api/npm/virtual-npm/acorn/-/acorn-8.16.0.tgz 0ms (cache hit)
559 http cache @webassemblyjs/wast-printer@https://artifactory.gcp.mercadona.com/artifactory/api/npm/virtual-npm/@webassemblyjs/wast-printer/-/wast-printer-1.14.1.tgz 0ms (cache hit)
560 http cache @webassemblyjs/wasm-parser@https://artifactory.gcp.mercadona.com/artifactory/api/npm/virtual-npm/@webassemblyjs/wasm-parser/-/wasm-parser-1.14.1.tgz 0ms (cache hit)
561 http cache @webassemblyjs/utf8@https://artifactory.gcp.mercadona.com/artifactory/api/npm/virtual-npm/@webassemblyjs/utf8/-/utf8-1.13.2.tgz 0ms (cache hit)
562 http cache @webassemblyjs/wasm-gen@https://artifactory.gcp.mercadona.com/artifactory/api/npm/virtual-npm/@webassemblyjs/wasm-gen/-/wasm-gen-1.14.1.tgz 0ms (cache hit)
563 http cache @webassemblyjs/leb128@https://artifactory.gcp.mercadona.com/artifactory/api/npm/virtual-npm/@webassemblyjs/leb128/-/leb128-1.13.2.tgz 0ms (cache hit)
564 http cache @webassemblyjs/wasm-edit@https://artifactory.gcp.mercadona.com/artifactory/api/npm/virtual-npm/@webassemblyjs/wasm-edit/-/wasm-edit-1.14.1.tgz 0ms (cache hit)
565 http cache @webassemblyjs/ieee754@https://artifactory.gcp.mercadona.com/artifactory/api/npm/virtual-npm/@webassemblyjs/ieee754/-/ieee754-1.13.2.tgz 0ms (cache hit)
566 http cache @webassemblyjs/helper-numbers@https://artifactory.gcp.mercadona.com/artifactory/api/npm/virtual-npm/@webassemblyjs/helper-numbers/-/helper-numbers-1.13.2.tgz 0ms (cache hit)
567 http cache @webassemblyjs/wasm-opt@https://artifactory.gcp.mercadona.com/artifactory/api/npm/virtual-npm/@webassemblyjs/wasm-opt/-/wasm-opt-1.14.1.tgz 0ms (cache hit)
568 http cache @webassemblyjs/helper-wasm-section@https://artifactory.gcp.mercadona.com/artifactory/api/npm/virtual-npm/@webassemblyjs/helper-wasm-section/-/helper-wasm-section-1.14.1.tgz 0ms (cache hit)
569 http cache @webassemblyjs/floating-point-hex-parser@https://artifactory.gcp.mercadona.com/artifactory/api/npm/virtual-npm/@webassemblyjs/floating-point-hex-parser/-/floating-point-hex-parser-1.13.2.tgz 0ms (cache hit)
570 http cache @webassemblyjs/helper-buffer@https://artifactory.gcp.mercadona.com/artifactory/api/npm/virtual-npm/@webassemblyjs/helper-buffer/-/helper-buffer-1.14.1.tgz 0ms (cache hit)
571 http cache @webassemblyjs/ast@https://artifactory.gcp.mercadona.com/artifactory/api/npm/virtual-npm/@webassemblyjs/ast/-/ast-1.14.1.tgz 0ms (cache hit)
572 http cache @webassemblyjs/helper-api-error@https://artifactory.gcp.mercadona.com/artifactory/api/npm/virtual-npm/@webassemblyjs/helper-api-error/-/helper-api-error-1.13.2.tgz 0ms (cache hit)
573 http cache @types/ws@https://artifactory.gcp.mercadona.com/artifactory/api/npm/virtual-npm/@types/ws/-/ws-8.18.1.tgz 0ms (cache hit)
574 http cache @vitejs/plugin-basic-ssl@https://artifactory.gcp.mercadona.com/artifactory/api/npm/virtual-npm/@vitejs/plugin-basic-ssl/-/plugin-basic-ssl-1.1.0.tgz 0ms (cache hit)
575 http cache @webassemblyjs/helper-wasm-bytecode@https://artifactory.gcp.mercadona.com/artifactory/api/npm/virtual-npm/@webassemblyjs/helper-wasm-bytecode/-/helper-wasm-bytecode-1.13.2.tgz 0ms (cache hit)
576 http cache @types/sockjs@https://artifactory.gcp.mercadona.com/artifactory/api/npm/virtual-npm/@types/sockjs/-/sockjs-0.3.36.tgz 0ms (cache hit)
577 http cache @types/serve-static@https://artifactory.gcp.mercadona.com/artifactory/api/npm/virtual-npm/@types/serve-static/-/serve-static-1.15.10.tgz 0ms (cache hit)
578 http cache @types/trusted-types@https://artifactory.gcp.mercadona.com/artifactory/api/npm/virtual-npm/@types/trusted-types/-/trusted-types-2.0.7.tgz 0ms (cache hit)
579 http cache @types/serve-index@https://artifactory.gcp.mercadona.com/artifactory/api/npm/virtual-npm/@types/serve-index/-/serve-index-1.9.4.tgz 0ms (cache hit)
580 http cache @types/tinycolor2@https://artifactory.gcp.mercadona.com/artifactory/api/npm/virtual-npm/@types/tinycolor2/-/tinycolor2-1.4.6.tgz 0ms (cache hit)
581 http cache @types/range-parser@https://artifactory.gcp.mercadona.com/artifactory/api/npm/virtual-npm/@types/range-parser/-/range-parser-1.2.7.tgz 0ms (cache hit)
582 http cache @types/retry@https://artifactory.gcp.mercadona.com/artifactory/api/npm/virtual-npm/@types/retry/-/retry-0.12.0.tgz 0ms (cache hit)
583 http cache @types/qs@https://artifactory.gcp.mercadona.com/artifactory/api/npm/virtual-npm/@types/qs/-/qs-6.15.0.tgz 0ms (cache hit)
584 http cache @types/node-forge@https://artifactory.gcp.mercadona.com/artifactory/api/npm/virtual-npm/@types/node-forge/-/node-forge-1.3.14.tgz 0ms (cache hit)
585 http cache @types/send@https://artifactory.gcp.mercadona.com/artifactory/api/npm/virtual-npm/@types/send/-/send-1.2.1.tgz 0ms (cache hit)
586 http cache @types/pako@https://artifactory.gcp.mercadona.com/artifactory/api/npm/virtual-npm/@types/pako/-/pako-2.0.4.tgz 0ms (cache hit)
587 http cache @types/mime@https://artifactory.gcp.mercadona.com/artifactory/api/npm/virtual-npm/@types/mime/-/mime-1.3.5.tgz 0ms (cache hit)
588 http cache @types/leaflet@https://artifactory.gcp.mercadona.com/artifactory/api/npm/virtual-npm/@types/leaflet/-/leaflet-1.9.21.tgz 0ms (cache hit)
589 http cache @types/json-schema@https://artifactory.gcp.mercadona.com/artifactory/api/npm/virtual-npm/@types/json-schema/-/json-schema-7.0.15.tgz 0ms (cache hit)
590 http cache @types/geojson@https://artifactory.gcp.mercadona.com/artifactory/api/npm/virtual-npm/@types/geojson/-/geojson-7946.0.16.tgz 0ms (cache hit)
591 http cache @types/node@https://artifactory.gcp.mercadona.com/artifactory/api/npm/virtual-npm/@types/node/-/node-18.19.130.tgz 0ms (cache hit)
592 http cache @types/http-proxy@https://artifactory.gcp.mercadona.com/artifactory/api/npm/virtual-npm/@types/http-proxy/-/http-proxy-1.17.17.tgz 0ms (cache hit)
593 http cache @types/http-errors@https://artifactory.gcp.mercadona.com/artifactory/api/npm/virtual-npm/@types/http-errors/-/http-errors-2.0.5.tgz 0ms (cache hit)
594 http cache @types/express@https://artifactory.gcp.mercadona.com/artifactory/api/npm/virtual-npm/@types/express/-/express-4.17.25.tgz 0ms (cache hit)
595 http cache @types/raf@https://artifactory.gcp.mercadona.com/artifactory/api/npm/virtual-npm/@types/raf/-/raf-3.4.3.tgz 0ms (cache hit)
596 http cache @types/express-serve-static-core@https://artifactory.gcp.mercadona.com/artifactory/api/npm/virtual-npm/@types/express-serve-static-core/-/express-serve-static-core-5.1.1.tgz 0ms (cache hit)
597 http cache @types/connect@https://artifactory.gcp.mercadona.com/artifactory/api/npm/virtual-npm/@types/connect/-/connect-3.4.38.tgz 0ms (cache hit)
598 http cache @types/connect-history-api-fallback@https://artifactory.gcp.mercadona.com/artifactory/api/npm/virtual-npm/@types/connect-history-api-fallback/-/connect-history-api-fallback-1.5.4.tgz 0ms (cache hit)
599 http cache @types/body-parser@https://artifactory.gcp.mercadona.com/artifactory/api/npm/virtual-npm/@types/body-parser/-/body-parser-1.19.6.tgz 0ms (cache hit)
600 http cache @types/bonjour@https://artifactory.gcp.mercadona.com/artifactory/api/npm/virtual-npm/@types/bonjour/-/bonjour-3.5.13.tgz 0ms (cache hit)
601 http cache @types/estree@https://artifactory.gcp.mercadona.com/artifactory/api/npm/virtual-npm/@types/estree/-/estree-1.0.8.tgz 0ms (cache hit)
602 http cache @tufjs/models@https://artifactory.gcp.mercadona.com/artifactory/api/npm/virtual-npm/@tufjs/models/-/models-2.0.1.tgz 0ms (cache hit)
603 http cache @tufjs/canonical-json@https://artifactory.gcp.mercadona.com/artifactory/api/npm/virtual-npm/@tufjs/canonical-json/-/canonical-json-2.0.0.tgz 0ms (cache hit)
604 http cache @sigstore/sign@https://artifactory.gcp.mercadona.com/artifactory/api/npm/virtual-npm/@sigstore/sign/-/sign-2.3.2.tgz 0ms (cache hit)
605 http cache @sigstore/verify@https://artifactory.gcp.mercadona.com/artifactory/api/npm/virtual-npm/@sigstore/verify/-/verify-1.2.1.tgz 0ms (cache hit)
606 http cache @sigstore/core@https://artifactory.gcp.mercadona.com/artifactory/api/npm/virtual-npm/@sigstore/core/-/core-1.1.0.tgz 0ms (cache hit)
607 http cache @sigstore/tuf@https://artifactory.gcp.mercadona.com/artifactory/api/npm/virtual-npm/@sigstore/tuf/-/tuf-2.3.4.tgz 0ms (cache hit)
608 http cache @swimlane/ngx-charts@https://artifactory.gcp.mercadona.com/artifactory/api/npm/virtual-npm/@swimlane/ngx-charts/-/ngx-charts-22.0.0.tgz 0ms (cache hit)
609 http cache @sigstore/protobuf-specs@https://artifactory.gcp.mercadona.com/artifactory/api/npm/virtual-npm/@sigstore/protobuf-specs/-/protobuf-specs-0.3.3.tgz 0ms (cache hit)
610 http cache @schematics/angular@https://artifactory.gcp.mercadona.com/artifactory/api/npm/virtual-npm/@schematics/angular/-/angular-17.3.17.tgz 0ms (cache hit)
611 http cache @sigstore/bundle@https://artifactory.gcp.mercadona.com/artifactory/api/npm/virtual-npm/@sigstore/bundle/-/bundle-2.3.2.tgz 0ms (cache hit)
612 http cache @rollup/rollup-darwin-arm64@https://artifactory.gcp.mercadona.com/artifactory/api/npm/virtual-npm/@rollup/rollup-darwin-arm64/-/rollup-darwin-arm64-4.60.1.tgz 0ms (cache hit)
613 http cache @npmcli/promise-spawn@https://artifactory.gcp.mercadona.com/artifactory/api/npm/virtual-npm/@npmcli/promise-spawn/-/promise-spawn-7.0.2.tgz 0ms (cache hit)
614 http cache @npmcli/run-script@https://artifactory.gcp.mercadona.com/artifactory/api/npm/virtual-npm/@npmcli/run-script/-/run-script-7.0.4.tgz 0ms (cache hit)
615 http cache @npmcli/node-gyp@https://artifactory.gcp.mercadona.com/artifactory/api/npm/virtual-npm/@npmcli/node-gyp/-/node-gyp-3.0.0.tgz 0ms (cache hit)
616 http cache @npmcli/redact@https://artifactory.gcp.mercadona.com/artifactory/api/npm/virtual-npm/@npmcli/redact/-/redact-1.1.0.tgz 0ms (cache hit)
617 http cache @pkgjs/parseargs@https://artifactory.gcp.mercadona.com/artifactory/api/npm/virtual-npm/@pkgjs/parseargs/-/parseargs-0.11.0.tgz 0ms (cache hit)
618 http cache @npmcli/installed-package-contents@https://artifactory.gcp.mercadona.com/artifactory/api/npm/virtual-npm/@npmcli/installed-package-contents/-/installed-package-contents-2.1.0.tgz 0ms (cache hit)
619 http cache @npmcli/fs@https://artifactory.gcp.mercadona.com/artifactory/api/npm/virtual-npm/@npmcli/fs/-/fs-3.1.1.tgz 0ms (cache hit)
620 http cache @npmcli/git@https://artifactory.gcp.mercadona.com/artifactory/api/npm/virtual-npm/@npmcli/git/-/git-5.0.8.tgz 0ms (cache hit)
621 http cache @npmcli/agent@https://artifactory.gcp.mercadona.com/artifactory/api/npm/virtual-npm/@npmcli/agent/-/agent-2.2.2.tgz 0ms (cache hit)
622 http cache @nodelib/fs.walk@https://artifactory.gcp.mercadona.com/artifactory/api/npm/virtual-npm/@nodelib/fs.walk/-/fs.walk-1.2.8.tgz 0ms (cache hit)
623 http cache @npmcli/package-json@https://artifactory.gcp.mercadona.com/artifactory/api/npm/virtual-npm/@npmcli/package-json/-/package-json-5.2.1.tgz 0ms (cache hit)
624 http cache @ngtools/webpack@https://artifactory.gcp.mercadona.com/artifactory/api/npm/virtual-npm/@ngtools/webpack/-/webpack-17.3.17.tgz 0ms (cache hit)
625 http cache @nodelib/fs.stat@https://artifactory.gcp.mercadona.com/artifactory/api/npm/virtual-npm/@nodelib/fs.stat/-/fs.stat-2.0.5.tgz 0ms (cache hit)
626 http cache @nodelib/fs.scandir@https://artifactory.gcp.mercadona.com/artifactory/api/npm/virtual-npm/@nodelib/fs.scandir/-/fs.scandir-2.1.5.tgz 0ms (cache hit)
627 http cache @material/typography@https://artifactory.gcp.mercadona.com/artifactory/api/npm/virtual-npm/@material/typography/-/typography-15.0.0-canary.7f224ddd4.0.tgz 0ms (cache hit)
628 http cache @material/tokens@https://artifactory.gcp.mercadona.com/artifactory/api/npm/virtual-npm/@material/tokens/-/tokens-15.0.0-canary.7f224ddd4.0.tgz 0ms (cache hit)
629 http cache @material/touch-target@https://artifactory.gcp.mercadona.com/artifactory/api/npm/virtual-npm/@material/touch-target/-/touch-target-15.0.0-canary.7f224ddd4.0.tgz 0ms (cache hit)
630 http cache @material/tooltip@https://artifactory.gcp.mercadona.com/artifactory/api/npm/virtual-npm/@material/tooltip/-/tooltip-15.0.0-canary.7f224ddd4.0.tgz 0ms (cache hit)
631 http cache @material/textfield@https://artifactory.gcp.mercadona.com/artifactory/api/npm/virtual-npm/@material/textfield/-/textfield-15.0.0-canary.7f224ddd4.0.tgz 0ms (cache hit)
632 http cache @material/top-app-bar@https://artifactory.gcp.mercadona.com/artifactory/api/npm/virtual-npm/@material/top-app-bar/-/top-app-bar-15.0.0-canary.7f224ddd4.0.tgz 0ms (cache hit)
633 http cache @material/tab-scroller@https://artifactory.gcp.mercadona.com/artifactory/api/npm/virtual-npm/@material/tab-scroller/-/tab-scroller-15.0.0-canary.7f224ddd4.0.tgz 0ms (cache hit)
634 http cache @material/theme@https://artifactory.gcp.mercadona.com/artifactory/api/npm/virtual-npm/@material/theme/-/theme-15.0.0-canary.7f224ddd4.0.tgz 0ms (cache hit)
635 http cache @material/tab-bar@https://artifactory.gcp.mercadona.com/artifactory/api/npm/virtual-npm/@material/tab-bar/-/tab-bar-15.0.0-canary.7f224ddd4.0.tgz 0ms (cache hit)
636 http cache @material/snackbar@https://artifactory.gcp.mercadona.com/artifactory/api/npm/virtual-npm/@material/snackbar/-/snackbar-15.0.0-canary.7f224ddd4.0.tgz 0ms (cache hit)
637 http cache @material/switch@https://artifactory.gcp.mercadona.com/artifactory/api/npm/virtual-npm/@material/switch/-/switch-15.0.0-canary.7f224ddd4.0.tgz 0ms (cache hit)
638 http cache @material/shape@https://artifactory.gcp.mercadona.com/artifactory/api/npm/virtual-npm/@material/shape/-/shape-15.0.0-canary.7f224ddd4.0.tgz 0ms (cache hit)
639 http cache @material/tab-indicator@https://artifactory.gcp.mercadona.com/artifactory/api/npm/virtual-npm/@material/tab-indicator/-/tab-indicator-15.0.0-canary.7f224ddd4.0.tgz 0ms (cache hit)
640 http cache @material/segmented-button@https://artifactory.gcp.mercadona.com/artifactory/api/npm/virtual-npm/@material/segmented-button/-/segmented-button-15.0.0-canary.7f224ddd4.0.tgz 0ms (cache hit)
641 http cache @material/slider@https://artifactory.gcp.mercadona.com/artifactory/api/npm/virtual-npm/@material/slider/-/slider-15.0.0-canary.7f224ddd4.0.tgz 0ms (cache hit)
642 http cache @material/rtl@https://artifactory.gcp.mercadona.com/artifactory/api/npm/virtual-npm/@material/rtl/-/rtl-15.0.0-canary.7f224ddd4.0.tgz 0ms (cache hit)
643 http cache @material/tab@https://artifactory.gcp.mercadona.com/artifactory/api/npm/virtual-npm/@material/tab/-/tab-15.0.0-canary.7f224ddd4.0.tgz 0ms (cache hit)
644 http cache @material/radio@https://artifactory.gcp.mercadona.com/artifactory/api/npm/virtual-npm/@material/radio/-/radio-15.0.0-canary.7f224ddd4.0.tgz 0ms (cache hit)
645 http cache @material/select@https://artifactory.gcp.mercadona.com/artifactory/api/npm/virtual-npm/@material/select/-/select-15.0.0-canary.7f224ddd4.0.tgz 0ms (cache hit)
646 http cache @material/notched-outline@https://artifactory.gcp.mercadona.com/artifactory/api/npm/virtual-npm/@material/notched-outline/-/notched-outline-15.0.0-canary.7f224ddd4.0.tgz 0ms (cache hit)
647 http cache @material/progress-indicator@https://artifactory.gcp.mercadona.com/artifactory/api/npm/virtual-npm/@material/progress-indicator/-/progress-indicator-15.0.0-canary.7f224ddd4.0.tgz 0ms (cache hit)
648 http cache @material/menu-surface@https://artifactory.gcp.mercadona.com/artifactory/api/npm/virtual-npm/@material/menu-surface/-/menu-surface-15.0.0-canary.7f224ddd4.0.tgz 0ms (cache hit)
649 http cache @material/ripple@https://artifactory.gcp.mercadona.com/artifactory/api/npm/virtual-npm/@material/ripple/-/ripple-15.0.0-canary.7f224ddd4.0.tgz 0ms (cache hit)
650 http cache @material/line-ripple@https://artifactory.gcp.mercadona.com/artifactory/api/npm/virtual-npm/@material/line-ripple/-/line-ripple-15.0.0-canary.7f224ddd4.0.tgz 0ms (cache hit)
651 http cache @material/menu@https://artifactory.gcp.mercadona.com/artifactory/api/npm/virtual-npm/@material/menu/-/menu-15.0.0-canary.7f224ddd4.0.tgz 0ms (cache hit)
652 http cache @material/list@https://artifactory.gcp.mercadona.com/artifactory/api/npm/virtual-npm/@material/list/-/list-15.0.0-canary.7f224ddd4.0.tgz 0ms (cache hit)
653 http cache @material/linear-progress@https://artifactory.gcp.mercadona.com/artifactory/api/npm/virtual-npm/@material/linear-progress/-/linear-progress-15.0.0-canary.7f224ddd4.0.tgz 0ms (cache hit)
654 http cache @material/layout-grid@https://artifactory.gcp.mercadona.com/artifactory/api/npm/virtual-npm/@material/layout-grid/-/layout-grid-15.0.0-canary.7f224ddd4.0.tgz 0ms (cache hit)
655 http cache @material/image-list@https://artifactory.gcp.mercadona.com/artifactory/api/npm/virtual-npm/@material/image-list/-/image-list-15.0.0-canary.7f224ddd4.0.tgz 0ms (cache hit)
656 http cache @material/icon-button@https://artifactory.gcp.mercadona.com/artifactory/api/npm/virtual-npm/@material/icon-button/-/icon-button-15.0.0-canary.7f224ddd4.0.tgz 0ms (cache hit)
657 http cache @material/form-field@https://artifactory.gcp.mercadona.com/artifactory/api/npm/virtual-npm/@material/form-field/-/form-field-15.0.0-canary.7f224ddd4.0.tgz 0ms (cache hit)
658 http cache @material/floating-label@https://artifactory.gcp.mercadona.com/artifactory/api/npm/virtual-npm/@material/floating-label/-/floating-label-15.0.0-canary.7f224ddd4.0.tgz 0ms (cache hit)
659 http cache @material/focus-ring@https://artifactory.gcp.mercadona.com/artifactory/api/npm/virtual-npm/@material/focus-ring/-/focus-ring-15.0.0-canary.7f224ddd4.0.tgz 0ms (cache hit)
660 http cache @material/feature-targeting@https://artifactory.gcp.mercadona.com/artifactory/api/npm/virtual-npm/@material/feature-targeting/-/feature-targeting-15.0.0-canary.7f224ddd4.0.tgz 0ms (cache hit)
661 http cache @material/fab@https://artifactory.gcp.mercadona.com/artifactory/api/npm/virtual-npm/@material/fab/-/fab-15.0.0-canary.7f224ddd4.0.tgz 0ms (cache hit)
662 http cache @material/dom@https://artifactory.gcp.mercadona.com/artifactory/api/npm/virtual-npm/@material/dom/-/dom-15.0.0-canary.7f224ddd4.0.tgz 0ms (cache hit)
663 http cache @material/drawer@https://artifactory.gcp.mercadona.com/artifactory/api/npm/virtual-npm/@material/drawer/-/drawer-15.0.0-canary.7f224ddd4.0.tgz 0ms (cache hit)
664 http cache @material/dialog@https://artifactory.gcp.mercadona.com/artifactory/api/npm/virtual-npm/@material/dialog/-/dialog-15.0.0-canary.7f224ddd4.0.tgz 0ms (cache hit)
665 http cache @material/elevation@https://artifactory.gcp.mercadona.com/artifactory/api/npm/virtual-npm/@material/elevation/-/elevation-15.0.0-canary.7f224ddd4.0.tgz 0ms (cache hit)
666 http cache @material/data-table@https://artifactory.gcp.mercadona.com/artifactory/api/npm/virtual-npm/@material/data-table/-/data-table-15.0.0-canary.7f224ddd4.0.tgz 0ms (cache hit)
667 http cache @material/circular-progress@https://artifactory.gcp.mercadona.com/artifactory/api/npm/virtual-npm/@material/circular-progress/-/circular-progress-15.0.0-canary.7f224ddd4.0.tgz 0ms (cache hit)
668 http cache @material/chips@https://artifactory.gcp.mercadona.com/artifactory/api/npm/virtual-npm/@material/chips/-/chips-15.0.0-canary.7f224ddd4.0.tgz 0ms (cache hit)
669 http cache @material/checkbox@https://artifactory.gcp.mercadona.com/artifactory/api/npm/virtual-npm/@material/checkbox/-/checkbox-15.0.0-canary.7f224ddd4.0.tgz 0ms (cache hit)
670 http cache @material/density@https://artifactory.gcp.mercadona.com/artifactory/api/npm/virtual-npm/@material/density/-/density-15.0.0-canary.7f224ddd4.0.tgz 0ms (cache hit)
671 http cache @material/base@https://artifactory.gcp.mercadona.com/artifactory/api/npm/virtual-npm/@material/base/-/base-15.0.0-canary.7f224ddd4.0.tgz 0ms (cache hit)
672 http cache @material/card@https://artifactory.gcp.mercadona.com/artifactory/api/npm/virtual-npm/@material/card/-/card-15.0.0-canary.7f224ddd4.0.tgz 0ms (cache hit)
673 http cache @material/auto-init@https://artifactory.gcp.mercadona.com/artifactory/api/npm/virtual-npm/@material/auto-init/-/auto-init-15.0.0-canary.7f224ddd4.0.tgz 0ms (cache hit)
674 http cache @material/button@https://artifactory.gcp.mercadona.com/artifactory/api/npm/virtual-npm/@material/button/-/button-15.0.0-canary.7f224ddd4.0.tgz 0ms (cache hit)
675 http cache @material/animation@https://artifactory.gcp.mercadona.com/artifactory/api/npm/virtual-npm/@material/animation/-/animation-15.0.0-canary.7f224ddd4.0.tgz 0ms (cache hit)
676 http cache @material/banner@https://artifactory.gcp.mercadona.com/artifactory/api/npm/virtual-npm/@material/banner/-/banner-15.0.0-canary.7f224ddd4.0.tgz 0ms (cache hit)
677 http cache @ljharb/through@https://artifactory.gcp.mercadona.com/artifactory/api/npm/virtual-npm/@ljharb/through/-/through-2.3.14.tgz 0ms (cache hit)
678 http cache @leichtgewicht/ip-codec@https://artifactory.gcp.mercadona.com/artifactory/api/npm/virtual-npm/@leichtgewicht/ip-codec/-/ip-codec-2.0.5.tgz 0ms (cache hit)
679 http cache @jridgewell/trace-mapping@https://artifactory.gcp.mercadona.com/artifactory/api/npm/virtual-npm/@jridgewell/trace-mapping/-/trace-mapping-0.3.31.tgz 0ms (cache hit)
680 http cache @kurkle/color@https://artifactory.gcp.mercadona.com/artifactory/api/npm/virtual-npm/@kurkle/color/-/color-0.3.4.tgz 0ms (cache hit)
681 http cache @jridgewell/sourcemap-codec@https://artifactory.gcp.mercadona.com/artifactory/api/npm/virtual-npm/@jridgewell/sourcemap-codec/-/sourcemap-codec-1.5.5.tgz 0ms (cache hit)
682 http cache @jridgewell/source-map@https://artifactory.gcp.mercadona.com/artifactory/api/npm/virtual-npm/@jridgewell/source-map/-/source-map-0.3.11.tgz 0ms (cache hit)
683 http cache @jridgewell/resolve-uri@https://artifactory.gcp.mercadona.com/artifactory/api/npm/virtual-npm/@jridgewell/resolve-uri/-/resolve-uri-3.1.2.tgz 0ms (cache hit)
684 http cache @istanbuljs/schema@https://artifactory.gcp.mercadona.com/artifactory/api/npm/virtual-npm/@istanbuljs/schema/-/schema-0.1.3.tgz 0ms (cache hit)
685 http cache @isaacs/cliui@https://artifactory.gcp.mercadona.com/artifactory/api/npm/virtual-npm/@isaacs/cliui/-/cliui-8.0.2.tgz 0ms (cache hit)
686 http cache @esbuild/darwin-arm64@https://artifactory.gcp.mercadona.com/artifactory/api/npm/virtual-npm/@esbuild/darwin-arm64/-/darwin-arm64-0.20.1.tgz 0ms (cache hit)
687 http cache @jridgewell/gen-mapping@https://artifactory.gcp.mercadona.com/artifactory/api/npm/virtual-npm/@jridgewell/gen-mapping/-/gen-mapping-0.3.13.tgz 0ms (cache hit)
688 http cache @istanbuljs/load-nyc-config@https://artifactory.gcp.mercadona.com/artifactory/api/npm/virtual-npm/@istanbuljs/load-nyc-config/-/load-nyc-config-1.1.0.tgz 0ms (cache hit)
689 http cache @babel/types@https://artifactory.gcp.mercadona.com/artifactory/api/npm/virtual-npm/@babel/types/-/types-7.29.0.tgz 0ms (cache hit)
690 http cache @discoveryjs/json-ext@https://artifactory.gcp.mercadona.com/artifactory/api/npm/virtual-npm/@discoveryjs/json-ext/-/json-ext-0.5.7.tgz 0ms (cache hit)
691 http cache @babel/template@https://artifactory.gcp.mercadona.com/artifactory/api/npm/virtual-npm/@babel/template/-/template-7.28.6.tgz 0ms (cache hit)
692 http cache @babel/traverse@https://artifactory.gcp.mercadona.com/artifactory/api/npm/virtual-npm/@babel/traverse/-/traverse-7.29.0.tgz 0ms (cache hit)
693 http cache @babel/runtime@https://artifactory.gcp.mercadona.com/artifactory/api/npm/virtual-npm/@babel/runtime/-/runtime-7.26.10.tgz 0ms (cache hit)
694 http cache @babel/preset-modules@https://artifactory.gcp.mercadona.com/artifactory/api/npm/virtual-npm/@babel/preset-modules/-/preset-modules-0.1.6-no-external-plugins.tgz 0ms (cache hit)
695 http cache @babel/preset-env@https://artifactory.gcp.mercadona.com/artifactory/api/npm/virtual-npm/@babel/preset-env/-/preset-env-7.26.9.tgz 0ms (cache hit)
696 http cache @babel/plugin-transform-unicode-regex@https://artifactory.gcp.mercadona.com/artifactory/api/npm/virtual-npm/@babel/plugin-transform-unicode-regex/-/plugin-transform-unicode-regex-7.27.1.tgz 0ms (cache hit)
697 http cache @babel/plugin-transform-unicode-escapes@https://artifactory.gcp.mercadona.com/artifactory/api/npm/virtual-npm/@babel/plugin-transform-unicode-escapes/-/plugin-transform-unicode-escapes-7.27.1.tgz 0ms (cache hit)
698 http cache @babel/plugin-transform-unicode-property-regex@https://artifactory.gcp.mercadona.com/artifactory/api/npm/virtual-npm/@babel/plugin-transform-unicode-property-regex/-/plugin-transform-unicode-property-regex-7.28.6.tgz 0ms (cache hit)
699 http cache @babel/plugin-transform-unicode-sets-regex@https://artifactory.gcp.mercadona.com/artifactory/api/npm/virtual-npm/@babel/plugin-transform-unicode-sets-regex/-/plugin-transform-unicode-sets-regex-7.28.6.tgz 0ms (cache hit)
700 http cache @babel/plugin-transform-template-literals@https://artifactory.gcp.mercadona.com/artifactory/api/npm/virtual-npm/@babel/plugin-transform-template-literals/-/plugin-transform-template-literals-7.27.1.tgz 0ms (cache hit)
701 http cache @babel/plugin-transform-typeof-symbol@https://artifactory.gcp.mercadona.com/artifactory/api/npm/virtual-npm/@babel/plugin-transform-typeof-symbol/-/plugin-transform-typeof-symbol-7.27.1.tgz 0ms (cache hit)
702 http cache @babel/plugin-transform-runtime@https://artifactory.gcp.mercadona.com/artifactory/api/npm/virtual-npm/@babel/plugin-transform-runtime/-/plugin-transform-runtime-7.26.10.tgz 0ms (cache hit)
703 http cache @babel/plugin-transform-sticky-regex@https://artifactory.gcp.mercadona.com/artifactory/api/npm/virtual-npm/@babel/plugin-transform-sticky-regex/-/plugin-transform-sticky-regex-7.27.1.tgz 0ms (cache hit)
704 http cache @babel/plugin-transform-regexp-modifiers@https://artifactory.gcp.mercadona.com/artifactory/api/npm/virtual-npm/@babel/plugin-transform-regexp-modifiers/-/plugin-transform-regexp-modifiers-7.28.6.tgz 0ms (cache hit)
705 http cache @babel/plugin-transform-spread@https://artifactory.gcp.mercadona.com/artifactory/api/npm/virtual-npm/@babel/plugin-transform-spread/-/plugin-transform-spread-7.28.6.tgz 0ms (cache hit)
706 http cache @babel/plugin-transform-property-literals@https://artifactory.gcp.mercadona.com/artifactory/api/npm/virtual-npm/@babel/plugin-transform-property-literals/-/plugin-transform-property-literals-7.27.1.tgz 0ms (cache hit)
707 http cache @babel/plugin-transform-shorthand-properties@https://artifactory.gcp.mercadona.com/artifactory/api/npm/virtual-npm/@babel/plugin-transform-shorthand-properties/-/plugin-transform-shorthand-properties-7.27.1.tgz 0ms (cache hit)
708 http cache @babel/plugin-transform-parameters@https://artifactory.gcp.mercadona.com/artifactory/api/npm/virtual-npm/@babel/plugin-transform-parameters/-/plugin-transform-parameters-7.27.7.tgz 0ms (cache hit)
709 http cache @babel/plugin-transform-regenerator@https://artifactory.gcp.mercadona.com/artifactory/api/npm/virtual-npm/@babel/plugin-transform-regenerator/-/plugin-transform-regenerator-7.29.0.tgz 0ms (cache hit)
710 http cache @babel/plugin-transform-private-property-in-object@https://artifactory.gcp.mercadona.com/artifactory/api/npm/virtual-npm/@babel/plugin-transform-private-property-in-object/-/plugin-transform-private-property-in-object-7.28.6.tgz 0ms (cache hit)
711 http cache @babel/plugin-transform-reserved-words@https://artifactory.gcp.mercadona.com/artifactory/api/npm/virtual-npm/@babel/plugin-transform-reserved-words/-/plugin-transform-reserved-words-7.27.1.tgz 0ms (cache hit)
712 http cache @babel/plugin-transform-optional-chaining@https://artifactory.gcp.mercadona.com/artifactory/api/npm/virtual-npm/@babel/plugin-transform-optional-chaining/-/plugin-transform-optional-chaining-7.28.6.tgz 0ms (cache hit)
713 http cache @babel/plugin-transform-private-methods@https://artifactory.gcp.mercadona.com/artifactory/api/npm/virtual-npm/@babel/plugin-transform-private-methods/-/plugin-transform-private-methods-7.28.6.tgz 0ms (cache hit)
714 http cache @babel/plugin-transform-numeric-separator@https://artifactory.gcp.mercadona.com/artifactory/api/npm/virtual-npm/@babel/plugin-transform-numeric-separator/-/plugin-transform-numeric-separator-7.28.6.tgz 0ms (cache hit)
715 http cache @babel/plugin-transform-optional-catch-binding@https://artifactory.gcp.mercadona.com/artifactory/api/npm/virtual-npm/@babel/plugin-transform-optional-catch-binding/-/plugin-transform-optional-catch-binding-7.28.6.tgz 0ms (cache hit)
716 http cache @babel/plugin-transform-object-rest-spread@https://artifactory.gcp.mercadona.com/artifactory/api/npm/virtual-npm/@babel/plugin-transform-object-rest-spread/-/plugin-transform-object-rest-spread-7.28.6.tgz 0ms (cache hit)
717 http cache @babel/plugin-transform-object-super@https://artifactory.gcp.mercadona.com/artifactory/api/npm/virtual-npm/@babel/plugin-transform-object-super/-/plugin-transform-object-super-7.27.1.tgz 0ms (cache hit)
718 http cache @babel/plugin-transform-modules-umd@https://artifactory.gcp.mercadona.com/artifactory/api/npm/virtual-npm/@babel/plugin-transform-modules-umd/-/plugin-transform-modules-umd-7.27.1.tgz 0ms (cache hit)
719 http cache @babel/plugin-transform-named-capturing-groups-regex@https://artifactory.gcp.mercadona.com/artifactory/api/npm/virtual-npm/@babel/plugin-transform-named-capturing-groups-regex/-/plugin-transform-named-capturing-groups-regex-7.29.0.tgz 0ms (cache hit)
720 http cache @babel/plugin-transform-new-target@https://artifactory.gcp.mercadona.com/artifactory/api/npm/virtual-npm/@babel/plugin-transform-new-target/-/plugin-transform-new-target-7.27.1.tgz 0ms (cache hit)
721 http cache @babel/plugin-transform-modules-systemjs@https://artifactory.gcp.mercadona.com/artifactory/api/npm/virtual-npm/@babel/plugin-transform-modules-systemjs/-/plugin-transform-modules-systemjs-7.29.0.tgz 0ms (cache hit)
722 http cache @babel/plugin-transform-modules-amd@https://artifactory.gcp.mercadona.com/artifactory/api/npm/virtual-npm/@babel/plugin-transform-modules-amd/-/plugin-transform-modules-amd-7.27.1.tgz 0ms (cache hit)
723 http cache @babel/plugin-transform-modules-commonjs@https://artifactory.gcp.mercadona.com/artifactory/api/npm/virtual-npm/@babel/plugin-transform-modules-commonjs/-/plugin-transform-modules-commonjs-7.28.6.tgz 0ms (cache hit)
724 http cache @babel/plugin-transform-member-expression-literals@https://artifactory.gcp.mercadona.com/artifactory/api/npm/virtual-npm/@babel/plugin-transform-member-expression-literals/-/plugin-transform-member-expression-literals-7.27.1.tgz 0ms (cache hit)
725 http cache @babel/plugin-transform-literals@https://artifactory.gcp.mercadona.com/artifactory/api/npm/virtual-npm/@babel/plugin-transform-literals/-/plugin-transform-literals-7.27.1.tgz 0ms (cache hit)
726 http cache @babel/plugin-transform-function-name@https://artifactory.gcp.mercadona.com/artifactory/api/npm/virtual-npm/@babel/plugin-transform-function-name/-/plugin-transform-function-name-7.27.1.tgz 0ms (cache hit)
727 http cache @babel/plugin-transform-json-strings@https://artifactory.gcp.mercadona.com/artifactory/api/npm/virtual-npm/@babel/plugin-transform-json-strings/-/plugin-transform-json-strings-7.28.6.tgz 0ms (cache hit)
728 http cache @babel/plugin-transform-for-of@https://artifactory.gcp.mercadona.com/artifactory/api/npm/virtual-npm/@babel/plugin-transform-for-of/-/plugin-transform-for-of-7.27.1.tgz 0ms (cache hit)
729 http cache @babel/plugin-transform-logical-assignment-operators@https://artifactory.gcp.mercadona.com/artifactory/api/npm/virtual-npm/@babel/plugin-transform-logical-assignment-operators/-/plugin-transform-logical-assignment-operators-7.28.6.tgz 0ms (cache hit)
730 http cache @babel/plugin-transform-exponentiation-operator@https://artifactory.gcp.mercadona.com/artifactory/api/npm/virtual-npm/@babel/plugin-transform-exponentiation-operator/-/plugin-transform-exponentiation-operator-7.28.6.tgz 0ms (cache hit)
731 http cache @babel/plugin-transform-export-namespace-from@https://artifactory.gcp.mercadona.com/artifactory/api/npm/virtual-npm/@babel/plugin-transform-export-namespace-from/-/plugin-transform-export-namespace-from-7.27.1.tgz 0ms (cache hit)
732 http cache @babel/plugin-transform-nullish-coalescing-operator@https://artifactory.gcp.mercadona.com/artifactory/api/npm/virtual-npm/@babel/plugin-transform-nullish-coalescing-operator/-/plugin-transform-nullish-coalescing-operator-7.28.6.tgz 0ms (cache hit)
733 http cache @babel/plugin-transform-dynamic-import@https://artifactory.gcp.mercadona.com/artifactory/api/npm/virtual-npm/@babel/plugin-transform-dynamic-import/-/plugin-transform-dynamic-import-7.27.1.tgz 0ms (cache hit)
734 http cache @babel/plugin-transform-duplicate-named-capturing-groups-regex@https://artifactory.gcp.mercadona.com/artifactory/api/npm/virtual-npm/@babel/plugin-transform-duplicate-named-capturing-groups-regex/-/plugin-transform-duplicate-named-capturing-groups-regex-7.29.0.tgz 0ms (cache hit)
735 http cache @babel/plugin-transform-duplicate-keys@https://artifactory.gcp.mercadona.com/artifactory/api/npm/virtual-npm/@babel/plugin-transform-duplicate-keys/-/plugin-transform-duplicate-keys-7.27.1.tgz 0ms (cache hit)
736 http cache @babel/plugin-transform-dotall-regex@https://artifactory.gcp.mercadona.com/artifactory/api/npm/virtual-npm/@babel/plugin-transform-dotall-regex/-/plugin-transform-dotall-regex-7.28.6.tgz 0ms (cache hit)
737 http cache @babel/plugin-transform-computed-properties@https://artifactory.gcp.mercadona.com/artifactory/api/npm/virtual-npm/@babel/plugin-transform-computed-properties/-/plugin-transform-computed-properties-7.28.6.tgz 0ms (cache hit)
738 http cache @babel/plugin-transform-classes@https://artifactory.gcp.mercadona.com/artifactory/api/npm/virtual-npm/@babel/plugin-transform-classes/-/plugin-transform-classes-7.28.6.tgz 0ms (cache hit)
739 http cache @babel/plugin-transform-destructuring@https://artifactory.gcp.mercadona.com/artifactory/api/npm/virtual-npm/@babel/plugin-transform-destructuring/-/plugin-transform-destructuring-7.28.5.tgz 0ms (cache hit)
740 http cache @babel/plugin-transform-class-static-block@https://artifactory.gcp.mercadona.com/artifactory/api/npm/virtual-npm/@babel/plugin-transform-class-static-block/-/plugin-transform-class-static-block-7.28.6.tgz 0ms (cache hit)
741 http cache @babel/plugin-transform-async-to-generator@https://artifactory.gcp.mercadona.com/artifactory/api/npm/virtual-npm/@babel/plugin-transform-async-to-generator/-/plugin-transform-async-to-generator-7.25.9.tgz 0ms (cache hit)
742 http cache @babel/plugin-transform-block-scoped-functions@https://artifactory.gcp.mercadona.com/artifactory/api/npm/virtual-npm/@babel/plugin-transform-block-scoped-functions/-/plugin-transform-block-scoped-functions-7.27.1.tgz 0ms (cache hit)
743 http cache @babel/plugin-transform-class-properties@https://artifactory.gcp.mercadona.com/artifactory/api/npm/virtual-npm/@babel/plugin-transform-class-properties/-/plugin-transform-class-properties-7.28.6.tgz 0ms (cache hit)
744 http cache @babel/plugin-transform-async-generator-functions@https://artifactory.gcp.mercadona.com/artifactory/api/npm/virtual-npm/@babel/plugin-transform-async-generator-functions/-/plugin-transform-async-generator-functions-7.26.8.tgz 0ms (cache hit)
745 http cache @babel/plugin-transform-block-scoping@https://artifactory.gcp.mercadona.com/artifactory/api/npm/virtual-npm/@babel/plugin-transform-block-scoping/-/plugin-transform-block-scoping-7.28.6.tgz 0ms (cache hit)
746 http cache @babel/plugin-syntax-import-assertions@https://artifactory.gcp.mercadona.com/artifactory/api/npm/virtual-npm/@babel/plugin-syntax-import-assertions/-/plugin-syntax-import-assertions-7.28.6.tgz 0ms (cache hit)
747 http cache @babel/plugin-syntax-import-attributes@https://artifactory.gcp.mercadona.com/artifactory/api/npm/virtual-npm/@babel/plugin-syntax-import-attributes/-/plugin-syntax-import-attributes-7.28.6.tgz 0ms (cache hit)
748 http cache @babel/plugin-syntax-unicode-sets-regex@https://artifactory.gcp.mercadona.com/artifactory/api/npm/virtual-npm/@babel/plugin-syntax-unicode-sets-regex/-/plugin-syntax-unicode-sets-regex-7.18.6.tgz 0ms (cache hit)
749 http cache @babel/plugin-proposal-private-property-in-object@https://artifactory.gcp.mercadona.com/artifactory/api/npm/virtual-npm/@babel/plugin-proposal-private-property-in-object/-/plugin-proposal-private-property-in-object-7.21.0-placeholder-for-preset-env.2.tgz 0ms (cache hit)
750 http cache @babel/plugin-transform-arrow-functions@https://artifactory.gcp.mercadona.com/artifactory/api/npm/virtual-npm/@babel/plugin-transform-arrow-functions/-/plugin-transform-arrow-functions-7.27.1.tgz 0ms (cache hit)
751 http cache @babel/plugin-bugfix-v8-spread-parameters-in-optional-chaining@https://artifactory.gcp.mercadona.com/artifactory/api/npm/virtual-npm/@babel/plugin-bugfix-v8-spread-parameters-in-optional-chaining/-/plugin-bugfix-v8-spread-parameters-in-optional-chaining-7.27.1.tgz 0ms (cache hit)
752 http cache @babel/plugin-bugfix-safari-id-destructuring-collision-in-function-expression@https://artifactory.gcp.mercadona.com/artifactory/api/npm/virtual-npm/@babel/plugin-bugfix-safari-id-destructuring-collision-in-function-expression/-/plugin-bugfix-safari-id-destructuring-collision-in-function-expression-7.27.1.tgz 0ms (cache hit)
753 http cache @babel/plugin-bugfix-v8-static-class-fields-redefine-readonly@https://artifactory.gcp.mercadona.com/artifactory/api/npm/virtual-npm/@babel/plugin-bugfix-v8-static-class-fields-redefine-readonly/-/plugin-bugfix-v8-static-class-fields-redefine-readonly-7.28.6.tgz 0ms (cache hit)
754 http cache @babel/helpers@https://artifactory.gcp.mercadona.com/artifactory/api/npm/virtual-npm/@babel/helpers/-/helpers-7.29.2.tgz 0ms (cache hit)
755 http cache @babel/plugin-bugfix-safari-class-field-initializer-scope@https://artifactory.gcp.mercadona.com/artifactory/api/npm/virtual-npm/@babel/plugin-bugfix-safari-class-field-initializer-scope/-/plugin-bugfix-safari-class-field-initializer-scope-7.27.1.tgz 0ms (cache hit)
756 http cache @babel/plugin-bugfix-firefox-class-in-computed-class-key@https://artifactory.gcp.mercadona.com/artifactory/api/npm/virtual-npm/@babel/plugin-bugfix-firefox-class-in-computed-class-key/-/plugin-bugfix-firefox-class-in-computed-class-key-7.28.5.tgz 0ms (cache hit)
757 http cache @babel/helper-wrap-function@https://artifactory.gcp.mercadona.com/artifactory/api/npm/virtual-npm/@babel/helper-wrap-function/-/helper-wrap-function-7.28.6.tgz 0ms (cache hit)
758 http cache @babel/parser@https://artifactory.gcp.mercadona.com/artifactory/api/npm/virtual-npm/@babel/parser/-/parser-7.29.2.tgz 0ms (cache hit)
759 http cache @babel/helper-string-parser@https://artifactory.gcp.mercadona.com/artifactory/api/npm/virtual-npm/@babel/helper-string-parser/-/helper-string-parser-7.27.1.tgz 0ms (cache hit)
760 http cache @babel/helper-validator-identifier@https://artifactory.gcp.mercadona.com/artifactory/api/npm/virtual-npm/@babel/helper-validator-identifier/-/helper-validator-identifier-7.28.5.tgz 0ms (cache hit)
761 http cache @babel/helper-validator-option@https://artifactory.gcp.mercadona.com/artifactory/api/npm/virtual-npm/@babel/helper-validator-option/-/helper-validator-option-7.27.1.tgz 0ms (cache hit)
762 http cache @babel/helper-remap-async-to-generator@https://artifactory.gcp.mercadona.com/artifactory/api/npm/virtual-npm/@babel/helper-remap-async-to-generator/-/helper-remap-async-to-generator-7.27.1.tgz 0ms (cache hit)
763 http cache @babel/helper-split-export-declaration@https://artifactory.gcp.mercadona.com/artifactory/api/npm/virtual-npm/@babel/helper-split-export-declaration/-/helper-split-export-declaration-7.24.7.tgz 0ms (cache hit)
764 http cache @babel/helper-skip-transparent-expression-wrappers@https://artifactory.gcp.mercadona.com/artifactory/api/npm/virtual-npm/@babel/helper-skip-transparent-expression-wrappers/-/helper-skip-transparent-expression-wrappers-7.27.1.tgz 0ms (cache hit)
765 http cache @babel/helper-replace-supers@https://artifactory.gcp.mercadona.com/artifactory/api/npm/virtual-npm/@babel/helper-replace-supers/-/helper-replace-supers-7.28.6.tgz 0ms (cache hit)
766 http cache @babel/helper-optimise-call-expression@https://artifactory.gcp.mercadona.com/artifactory/api/npm/virtual-npm/@babel/helper-optimise-call-expression/-/helper-optimise-call-expression-7.27.1.tgz 0ms (cache hit)
767 http cache @babel/helper-plugin-utils@https://artifactory.gcp.mercadona.com/artifactory/api/npm/virtual-npm/@babel/helper-plugin-utils/-/helper-plugin-utils-7.28.6.tgz 0ms (cache hit)
768 http cache @babel/helper-module-transforms@https://artifactory.gcp.mercadona.com/artifactory/api/npm/virtual-npm/@babel/helper-module-transforms/-/helper-module-transforms-7.28.6.tgz 0ms (cache hit)
769 http cache @babel/helper-member-expression-to-functions@https://artifactory.gcp.mercadona.com/artifactory/api/npm/virtual-npm/@babel/helper-member-expression-to-functions/-/helper-member-expression-to-functions-7.28.5.tgz 0ms (cache hit)
770 http cache @babel/helper-globals@https://artifactory.gcp.mercadona.com/artifactory/api/npm/virtual-npm/@babel/helper-globals/-/helper-globals-7.28.0.tgz 0ms (cache hit)
771 http cache @babel/helper-define-polyfill-provider@https://artifactory.gcp.mercadona.com/artifactory/api/npm/virtual-npm/@babel/helper-define-polyfill-provider/-/helper-define-polyfill-provider-0.6.8.tgz 0ms (cache hit)
772 http cache @babel/helper-module-imports@https://artifactory.gcp.mercadona.com/artifactory/api/npm/virtual-npm/@babel/helper-module-imports/-/helper-module-imports-7.28.6.tgz 0ms (cache hit)
773 http cache @babel/helper-create-class-features-plugin@https://artifactory.gcp.mercadona.com/artifactory/api/npm/virtual-npm/@babel/helper-create-class-features-plugin/-/helper-create-class-features-plugin-7.28.6.tgz 0ms (cache hit)
774 http cache @babel/helper-create-regexp-features-plugin@https://artifactory.gcp.mercadona.com/artifactory/api/npm/virtual-npm/@babel/helper-create-regexp-features-plugin/-/helper-create-regexp-features-plugin-7.28.5.tgz 0ms (cache hit)
775 http cache @babel/helper-compilation-targets@https://artifactory.gcp.mercadona.com/artifactory/api/npm/virtual-npm/@babel/helper-compilation-targets/-/helper-compilation-targets-7.28.6.tgz 0ms (cache hit)
776 http cache @babel/generator@https://artifactory.gcp.mercadona.com/artifactory/api/npm/virtual-npm/@babel/generator/-/generator-7.26.10.tgz 0ms (cache hit)
777 http cache @babel/core@https://artifactory.gcp.mercadona.com/artifactory/api/npm/virtual-npm/@babel/core/-/core-7.26.10.tgz 0ms (cache hit)
778 http cache @babel/helper-annotate-as-pure@https://artifactory.gcp.mercadona.com/artifactory/api/npm/virtual-npm/@babel/helper-annotate-as-pure/-/helper-annotate-as-pure-7.25.9.tgz 0ms (cache hit)
779 http cache @babel/compat-data@https://artifactory.gcp.mercadona.com/artifactory/api/npm/virtual-npm/@babel/compat-data/-/compat-data-7.29.0.tgz 0ms (cache hit)
780 http cache @angular/router@https://artifactory.gcp.mercadona.com/artifactory/api/npm/virtual-npm/@angular/router/-/router-17.3.12.tgz 0ms (cache hit)
781 http cache @angular/platform-browser-dynamic@https://artifactory.gcp.mercadona.com/artifactory/api/npm/virtual-npm/@angular/platform-browser-dynamic/-/platform-browser-dynamic-17.3.12.tgz 0ms (cache hit)
782 http cache @angular/platform-browser@https://artifactory.gcp.mercadona.com/artifactory/api/npm/virtual-npm/@angular/platform-browser/-/platform-browser-17.3.12.tgz 1ms (cache hit)
783 http cache @babel/code-frame@https://artifactory.gcp.mercadona.com/artifactory/api/npm/virtual-npm/@babel/code-frame/-/code-frame-7.29.0.tgz 0ms (cache hit)
784 http cache @angular/forms@https://artifactory.gcp.mercadona.com/artifactory/api/npm/virtual-npm/@angular/forms/-/forms-17.3.12.tgz 0ms (cache hit)
785 http cache @angular/core@https://artifactory.gcp.mercadona.com/artifactory/api/npm/virtual-npm/@angular/core/-/core-17.3.12.tgz 0ms (cache hit)
786 http cache @angular/material@https://artifactory.gcp.mercadona.com/artifactory/api/npm/virtual-npm/@angular/material/-/material-17.3.10.tgz 0ms (cache hit)
787 http cache @angular/compiler@https://artifactory.gcp.mercadona.com/artifactory/api/npm/virtual-npm/@angular/compiler/-/compiler-17.3.12.tgz 0ms (cache hit)
788 http cache @angular/compiler-cli@https://artifactory.gcp.mercadona.com/artifactory/api/npm/virtual-npm/@angular/compiler-cli/-/compiler-cli-17.3.12.tgz 0ms (cache hit)
789 http cache @angular/common@https://artifactory.gcp.mercadona.com/artifactory/api/npm/virtual-npm/@angular/common/-/common-17.3.12.tgz 0ms (cache hit)
790 http cache @angular/cli@https://artifactory.gcp.mercadona.com/artifactory/api/npm/virtual-npm/@angular/cli/-/cli-17.3.17.tgz 0ms (cache hit)
791 http cache @angular/cdk@https://artifactory.gcp.mercadona.com/artifactory/api/npm/virtual-npm/@angular/cdk/-/cdk-17.3.10.tgz 0ms (cache hit)
792 http cache @angular-devkit/core@https://artifactory.gcp.mercadona.com/artifactory/api/npm/virtual-npm/@angular-devkit/core/-/core-17.3.17.tgz 0ms (cache hit)
793 http cache @angular-devkit/schematics@https://artifactory.gcp.mercadona.com/artifactory/api/npm/virtual-npm/@angular-devkit/schematics/-/schematics-17.3.17.tgz 0ms (cache hit)
794 http cache @angular/animations@https://artifactory.gcp.mercadona.com/artifactory/api/npm/virtual-npm/@angular/animations/-/animations-17.3.12.tgz 0ms (cache hit)
795 http cache @angular-devkit/architect@https://artifactory.gcp.mercadona.com/artifactory/api/npm/virtual-npm/@angular-devkit/architect/-/architect-0.1703.17.tgz 0ms (cache hit)
796 http cache @angular-devkit/build-angular@https://artifactory.gcp.mercadona.com/artifactory/api/npm/virtual-npm/@angular-devkit/build-angular/-/build-angular-17.3.17.tgz 0ms (cache hit)
797 http cache @angular-devkit/build-webpack@https://artifactory.gcp.mercadona.com/artifactory/api/npm/virtual-npm/@angular-devkit/build-webpack/-/build-webpack-0.1703.17.tgz 0ms (cache hit)
798 http cache @ampproject/remapping@https://artifactory.gcp.mercadona.com/artifactory/api/npm/virtual-npm/@ampproject/remapping/-/remapping-2.3.0.tgz 0ms (cache hit)
799 http cache webpack-dev-middleware@https://artifactory.gcp.mercadona.com/artifactory/api/npm/virtual-npm/webpack-dev-middleware/-/webpack-dev-middleware-5.3.4.tgz 0ms (cache hit)
800 http cache json-parse-even-better-errors@https://artifactory.gcp.mercadona.com/artifactory/api/npm/virtual-npm/json-parse-even-better-errors/-/json-parse-even-better-errors-2.3.1.tgz 0ms (cache hit)
801 http cache json-schema-traverse@https://artifactory.gcp.mercadona.com/artifactory/api/npm/virtual-npm/json-schema-traverse/-/json-schema-traverse-0.4.1.tgz 0ms (cache hit)
802 http cache watchpack@https://artifactory.gcp.mercadona.com/artifactory/api/npm/virtual-npm/watchpack/-/watchpack-2.5.1.tgz 0ms (cache hit)
803 http cache schema-utils@https://artifactory.gcp.mercadona.com/artifactory/api/npm/virtual-npm/schema-utils/-/schema-utils-3.3.0.tgz 0ms (cache hit)
804 http cache ajv-keywords@https://artifactory.gcp.mercadona.com/artifactory/api/npm/virtual-npm/ajv-keywords/-/ajv-keywords-3.5.2.tgz 0ms (cache hit)
805 http cache postcss@https://artifactory.gcp.mercadona.com/artifactory/api/npm/virtual-npm/postcss/-/postcss-8.5.9.tgz 0ms (cache hit)
806 http cache ajv@https://artifactory.gcp.mercadona.com/artifactory/api/npm/virtual-npm/ajv/-/ajv-6.14.0.tgz 0ms (cache hit)
807 http cache esbuild@https://artifactory.gcp.mercadona.com/artifactory/api/npm/virtual-npm/esbuild/-/esbuild-0.21.5.tgz 0ms (cache hit)
808 http cache minimatch@https://artifactory.gcp.mercadona.com/artifactory/api/npm/virtual-npm/minimatch/-/minimatch-3.1.5.tgz 0ms (cache hit)
809 http cache brace-expansion@https://artifactory.gcp.mercadona.com/artifactory/api/npm/virtual-npm/brace-expansion/-/brace-expansion-1.1.14.tgz 0ms (cache hit)
810 http cache yallist@https://artifactory.gcp.mercadona.com/artifactory/api/npm/virtual-npm/yallist/-/yallist-4.0.0.tgz 0ms (cache hit)
811 http cache minipass@https://artifactory.gcp.mercadona.com/artifactory/api/npm/virtual-npm/minipass/-/minipass-5.0.0.tgz 0ms (cache hit)
812 http cache glob@https://artifactory.gcp.mercadona.com/artifactory/api/npm/virtual-npm/glob/-/glob-7.2.3.tgz 0ms (cache hit)
813 http cache fs-minipass@https://artifactory.gcp.mercadona.com/artifactory/api/npm/virtual-npm/fs-minipass/-/fs-minipass-2.1.0.tgz 0ms (cache hit)
814 http cache @esbuild/darwin-arm64@https://artifactory.gcp.mercadona.com/artifactory/api/npm/virtual-npm/@esbuild/darwin-arm64/-/darwin-arm64-0.21.5.tgz 0ms (cache hit)
815 http cache minipass@https://artifactory.gcp.mercadona.com/artifactory/api/npm/virtual-npm/minipass/-/minipass-3.3.6.tgz 0ms (cache hit)
816 http cache source-map@https://artifactory.gcp.mercadona.com/artifactory/api/npm/virtual-npm/source-map/-/source-map-0.6.1.tgz 0ms (cache hit)
817 http cache iconv-lite@https://artifactory.gcp.mercadona.com/artifactory/api/npm/virtual-npm/iconv-lite/-/iconv-lite-0.6.3.tgz 0ms (cache hit)
818 http cache statuses@https://artifactory.gcp.mercadona.com/artifactory/api/npm/virtual-npm/statuses/-/statuses-1.5.0.tgz 0ms (cache hit)
819 http cache terser@https://artifactory.gcp.mercadona.com/artifactory/api/npm/virtual-npm/terser/-/terser-5.46.1.tgz 0ms (cache hit)
820 http cache depd@https://artifactory.gcp.mercadona.com/artifactory/api/npm/virtual-npm/depd/-/depd-1.1.2.tgz 0ms (cache hit)
821 http cache http-errors@https://artifactory.gcp.mercadona.com/artifactory/api/npm/virtual-npm/http-errors/-/http-errors-1.8.1.tgz 0ms (cache hit)
822 http cache ms@https://artifactory.gcp.mercadona.com/artifactory/api/npm/virtual-npm/ms/-/ms-2.0.0.tgz 0ms (cache hit)
823 http cache debug@https://artifactory.gcp.mercadona.com/artifactory/api/npm/virtual-npm/debug/-/debug-2.6.9.tgz 0ms (cache hit)
824 http cache debug@https://artifactory.gcp.mercadona.com/artifactory/api/npm/virtual-npm/debug/-/debug-2.6.9.tgz 0ms (cache hit)
825 http cache yallist@https://artifactory.gcp.mercadona.com/artifactory/api/npm/virtual-npm/yallist/-/yallist-4.0.0.tgz 0ms (cache hit)
826 http cache ms@https://artifactory.gcp.mercadona.com/artifactory/api/npm/virtual-npm/ms/-/ms-2.0.0.tgz 0ms (cache hit)
827 http cache lru-cache@https://artifactory.gcp.mercadona.com/artifactory/api/npm/virtual-npm/lru-cache/-/lru-cache-6.0.0.tgz 0ms (cache hit)
828 http cache minimatch@https://artifactory.gcp.mercadona.com/artifactory/api/npm/virtual-npm/minimatch/-/minimatch-3.1.5.tgz 0ms (cache hit)
829 http cache loader-utils@https://artifactory.gcp.mercadona.com/artifactory/api/npm/virtual-npm/loader-utils/-/loader-utils-2.0.4.tgz 0ms (cache hit)
830 http cache brace-expansion@https://artifactory.gcp.mercadona.com/artifactory/api/npm/virtual-npm/brace-expansion/-/brace-expansion-1.1.14.tgz 0ms (cache hit)
831 http cache glob@https://artifactory.gcp.mercadona.com/artifactory/api/npm/virtual-npm/glob/-/glob-7.2.3.tgz 0ms (cache hit)
832 http cache source-map@https://artifactory.gcp.mercadona.com/artifactory/api/npm/virtual-npm/source-map/-/source-map-0.6.1.tgz 0ms (cache hit)
833 http cache ipaddr.js@https://artifactory.gcp.mercadona.com/artifactory/api/npm/virtual-npm/ipaddr.js/-/ipaddr.js-1.9.1.tgz 0ms (cache hit)
834 http cache picomatch@https://artifactory.gcp.mercadona.com/artifactory/api/npm/virtual-npm/picomatch/-/picomatch-2.3.2.tgz 0ms (cache hit)
835 http cache path-exists@https://artifactory.gcp.mercadona.com/artifactory/api/npm/virtual-npm/path-exists/-/path-exists-5.0.0.tgz 0ms (cache hit)
836 http cache p-limit@https://artifactory.gcp.mercadona.com/artifactory/api/npm/virtual-npm/p-limit/-/p-limit-4.0.0.tgz 0ms (cache hit)
837 http cache signal-exit@https://artifactory.gcp.mercadona.com/artifactory/api/npm/virtual-npm/signal-exit/-/signal-exit-3.0.7.tgz 0ms (cache hit)
838 http cache locate-path@https://artifactory.gcp.mercadona.com/artifactory/api/npm/virtual-npm/locate-path/-/locate-path-7.2.0.tgz 0ms (cache hit)
839 http cache lru-cache@https://artifactory.gcp.mercadona.com/artifactory/api/npm/virtual-npm/lru-cache/-/lru-cache-10.4.3.tgz 0ms (cache hit)
840 http cache entities@https://artifactory.gcp.mercadona.com/artifactory/api/npm/virtual-npm/entities/-/entities-6.0.1.tgz 0ms (cache hit)
841 http cache p-locate@https://artifactory.gcp.mercadona.com/artifactory/api/npm/virtual-npm/p-locate/-/p-locate-6.0.0.tgz 0ms (cache hit)
842 http cache retry@https://artifactory.gcp.mercadona.com/artifactory/api/npm/virtual-npm/retry/-/retry-0.13.1.tgz 0ms (cache hit)
843 http cache json-parse-even-better-errors@https://artifactory.gcp.mercadona.com/artifactory/api/npm/virtual-npm/json-parse-even-better-errors/-/json-parse-even-better-errors-2.3.1.tgz 0ms (cache hit)
844 http cache proc-log@https://artifactory.gcp.mercadona.com/artifactory/api/npm/virtual-npm/proc-log/-/proc-log-4.2.0.tgz 0ms (cache hit)
845 http cache proc-log@https://artifactory.gcp.mercadona.com/artifactory/api/npm/virtual-npm/proc-log/-/proc-log-4.2.0.tgz 0ms (cache hit)
846 http cache find-up@https://artifactory.gcp.mercadona.com/artifactory/api/npm/virtual-npm/find-up/-/find-up-6.3.0.tgz 0ms (cache hit)
847 http cache yallist@https://artifactory.gcp.mercadona.com/artifactory/api/npm/virtual-npm/yallist/-/yallist-4.0.0.tgz 0ms (cache hit)
848 http cache iconv-lite@https://artifactory.gcp.mercadona.com/artifactory/api/npm/virtual-npm/iconv-lite/-/iconv-lite-0.6.3.tgz 0ms (cache hit)
849 http cache yallist@https://artifactory.gcp.mercadona.com/artifactory/api/npm/virtual-npm/yallist/-/yallist-4.0.0.tgz 0ms (cache hit)
850 http cache minipass@https://artifactory.gcp.mercadona.com/artifactory/api/npm/virtual-npm/minipass/-/minipass-3.3.6.tgz 0ms (cache hit)
851 http cache minipass@https://artifactory.gcp.mercadona.com/artifactory/api/npm/virtual-npm/minipass/-/minipass-3.3.6.tgz 0ms (cache hit)
852 http cache yallist@https://artifactory.gcp.mercadona.com/artifactory/api/npm/virtual-npm/yallist/-/yallist-4.0.0.tgz 0ms (cache hit)
853 http cache minipass@https://artifactory.gcp.mercadona.com/artifactory/api/npm/virtual-npm/minipass/-/minipass-3.3.6.tgz 0ms (cache hit)
854 http cache yallist@https://artifactory.gcp.mercadona.com/artifactory/api/npm/virtual-npm/yallist/-/yallist-4.0.0.tgz 0ms (cache hit)
855 http cache yallist@https://artifactory.gcp.mercadona.com/artifactory/api/npm/virtual-npm/yallist/-/yallist-4.0.0.tgz 0ms (cache hit)
856 http cache picomatch@https://artifactory.gcp.mercadona.com/artifactory/api/npm/virtual-npm/picomatch/-/picomatch-2.3.2.tgz 0ms (cache hit)
857 http cache proc-log@https://artifactory.gcp.mercadona.com/artifactory/api/npm/virtual-npm/proc-log/-/proc-log-4.2.0.tgz 0ms (cache hit)
858 http cache source-map@https://artifactory.gcp.mercadona.com/artifactory/api/npm/virtual-npm/source-map/-/source-map-0.6.1.tgz 0ms (cache hit)
859 http cache @babel/runtime@https://artifactory.gcp.mercadona.com/artifactory/api/npm/virtual-npm/@babel/runtime/-/runtime-7.29.2.tgz 0ms (cache hit)
860 http cache supports-color@https://artifactory.gcp.mercadona.com/artifactory/api/npm/virtual-npm/supports-color/-/supports-color-8.1.1.tgz 0ms (cache hit)
861 http cache semver@https://artifactory.gcp.mercadona.com/artifactory/api/npm/virtual-npm/semver/-/semver-6.3.1.tgz 0ms (cache hit)
862 http cache resolve-from@https://artifactory.gcp.mercadona.com/artifactory/api/npm/virtual-npm/resolve-from/-/resolve-from-4.0.0.tgz 0ms (cache hit)
863 http cache semver@https://artifactory.gcp.mercadona.com/artifactory/api/npm/virtual-npm/semver/-/semver-5.7.2.tgz 0ms (cache hit)
864 http cache chalk@https://artifactory.gcp.mercadona.com/artifactory/api/npm/virtual-npm/chalk/-/chalk-5.6.2.tgz 0ms (cache hit)
865 http cache minipass@https://artifactory.gcp.mercadona.com/artifactory/api/npm/virtual-npm/minipass/-/minipass-3.3.6.tgz 0ms (cache hit)
866 http cache string_decoder@https://artifactory.gcp.mercadona.com/artifactory/api/npm/virtual-npm/string_decoder/-/string_decoder-1.1.1.tgz 0ms (cache hit)
867 http cache lru-cache@https://artifactory.gcp.mercadona.com/artifactory/api/npm/virtual-npm/lru-cache/-/lru-cache-10.4.3.tgz 0ms (cache hit)
868 http cache safe-buffer@https://artifactory.gcp.mercadona.com/artifactory/api/npm/virtual-npm/safe-buffer/-/safe-buffer-5.1.2.tgz 0ms (cache hit)
869 http cache debug@https://artifactory.gcp.mercadona.com/artifactory/api/npm/virtual-npm/debug/-/debug-2.6.9.tgz 0ms (cache hit)
870 http cache ms@https://artifactory.gcp.mercadona.com/artifactory/api/npm/virtual-npm/ms/-/ms-2.0.0.tgz 0ms (cache hit)
871 http cache debug@https://artifactory.gcp.mercadona.com/artifactory/api/npm/virtual-npm/debug/-/debug-2.6.9.tgz 0ms (cache hit)
872 http cache readable-stream@https://artifactory.gcp.mercadona.com/artifactory/api/npm/virtual-npm/readable-stream/-/readable-stream-2.3.8.tgz 0ms (cache hit)
873 http cache estraverse@https://artifactory.gcp.mercadona.com/artifactory/api/npm/virtual-npm/estraverse/-/estraverse-5.3.0.tgz 0ms (cache hit)
874 http cache ms@https://artifactory.gcp.mercadona.com/artifactory/api/npm/virtual-npm/ms/-/ms-2.0.0.tgz 0ms (cache hit)
875 http cache iconv-lite@https://artifactory.gcp.mercadona.com/artifactory/api/npm/virtual-npm/iconv-lite/-/iconv-lite-0.6.3.tgz 0ms (cache hit)
876 http cache internmap@https://artifactory.gcp.mercadona.com/artifactory/api/npm/virtual-npm/internmap/-/internmap-1.0.1.tgz 0ms (cache hit)
877 http cache minipass@https://artifactory.gcp.mercadona.com/artifactory/api/npm/virtual-npm/minipass/-/minipass-3.3.6.tgz 0ms (cache hit)
878 http cache isexe@https://artifactory.gcp.mercadona.com/artifactory/api/npm/virtual-npm/isexe/-/isexe-2.0.0.tgz 0ms (cache hit)
879 http cache which@https://artifactory.gcp.mercadona.com/artifactory/api/npm/virtual-npm/which/-/which-2.0.2.tgz 0ms (cache hit)
880 http cache d3-shape@https://artifactory.gcp.mercadona.com/artifactory/api/npm/virtual-npm/d3-shape/-/d3-shape-1.3.7.tgz 0ms (cache hit)
881 http cache d3-array@https://artifactory.gcp.mercadona.com/artifactory/api/npm/virtual-npm/d3-array/-/d3-array-2.12.1.tgz 0ms (cache hit)
882 http cache argparse@https://artifactory.gcp.mercadona.com/artifactory/api/npm/virtual-npm/argparse/-/argparse-2.0.1.tgz 0ms (cache hit)
883 http cache signal-exit@https://artifactory.gcp.mercadona.com/artifactory/api/npm/virtual-npm/signal-exit/-/signal-exit-3.0.7.tgz 0ms (cache hit)
884 http cache glob-parent@https://artifactory.gcp.mercadona.com/artifactory/api/npm/virtual-npm/glob-parent/-/glob-parent-6.0.2.tgz 0ms (cache hit)
885 http cache ms@https://artifactory.gcp.mercadona.com/artifactory/api/npm/virtual-npm/ms/-/ms-2.0.0.tgz 0ms (cache hit)
886 http cache wrap-ansi@https://artifactory.gcp.mercadona.com/artifactory/api/npm/virtual-npm/wrap-ansi/-/wrap-ansi-7.0.0.tgz 0ms (cache hit)
887 http cache debug@https://artifactory.gcp.mercadona.com/artifactory/api/npm/virtual-npm/debug/-/debug-2.6.9.tgz 0ms (cache hit)
888 http cache ms@https://artifactory.gcp.mercadona.com/artifactory/api/npm/virtual-npm/ms/-/ms-2.0.0.tgz 0ms (cache hit)
889 http cache d3-path@https://artifactory.gcp.mercadona.com/artifactory/api/npm/virtual-npm/d3-path/-/d3-path-1.0.9.tgz 0ms (cache hit)
890 http cache regenerator-runtime@https://artifactory.gcp.mercadona.com/artifactory/api/npm/virtual-npm/regenerator-runtime/-/regenerator-runtime-0.13.11.tgz 0ms (cache hit)
891 http cache lru-cache@https://artifactory.gcp.mercadona.com/artifactory/api/npm/virtual-npm/lru-cache/-/lru-cache-10.4.3.tgz 0ms (cache hit)
892 http cache debug@https://artifactory.gcp.mercadona.com/artifactory/api/npm/virtual-npm/debug/-/debug-2.6.9.tgz 0ms (cache hit)
893 http cache loader-utils@https://artifactory.gcp.mercadona.com/artifactory/api/npm/virtual-npm/loader-utils/-/loader-utils-2.0.4.tgz 0ms (cache hit)
894 http cache picomatch@https://artifactory.gcp.mercadona.com/artifactory/api/npm/virtual-npm/picomatch/-/picomatch-2.3.2.tgz 0ms (cache hit)
895 http cache semver@https://artifactory.gcp.mercadona.com/artifactory/api/npm/virtual-npm/semver/-/semver-6.3.1.tgz 0ms (cache hit)
896 http cache negotiator@https://artifactory.gcp.mercadona.com/artifactory/api/npm/virtual-npm/negotiator/-/negotiator-0.6.3.tgz 0ms (cache hit)
897 http cache @types/send@https://artifactory.gcp.mercadona.com/artifactory/api/npm/virtual-npm/@types/send/-/send-0.17.6.tgz 0ms (cache hit)
898 http cache proc-log@https://artifactory.gcp.mercadona.com/artifactory/api/npm/virtual-npm/proc-log/-/proc-log-4.2.0.tgz 0ms (cache hit)
899 http cache proc-log@https://artifactory.gcp.mercadona.com/artifactory/api/npm/virtual-npm/proc-log/-/proc-log-4.2.0.tgz 0ms (cache hit)
900 http cache js-yaml@https://artifactory.gcp.mercadona.com/artifactory/api/npm/virtual-npm/js-yaml/-/js-yaml-4.1.1.tgz 0ms (cache hit)
901 http cache proc-log@https://artifactory.gcp.mercadona.com/artifactory/api/npm/virtual-npm/proc-log/-/proc-log-4.2.0.tgz 0ms (cache hit)
902 http cache lru-cache@https://artifactory.gcp.mercadona.com/artifactory/api/npm/virtual-npm/lru-cache/-/lru-cache-10.4.3.tgz 0ms (cache hit)
903 http cache ini@https://artifactory.gcp.mercadona.com/artifactory/api/npm/virtual-npm/ini/-/ini-4.1.3.tgz 0ms (cache hit)
904 http cache @types/express-serve-static-core@https://artifactory.gcp.mercadona.com/artifactory/api/npm/virtual-npm/@types/express-serve-static-core/-/express-serve-static-core-4.19.8.tgz 0ms (cache hit)
905 http cache wrap-ansi@https://artifactory.gcp.mercadona.com/artifactory/api/npm/virtual-npm/wrap-ansi/-/wrap-ansi-8.1.0.tgz 0ms (cache hit)
906 http cache lru-cache@https://artifactory.gcp.mercadona.com/artifactory/api/npm/virtual-npm/lru-cache/-/lru-cache-10.4.3.tgz 0ms (cache hit)
907 http cache string-width@https://artifactory.gcp.mercadona.com/artifactory/api/npm/virtual-npm/string-width/-/string-width-5.1.2.tgz 0ms (cache hit)
908 http cache emoji-regex@https://artifactory.gcp.mercadona.com/artifactory/api/npm/virtual-npm/emoji-regex/-/emoji-regex-9.2.2.tgz 0ms (cache hit)
909 http cache semver@https://artifactory.gcp.mercadona.com/artifactory/api/npm/virtual-npm/semver/-/semver-6.3.1.tgz 0ms (cache hit)
910 http cache strip-ansi@https://artifactory.gcp.mercadona.com/artifactory/api/npm/virtual-npm/strip-ansi/-/strip-ansi-7.2.0.tgz 0ms (cache hit)
911 http cache ansi-regex@https://artifactory.gcp.mercadona.com/artifactory/api/npm/virtual-npm/ansi-regex/-/ansi-regex-6.2.2.tgz 0ms (cache hit)
912 http cache ansi-styles@https://artifactory.gcp.mercadona.com/artifactory/api/npm/virtual-npm/ansi-styles/-/ansi-styles-6.2.3.tgz 0ms (cache hit)
913 http cache @babel/generator@https://artifactory.gcp.mercadona.com/artifactory/api/npm/virtual-npm/@babel/generator/-/generator-7.29.1.tgz 0ms (cache hit)
914 http cache semver@https://artifactory.gcp.mercadona.com/artifactory/api/npm/virtual-npm/semver/-/semver-6.3.1.tgz 0ms (cache hit)
915 http cache @babel/helper-annotate-as-pure@https://artifactory.gcp.mercadona.com/artifactory/api/npm/virtual-npm/@babel/helper-annotate-as-pure/-/helper-annotate-as-pure-7.27.3.tgz 0ms (cache hit)
916 http cache @babel/helper-annotate-as-pure@https://artifactory.gcp.mercadona.com/artifactory/api/npm/virtual-npm/@babel/helper-annotate-as-pure/-/helper-annotate-as-pure-7.27.3.tgz 0ms (cache hit)
917 http cache @babel/helper-annotate-as-pure@https://artifactory.gcp.mercadona.com/artifactory/api/npm/virtual-npm/@babel/helper-annotate-as-pure/-/helper-annotate-as-pure-7.27.3.tgz 0ms (cache hit)
918 http cache semver@https://artifactory.gcp.mercadona.com/artifactory/api/npm/virtual-npm/semver/-/semver-6.3.1.tgz 0ms (cache hit)
919 http cache semver@https://artifactory.gcp.mercadona.com/artifactory/api/npm/virtual-npm/semver/-/semver-6.3.1.tgz 0ms (cache hit)
920 http cache semver@https://artifactory.gcp.mercadona.com/artifactory/api/npm/virtual-npm/semver/-/semver-6.3.1.tgz 0ms (cache hit)
921 http cache resolve@https://artifactory.gcp.mercadona.com/artifactory/api/npm/virtual-npm/resolve/-/resolve-1.22.12.tgz 0ms (cache hit)
922 http cache @babel/core@https://artifactory.gcp.mercadona.com/artifactory/api/npm/virtual-npm/@babel/core/-/core-7.23.9.tgz 0ms (cache hit)
923 http cache @babel/helper-annotate-as-pure@https://artifactory.gcp.mercadona.com/artifactory/api/npm/virtual-npm/@babel/helper-annotate-as-pure/-/helper-annotate-as-pure-7.27.3.tgz 0ms (cache hit)
924 http cache convert-source-map@https://artifactory.gcp.mercadona.com/artifactory/api/npm/virtual-npm/convert-source-map/-/convert-source-map-2.0.0.tgz 0ms (cache hit)
925 http cache @babel/helper-annotate-as-pure@https://artifactory.gcp.mercadona.com/artifactory/api/npm/virtual-npm/@babel/helper-annotate-as-pure/-/helper-annotate-as-pure-7.27.3.tgz 0ms (cache hit)
926 http cache semver@https://artifactory.gcp.mercadona.com/artifactory/api/npm/virtual-npm/semver/-/semver-6.3.1.tgz 0ms (cache hit)
927 http cache rxjs@https://artifactory.gcp.mercadona.com/artifactory/api/npm/virtual-npm/rxjs/-/rxjs-7.8.1.tgz 0ms (cache hit)
928 http cache convert-source-map@https://artifactory.gcp.mercadona.com/artifactory/api/npm/virtual-npm/convert-source-map/-/convert-source-map-2.0.0.tgz 0ms (cache hit)
929 http cache rxjs@https://artifactory.gcp.mercadona.com/artifactory/api/npm/virtual-npm/rxjs/-/rxjs-7.8.1.tgz 0ms (cache hit)
930 http cache rxjs@https://artifactory.gcp.mercadona.com/artifactory/api/npm/virtual-npm/rxjs/-/rxjs-7.8.1.tgz 0ms (cache hit)
931 http cache rxjs@https://artifactory.gcp.mercadona.com/artifactory/api/npm/virtual-npm/rxjs/-/rxjs-7.8.1.tgz 0ms (cache hit)
932 http cache semver@https://artifactory.gcp.mercadona.com/artifactory/api/npm/virtual-npm/semver/-/semver-6.3.1.tgz 0ms (cache hit)
933 silly tarball no local data for zone.js@https://artifactory.gcp.mercadona.com/artifactory/api/npm/virtual-npm/zone.js/-/zone.js-0.14.10.tgz. Extracting by manifest.
934 silly tarball no local data for yargs-parser@https://artifactory.gcp.mercadona.com/artifactory/api/npm/virtual-npm/yargs-parser/-/yargs-parser-21.1.1.tgz. Extracting by manifest.
935 silly tarball no local data for yargs@https://artifactory.gcp.mercadona.com/artifactory/api/npm/virtual-npm/yargs/-/yargs-17.7.2.tgz. Extracting by manifest.
936 silly tarball no local data for y18n@https://artifactory.gcp.mercadona.com/artifactory/api/npm/virtual-npm/y18n/-/y18n-5.0.8.tgz. Extracting by manifest.
937 silly tarball no local data for ws@https://artifactory.gcp.mercadona.com/artifactory/api/npm/virtual-npm/ws/-/ws-8.20.0.tgz. Extracting by manifest.
938 silly tarball no local data for yocto-queue@https://artifactory.gcp.mercadona.com/artifactory/api/npm/virtual-npm/yocto-queue/-/yocto-queue-1.2.2.tgz. Extracting by manifest.
939 silly tarball no local data for wildcard@https://artifactory.gcp.mercadona.com/artifactory/api/npm/virtual-npm/wildcard/-/wildcard-2.0.1.tgz. Extracting by manifest.
940 silly tarball no local data for yallist@https://artifactory.gcp.mercadona.com/artifactory/api/npm/virtual-npm/yallist/-/yallist-3.1.1.tgz. Extracting by manifest.
941 silly tarball no local data for which@https://artifactory.gcp.mercadona.com/artifactory/api/npm/virtual-npm/which/-/which-4.0.0.tgz. Extracting by manifest.
942 silly tarball no local data for wrap-ansi@https://artifactory.gcp.mercadona.com/artifactory/api/npm/virtual-npm/wrap-ansi/-/wrap-ansi-6.2.0.tgz. Extracting by manifest.
943 silly tarball no local data for wrappy@https://artifactory.gcp.mercadona.com/artifactory/api/npm/virtual-npm/wrappy/-/wrappy-1.0.2.tgz. Extracting by manifest.
944 silly tarball no local data for websocket-extensions@https://artifactory.gcp.mercadona.com/artifactory/api/npm/virtual-npm/websocket-extensions/-/websocket-extensions-0.1.4.tgz. Extracting by manifest.
945 silly tarball no local data for websocket-driver@https://artifactory.gcp.mercadona.com/artifactory/api/npm/virtual-npm/websocket-driver/-/websocket-driver-0.7.4.tgz. Extracting by manifest.
946 silly tarball no local data for webpack-subresource-integrity@https://artifactory.gcp.mercadona.com/artifactory/api/npm/virtual-npm/webpack-subresource-integrity/-/webpack-subresource-integrity-5.1.0.tgz. Extracting by manifest.
947 silly tarball no local data for webpack-sources@https://artifactory.gcp.mercadona.com/artifactory/api/npm/virtual-npm/webpack-sources/-/webpack-sources-3.3.4.tgz. Extracting by manifest.
948 silly tarball no local data for webpack-merge@https://artifactory.gcp.mercadona.com/artifactory/api/npm/virtual-npm/webpack-merge/-/webpack-merge-5.10.0.tgz. Extracting by manifest.
949 silly tarball no local data for webpack-dev-server@https://artifactory.gcp.mercadona.com/artifactory/api/npm/virtual-npm/webpack-dev-server/-/webpack-dev-server-4.15.1.tgz. Extracting by manifest.
950 silly tarball no local data for webpack-dev-middleware@https://artifactory.gcp.mercadona.com/artifactory/api/npm/virtual-npm/webpack-dev-middleware/-/webpack-dev-middleware-6.1.2.tgz. Extracting by manifest.
951 silly tarball no local data for webpack@https://artifactory.gcp.mercadona.com/artifactory/api/npm/virtual-npm/webpack/-/webpack-5.94.0.tgz. Extracting by manifest.
952 silly tarball no local data for wrap-ansi-cjs@https://artifactory.gcp.mercadona.com/artifactory/api/npm/virtual-npm/wrap-ansi/-/wrap-ansi-7.0.0.tgz. Extracting by manifest.
953 silly tarball no local data for wcwidth@https://artifactory.gcp.mercadona.com/artifactory/api/npm/virtual-npm/wcwidth/-/wcwidth-1.0.1.tgz. Extracting by manifest.
954 silly tarball no local data for wbuf@https://artifactory.gcp.mercadona.com/artifactory/api/npm/virtual-npm/wbuf/-/wbuf-1.7.3.tgz. Extracting by manifest.
955 silly tarball no local data for watchpack@https://artifactory.gcp.mercadona.com/artifactory/api/npm/virtual-npm/watchpack/-/watchpack-2.4.0.tgz. Extracting by manifest.
956 silly tarball no local data for vite@https://artifactory.gcp.mercadona.com/artifactory/api/npm/virtual-npm/vite/-/vite-5.4.21.tgz. Extracting by manifest.
957 silly tarball no local data for vary@https://artifactory.gcp.mercadona.com/artifactory/api/npm/virtual-npm/vary/-/vary-1.1.2.tgz. Extracting by manifest.
958 silly tarball no local data for uuid@https://artifactory.gcp.mercadona.com/artifactory/api/npm/virtual-npm/uuid/-/uuid-8.3.2.tgz. Extracting by manifest.
959 silly tarball no local data for validate-npm-package-name@https://artifactory.gcp.mercadona.com/artifactory/api/npm/virtual-npm/validate-npm-package-name/-/validate-npm-package-name-5.0.1.tgz. Extracting by manifest.
960 silly tarball no local data for utrie@https://artifactory.gcp.mercadona.com/artifactory/api/npm/virtual-npm/utrie/-/utrie-1.0.2.tgz. Extracting by manifest.
961 silly tarball no local data for validate-npm-package-license@https://artifactory.gcp.mercadona.com/artifactory/api/npm/virtual-npm/validate-npm-package-license/-/validate-npm-package-license-3.0.4.tgz. Extracting by manifest.
962 silly tarball no local data for util-deprecate@https://artifactory.gcp.mercadona.com/artifactory/api/npm/virtual-npm/util-deprecate/-/util-deprecate-1.0.2.tgz. Extracting by manifest.
963 silly tarball no local data for utils-merge@https://artifactory.gcp.mercadona.com/artifactory/api/npm/virtual-npm/utils-merge/-/utils-merge-1.0.1.tgz. Extracting by manifest.
964 silly tarball no local data for unique-slug@https://artifactory.gcp.mercadona.com/artifactory/api/npm/virtual-npm/unique-slug/-/unique-slug-4.0.0.tgz. Extracting by manifest.
965 silly tarball no local data for unpipe@https://artifactory.gcp.mercadona.com/artifactory/api/npm/virtual-npm/unpipe/-/unpipe-1.0.0.tgz. Extracting by manifest.
966 silly tarball no local data for uri-js@https://artifactory.gcp.mercadona.com/artifactory/api/npm/virtual-npm/uri-js/-/uri-js-4.4.1.tgz. Extracting by manifest.
967 silly tarball no local data for update-browserslist-db@https://artifactory.gcp.mercadona.com/artifactory/api/npm/virtual-npm/update-browserslist-db/-/update-browserslist-db-1.2.3.tgz. Extracting by manifest.
968 silly tarball no local data for unicode-match-property-value-ecmascript@https://artifactory.gcp.mercadona.com/artifactory/api/npm/virtual-npm/unicode-match-property-value-ecmascript/-/unicode-match-property-value-ecmascript-2.2.1.tgz. Extracting by manifest.
969 silly tarball no local data for unicode-property-aliases-ecmascript@https://artifactory.gcp.mercadona.com/artifactory/api/npm/virtual-npm/unicode-property-aliases-ecmascript/-/unicode-property-aliases-ecmascript-2.2.0.tgz. Extracting by manifest.
970 silly tarball no local data for unicode-match-property-ecmascript@https://artifactory.gcp.mercadona.com/artifactory/api/npm/virtual-npm/unicode-match-property-ecmascript/-/unicode-match-property-ecmascript-2.0.0.tgz. Extracting by manifest.
971 silly tarball no local data for unique-filename@https://artifactory.gcp.mercadona.com/artifactory/api/npm/virtual-npm/unique-filename/-/unique-filename-3.0.0.tgz. Extracting by manifest.
972 silly tarball no local data for unicode-canonical-property-names-ecmascript@https://artifactory.gcp.mercadona.com/artifactory/api/npm/virtual-npm/unicode-canonical-property-names-ecmascript/-/unicode-canonical-property-names-ecmascript-2.0.1.tgz. Extracting by manifest.
973 silly tarball no local data for typed-assert@https://artifactory.gcp.mercadona.com/artifactory/api/npm/virtual-npm/typed-assert/-/typed-assert-1.0.9.tgz. Extracting by manifest.
974 http cache tslib@https://artifactory.gcp.mercadona.com/artifactory/api/npm/virtual-npm/tslib/-/tslib-2.6.2.tgz 0ms (cache hit)
975 silly tarball no local data for undici-types@https://artifactory.gcp.mercadona.com/artifactory/api/npm/virtual-npm/undici-types/-/undici-types-5.26.5.tgz. Extracting by manifest.
976 silly tarball no local data for typescript@https://artifactory.gcp.mercadona.com/artifactory/api/npm/virtual-npm/typescript/-/typescript-5.3.3.tgz. Extracting by manifest.
977 silly tarball no local data for type-is@https://artifactory.gcp.mercadona.com/artifactory/api/npm/virtual-npm/type-is/-/type-is-1.6.18.tgz. Extracting by manifest.
978 silly tarball no local data for type-fest@https://artifactory.gcp.mercadona.com/artifactory/api/npm/virtual-npm/type-fest/-/type-fest-0.21.3.tgz. Extracting by manifest.
979 silly tarball no local data for tuf-js@https://artifactory.gcp.mercadona.com/artifactory/api/npm/virtual-npm/tuf-js/-/tuf-js-2.2.1.tgz. Extracting by manifest.
980 silly tarball no local data for tree-kill@https://artifactory.gcp.mercadona.com/artifactory/api/npm/virtual-npm/tree-kill/-/tree-kill-1.2.2.tgz. Extracting by manifest.
981 silly tarball no local data for tslib@https://artifactory.gcp.mercadona.com/artifactory/api/npm/virtual-npm/tslib/-/tslib-2.8.1.tgz. Extracting by manifest.
982 silly tarball no local data for toidentifier@https://artifactory.gcp.mercadona.com/artifactory/api/npm/virtual-npm/toidentifier/-/toidentifier-1.0.1.tgz. Extracting by manifest.
983 silly tarball no local data for to-regex-range@https://artifactory.gcp.mercadona.com/artifactory/api/npm/virtual-npm/to-regex-range/-/to-regex-range-5.0.1.tgz. Extracting by manifest.
984 silly tarball no local data for tmp@https://artifactory.gcp.mercadona.com/artifactory/api/npm/virtual-npm/tmp/-/tmp-0.0.33.tgz. Extracting by manifest.
985 silly tarball no local data for tinycolor2@https://artifactory.gcp.mercadona.com/artifactory/api/npm/virtual-npm/tinycolor2/-/tinycolor2-1.6.0.tgz. Extracting by manifest.
986 silly tarball no local data for thunky@https://artifactory.gcp.mercadona.com/artifactory/api/npm/virtual-npm/thunky/-/thunky-1.1.0.tgz. Extracting by manifest.
987 silly tarball no local data for text-segmentation@https://artifactory.gcp.mercadona.com/artifactory/api/npm/virtual-npm/text-segmentation/-/text-segmentation-1.0.3.tgz. Extracting by manifest.
988 silly tarball no local data for tinygradient@https://artifactory.gcp.mercadona.com/artifactory/api/npm/virtual-npm/tinygradient/-/tinygradient-1.1.5.tgz. Extracting by manifest.
989 silly tarball no local data for terser-webpack-plugin@https://artifactory.gcp.mercadona.com/artifactory/api/npm/virtual-npm/terser-webpack-plugin/-/terser-webpack-plugin-5.4.0.tgz. Extracting by manifest.
990 silly tarball no local data for test-exclude@https://artifactory.gcp.mercadona.com/artifactory/api/npm/virtual-npm/test-exclude/-/test-exclude-6.0.0.tgz. Extracting by manifest.
991 silly tarball no local data for terser@https://artifactory.gcp.mercadona.com/artifactory/api/npm/virtual-npm/terser/-/terser-5.29.1.tgz. Extracting by manifest.
992 silly tarball no local data for tar@https://artifactory.gcp.mercadona.com/artifactory/api/npm/virtual-npm/tar/-/tar-6.2.1.tgz. Extracting by manifest.
993 silly tarball no local data for symbol-observable@https://artifactory.gcp.mercadona.com/artifactory/api/npm/virtual-npm/symbol-observable/-/symbol-observable-4.0.0.tgz. Extracting by manifest.
994 silly tarball no local data for supports-preserve-symlinks-flag@https://artifactory.gcp.mercadona.com/artifactory/api/npm/virtual-npm/supports-preserve-symlinks-flag/-/supports-preserve-symlinks-flag-1.0.0.tgz. Extracting by manifest.
995 silly tarball no local data for svg-pathdata@https://artifactory.gcp.mercadona.com/artifactory/api/npm/virtual-npm/svg-pathdata/-/svg-pathdata-6.0.3.tgz. Extracting by manifest.
996 silly tarball no local data for tapable@https://artifactory.gcp.mercadona.com/artifactory/api/npm/virtual-npm/tapable/-/tapable-2.3.2.tgz. Extracting by manifest.
997 silly tarball no local data for strip-ansi-cjs@https://artifactory.gcp.mercadona.com/artifactory/api/npm/virtual-npm/strip-ansi/-/strip-ansi-6.0.1.tgz. Extracting by manifest.
998 silly tarball no local data for strip-ansi@https://artifactory.gcp.mercadona.com/artifactory/api/npm/virtual-npm/strip-ansi/-/strip-ansi-6.0.1.tgz. Extracting by manifest.
999 silly tarball no local data for strip-final-newline@https://artifactory.gcp.mercadona.com/artifactory/api/npm/virtual-npm/strip-final-newline/-/strip-final-newline-2.0.0.tgz. Extracting by manifest.
1000 silly tarball no local data for supports-color@https://artifactory.gcp.mercadona.com/artifactory/api/npm/virtual-npm/supports-color/-/supports-color-7.2.0.tgz. Extracting by manifest.
1001 silly tarball no local data for string-width-cjs@https://artifactory.gcp.mercadona.com/artifactory/api/npm/virtual-npm/string-width/-/string-width-4.2.3.tgz. Extracting by manifest.
1002 silly tarball no local data for string_decoder@https://artifactory.gcp.mercadona.com/artifactory/api/npm/virtual-npm/string_decoder/-/string_decoder-1.3.0.tgz. Extracting by manifest.
1003 silly tarball no local data for string-width@https://artifactory.gcp.mercadona.com/artifactory/api/npm/virtual-npm/string-width/-/string-width-4.2.3.tgz. Extracting by manifest.
1004 silly tarball no local data for stackblur-canvas@https://artifactory.gcp.mercadona.com/artifactory/api/npm/virtual-npm/stackblur-canvas/-/stackblur-canvas-2.7.0.tgz. Extracting by manifest.
1005 silly tarball no local data for ssri@https://artifactory.gcp.mercadona.com/artifactory/api/npm/virtual-npm/ssri/-/ssri-10.0.6.tgz. Extracting by manifest.
1006 silly tarball no local data for sprintf-js@https://artifactory.gcp.mercadona.com/artifactory/api/npm/virtual-npm/sprintf-js/-/sprintf-js-1.0.3.tgz. Extracting by manifest.
1007 silly tarball no local data for spdy-transport@https://artifactory.gcp.mercadona.com/artifactory/api/npm/virtual-npm/spdy-transport/-/spdy-transport-3.0.0.tgz. Extracting by manifest.
1008 silly tarball no local data for statuses@https://artifactory.gcp.mercadona.com/artifactory/api/npm/virtual-npm/statuses/-/statuses-2.0.2.tgz. Extracting by manifest.
1009 silly tarball no local data for spdx-license-ids@https://artifactory.gcp.mercadona.com/artifactory/api/npm/virtual-npm/spdx-license-ids/-/spdx-license-ids-3.0.23.tgz. Extracting by manifest.
1010 silly tarball no local data for spdy@https://artifactory.gcp.mercadona.com/artifactory/api/npm/virtual-npm/spdy/-/spdy-4.0.2.tgz. Extracting by manifest.
1011 silly tarball no local data for spdx-correct@https://artifactory.gcp.mercadona.com/artifactory/api/npm/virtual-npm/spdx-correct/-/spdx-correct-3.2.0.tgz. Extracting by manifest.
1012 silly tarball no local data for source-map-support@https://artifactory.gcp.mercadona.com/artifactory/api/npm/virtual-npm/source-map-support/-/source-map-support-0.5.21.tgz. Extracting by manifest.
1013 silly tarball no local data for spdx-exceptions@https://artifactory.gcp.mercadona.com/artifactory/api/npm/virtual-npm/spdx-exceptions/-/spdx-exceptions-2.5.0.tgz. Extracting by manifest.
1014 silly tarball no local data for source-map-loader@https://artifactory.gcp.mercadona.com/artifactory/api/npm/virtual-npm/source-map-loader/-/source-map-loader-5.0.0.tgz. Extracting by manifest.
1015 silly tarball no local data for source-map-js@https://artifactory.gcp.mercadona.com/artifactory/api/npm/virtual-npm/source-map-js/-/source-map-js-1.2.1.tgz. Extracting by manifest.
1016 silly tarball no local data for spdx-expression-parse@https://artifactory.gcp.mercadona.com/artifactory/api/npm/virtual-npm/spdx-expression-parse/-/spdx-expression-parse-3.0.1.tgz. Extracting by manifest.
1017 silly tarball no local data for source-map@https://artifactory.gcp.mercadona.com/artifactory/api/npm/virtual-npm/source-map/-/source-map-0.7.4.tgz. Extracting by manifest.
1018 silly tarball no local data for socks-proxy-agent@https://artifactory.gcp.mercadona.com/artifactory/api/npm/virtual-npm/socks-proxy-agent/-/socks-proxy-agent-8.0.5.tgz. Extracting by manifest.
1019 silly tarball no local data for socks@https://artifactory.gcp.mercadona.com/artifactory/api/npm/virtual-npm/socks/-/socks-2.8.7.tgz. Extracting by manifest.
1020 silly tarball no local data for smart-buffer@https://artifactory.gcp.mercadona.com/artifactory/api/npm/virtual-npm/smart-buffer/-/smart-buffer-4.2.0.tgz. Extracting by manifest.
1021 silly tarball no local data for sockjs@https://artifactory.gcp.mercadona.com/artifactory/api/npm/virtual-npm/sockjs/-/sockjs-0.3.24.tgz. Extracting by manifest.
1022 silly tarball no local data for sigstore@https://artifactory.gcp.mercadona.com/artifactory/api/npm/virtual-npm/sigstore/-/sigstore-2.3.1.tgz. Extracting by manifest.
1023 silly tarball no local data for slash@https://artifactory.gcp.mercadona.com/artifactory/api/npm/virtual-npm/slash/-/slash-4.0.0.tgz. Extracting by manifest.
1024 silly tarball no local data for side-channel-weakmap@https://artifactory.gcp.mercadona.com/artifactory/api/npm/virtual-npm/side-channel-weakmap/-/side-channel-weakmap-1.0.2.tgz. Extracting by manifest.
1025 silly tarball no local data for signal-exit@https://artifactory.gcp.mercadona.com/artifactory/api/npm/virtual-npm/signal-exit/-/signal-exit-4.1.0.tgz. Extracting by manifest.
1026 silly tarball no local data for side-channel-list@https://artifactory.gcp.mercadona.com/artifactory/api/npm/virtual-npm/side-channel-list/-/side-channel-list-1.0.1.tgz. Extracting by manifest.
1027 silly tarball no local data for side-channel-map@https://artifactory.gcp.mercadona.com/artifactory/api/npm/virtual-npm/side-channel-map/-/side-channel-map-1.0.1.tgz. Extracting by manifest.
1028 silly tarball no local data for shell-quote@https://artifactory.gcp.mercadona.com/artifactory/api/npm/virtual-npm/shell-quote/-/shell-quote-1.8.3.tgz. Extracting by manifest.
1029 silly tarball no local data for side-channel@https://artifactory.gcp.mercadona.com/artifactory/api/npm/virtual-npm/side-channel/-/side-channel-1.1.0.tgz. Extracting by manifest.
1030 silly tarball no local data for shebang-command@https://artifactory.gcp.mercadona.com/artifactory/api/npm/virtual-npm/shebang-command/-/shebang-command-2.0.0.tgz. Extracting by manifest.
1031 silly tarball no local data for shebang-regex@https://artifactory.gcp.mercadona.com/artifactory/api/npm/virtual-npm/shebang-regex/-/shebang-regex-3.0.0.tgz. Extracting by manifest.
1032 silly tarball no local data for shallow-clone@https://artifactory.gcp.mercadona.com/artifactory/api/npm/virtual-npm/shallow-clone/-/shallow-clone-3.0.1.tgz. Extracting by manifest.
1033 silly tarball no local data for set-function-length@https://artifactory.gcp.mercadona.com/artifactory/api/npm/virtual-npm/set-function-length/-/set-function-length-1.2.2.tgz. Extracting by manifest.
1034 silly tarball no local data for serve-index@https://artifactory.gcp.mercadona.com/artifactory/api/npm/virtual-npm/serve-index/-/serve-index-1.9.2.tgz. Extracting by manifest.
1035 silly tarball no local data for serve-static@https://artifactory.gcp.mercadona.com/artifactory/api/npm/virtual-npm/serve-static/-/serve-static-1.16.3.tgz. Extracting by manifest.
1036 silly tarball no local data for send@https://artifactory.gcp.mercadona.com/artifactory/api/npm/virtual-npm/send/-/send-0.19.2.tgz. Extracting by manifest.
1037 silly tarball no local data for setprototypeof@https://artifactory.gcp.mercadona.com/artifactory/api/npm/virtual-npm/setprototypeof/-/setprototypeof-1.2.0.tgz. Extracting by manifest.
1038 silly tarball no local data for semver@https://artifactory.gcp.mercadona.com/artifactory/api/npm/virtual-npm/semver/-/semver-7.6.0.tgz. Extracting by manifest.
1039 silly tarball no local data for serialize-javascript@https://artifactory.gcp.mercadona.com/artifactory/api/npm/virtual-npm/serialize-javascript/-/serialize-javascript-6.0.2.tgz. Extracting by manifest.
1040 silly tarball no local data for selfsigned@https://artifactory.gcp.mercadona.com/artifactory/api/npm/virtual-npm/selfsigned/-/selfsigned-2.4.1.tgz. Extracting by manifest.
1041 silly tarball no local data for select-hose@https://artifactory.gcp.mercadona.com/artifactory/api/npm/virtual-npm/select-hose/-/select-hose-2.0.0.tgz. Extracting by manifest.
1042 silly tarball no local data for sass-loader@https://artifactory.gcp.mercadona.com/artifactory/api/npm/virtual-npm/sass-loader/-/sass-loader-14.1.1.tgz. Extracting by manifest.
1043 silly tarball no local data for sax@https://artifactory.gcp.mercadona.com/artifactory/api/npm/virtual-npm/sax/-/sax-1.6.0.tgz. Extracting by manifest.
1044 silly tarball no local data for schema-utils@https://artifactory.gcp.mercadona.com/artifactory/api/npm/virtual-npm/schema-utils/-/schema-utils-4.3.3.tgz. Extracting by manifest.
1045 silly tarball no local data for safevalues@https://artifactory.gcp.mercadona.com/artifactory/api/npm/virtual-npm/safevalues/-/safevalues-0.3.4.tgz. Extracting by manifest.
1046 silly tarball no local data for sass@https://artifactory.gcp.mercadona.com/artifactory/api/npm/virtual-npm/sass/-/sass-1.71.1.tgz. Extracting by manifest.
1047 silly tarball no local data for safe-buffer@https://artifactory.gcp.mercadona.com/artifactory/api/npm/virtual-npm/safe-buffer/-/safe-buffer-5.2.1.tgz. Extracting by manifest.
1048 silly tarball no local data for run-parallel@https://artifactory.gcp.mercadona.com/artifactory/api/npm/virtual-npm/run-parallel/-/run-parallel-1.2.0.tgz. Extracting by manifest.
1049 silly tarball no local data for rxjs@https://artifactory.gcp.mercadona.com/artifactory/api/npm/virtual-npm/rxjs/-/rxjs-7.8.2.tgz. Extracting by manifest.
1050 silly tarball no local data for safer-buffer@https://artifactory.gcp.mercadona.com/artifactory/api/npm/virtual-npm/safer-buffer/-/safer-buffer-2.1.2.tgz. Extracting by manifest.
1051 silly tarball no local data for rimraf@https://artifactory.gcp.mercadona.com/artifactory/api/npm/virtual-npm/rimraf/-/rimraf-3.0.2.tgz. Extracting by manifest.
1052 silly tarball no local data for rgbcolor@https://artifactory.gcp.mercadona.com/artifactory/api/npm/virtual-npm/rgbcolor/-/rgbcolor-1.0.1.tgz. Extracting by manifest.
1053 silly tarball no local data for run-async@https://artifactory.gcp.mercadona.com/artifactory/api/npm/virtual-npm/run-async/-/run-async-3.0.0.tgz. Extracting by manifest.
1054 silly tarball no local data for reusify@https://artifactory.gcp.mercadona.com/artifactory/api/npm/virtual-npm/reusify/-/reusify-1.1.0.tgz. Extracting by manifest.
1055 silly tarball no local data for retry@https://artifactory.gcp.mercadona.com/artifactory/api/npm/virtual-npm/retry/-/retry-0.12.0.tgz. Extracting by manifest.
1056 silly tarball no local data for resolve-from@https://artifactory.gcp.mercadona.com/artifactory/api/npm/virtual-npm/resolve-from/-/resolve-from-5.0.0.tgz. Extracting by manifest.
1057 silly tarball no local data for rollup@https://artifactory.gcp.mercadona.com/artifactory/api/npm/virtual-npm/rollup/-/rollup-4.60.1.tgz. Extracting by manifest.
1058 silly tarball no local data for resolve@https://artifactory.gcp.mercadona.com/artifactory/api/npm/virtual-npm/resolve/-/resolve-1.22.8.tgz. Extracting by manifest.
1059 silly tarball no local data for resolve-url-loader@https://artifactory.gcp.mercadona.com/artifactory/api/npm/virtual-npm/resolve-url-loader/-/resolve-url-loader-5.0.0.tgz. Extracting by manifest.
1060 silly tarball no local data for requires-port@https://artifactory.gcp.mercadona.com/artifactory/api/npm/virtual-npm/requires-port/-/requires-port-1.0.0.tgz. Extracting by manifest.
1061 silly tarball no local data for restore-cursor@https://artifactory.gcp.mercadona.com/artifactory/api/npm/virtual-npm/restore-cursor/-/restore-cursor-3.1.0.tgz. Extracting by manifest.
1062 silly tarball no local data for regjsgen@https://artifactory.gcp.mercadona.com/artifactory/api/npm/virtual-npm/regjsgen/-/regjsgen-0.8.0.tgz. Extracting by manifest.
1063 silly tarball no local data for regjsparser@https://artifactory.gcp.mercadona.com/artifactory/api/npm/virtual-npm/regjsparser/-/regjsparser-0.13.1.tgz. Extracting by manifest.
1064 silly tarball no local data for require-directory@https://artifactory.gcp.mercadona.com/artifactory/api/npm/virtual-npm/require-directory/-/require-directory-2.1.1.tgz. Extracting by manifest.
1065 silly tarball no local data for require-from-string@https://artifactory.gcp.mercadona.com/artifactory/api/npm/virtual-npm/require-from-string/-/require-from-string-2.0.2.tgz. Extracting by manifest.
1066 silly tarball no local data for regexpu-core@https://artifactory.gcp.mercadona.com/artifactory/api/npm/virtual-npm/regexpu-core/-/regexpu-core-6.4.0.tgz. Extracting by manifest.
1067 silly tarball no local data for regenerator-runtime@https://artifactory.gcp.mercadona.com/artifactory/api/npm/virtual-npm/regenerator-runtime/-/regenerator-runtime-0.14.1.tgz. Extracting by manifest.
1068 silly tarball no local data for reflect-metadata@https://artifactory.gcp.mercadona.com/artifactory/api/npm/virtual-npm/reflect-metadata/-/reflect-metadata-0.2.2.tgz. Extracting by manifest.
1069 silly tarball no local data for regenerate@https://artifactory.gcp.mercadona.com/artifactory/api/npm/virtual-npm/regenerate/-/regenerate-1.4.2.tgz. Extracting by manifest.
1070 silly tarball no local data for readdirp@https://artifactory.gcp.mercadona.com/artifactory/api/npm/virtual-npm/readdirp/-/readdirp-3.6.0.tgz. Extracting by manifest.
1071 silly tarball no local data for regenerate-unicode-properties@https://artifactory.gcp.mercadona.com/artifactory/api/npm/virtual-npm/regenerate-unicode-properties/-/regenerate-unicode-properties-10.2.2.tgz. Extracting by manifest.
1072 silly tarball no local data for read-package-json-fast@https://artifactory.gcp.mercadona.com/artifactory/api/npm/virtual-npm/read-package-json-fast/-/read-package-json-fast-3.0.2.tgz. Extracting by manifest.
1073 silly tarball no local data for raw-body@https://artifactory.gcp.mercadona.com/artifactory/api/npm/virtual-npm/raw-body/-/raw-body-2.5.3.tgz. Extracting by manifest.
1074 silly tarball no local data for readable-stream@https://artifactory.gcp.mercadona.com/artifactory/api/npm/virtual-npm/readable-stream/-/readable-stream-3.6.2.tgz. Extracting by manifest.
1075 http cache rxjs@https://artifactory.gcp.mercadona.com/artifactory/api/npm/virtual-npm/rxjs/-/rxjs-7.8.1.tgz 0ms (cache hit)
1076 silly tarball no local data for regex-parser@https://artifactory.gcp.mercadona.com/artifactory/api/npm/virtual-npm/regex-parser/-/regex-parser-2.3.1.tgz. Extracting by manifest.
1077 silly tarball no local data for read-package-json@https://artifactory.gcp.mercadona.com/artifactory/api/npm/virtual-npm/read-package-json/-/read-package-json-7.0.1.tgz. Extracting by manifest.
1078 silly tarball no local data for queue-microtask@https://artifactory.gcp.mercadona.com/artifactory/api/npm/virtual-npm/queue-microtask/-/queue-microtask-1.2.3.tgz. Extracting by manifest.
1079 silly tarball no local data for raf@https://artifactory.gcp.mercadona.com/artifactory/api/npm/virtual-npm/raf/-/raf-3.4.1.tgz. Extracting by manifest.
1080 silly tarball no local data for punycode@https://artifactory.gcp.mercadona.com/artifactory/api/npm/virtual-npm/punycode/-/punycode-2.3.1.tgz. Extracting by manifest.
1081 silly tarball no local data for qs@https://artifactory.gcp.mercadona.com/artifactory/api/npm/virtual-npm/qs/-/qs-6.14.2.tgz. Extracting by manifest.
1082 silly tarball no local data for randombytes@https://artifactory.gcp.mercadona.com/artifactory/api/npm/virtual-npm/randombytes/-/randombytes-2.1.0.tgz. Extracting by manifest.
1083 silly tarball no local data for proxy-addr@https://artifactory.gcp.mercadona.com/artifactory/api/npm/virtual-npm/proxy-addr/-/proxy-addr-2.0.7.tgz. Extracting by manifest.
1084 silly tarball no local data for prr@https://artifactory.gcp.mercadona.com/artifactory/api/npm/virtual-npm/prr/-/prr-1.0.1.tgz. Extracting by manifest.
1085 silly tarball no local data for range-parser@https://artifactory.gcp.mercadona.com/artifactory/api/npm/virtual-npm/range-parser/-/range-parser-1.2.1.tgz. Extracting by manifest.
1086 silly tarball no local data for promise-inflight@https://artifactory.gcp.mercadona.com/artifactory/api/npm/virtual-npm/promise-inflight/-/promise-inflight-1.0.1.tgz. Extracting by manifest.
1087 silly tarball no local data for postcss-value-parser@https://artifactory.gcp.mercadona.com/artifactory/api/npm/virtual-npm/postcss-value-parser/-/postcss-value-parser-4.2.0.tgz. Extracting by manifest.
1088 silly tarball no local data for promise-retry@https://artifactory.gcp.mercadona.com/artifactory/api/npm/virtual-npm/promise-retry/-/promise-retry-2.0.1.tgz. Extracting by manifest.
1089 silly tarball no local data for proc-log@https://artifactory.gcp.mercadona.com/artifactory/api/npm/virtual-npm/proc-log/-/proc-log-3.0.0.tgz. Extracting by manifest.
1090 silly tarball no local data for postcss-modules-values@https://artifactory.gcp.mercadona.com/artifactory/api/npm/virtual-npm/postcss-modules-values/-/postcss-modules-values-4.0.0.tgz. Extracting by manifest.
1091 silly tarball no local data for process-nextick-args@https://artifactory.gcp.mercadona.com/artifactory/api/npm/virtual-npm/process-nextick-args/-/process-nextick-args-2.0.1.tgz. Extracting by manifest.
1092 silly tarball no local data for postcss-modules-scope@https://artifactory.gcp.mercadona.com/artifactory/api/npm/virtual-npm/postcss-modules-scope/-/postcss-modules-scope-3.2.1.tgz. Extracting by manifest.
1093 silly tarball no local data for postcss-modules-extract-imports@https://artifactory.gcp.mercadona.com/artifactory/api/npm/virtual-npm/postcss-modules-extract-imports/-/postcss-modules-extract-imports-3.1.0.tgz. Extracting by manifest.
1094 silly tarball no local data for postcss-selector-parser@https://artifactory.gcp.mercadona.com/artifactory/api/npm/virtual-npm/postcss-selector-parser/-/postcss-selector-parser-7.1.1.tgz. Extracting by manifest.
1095 silly tarball no local data for postcss-modules-local-by-default@https://artifactory.gcp.mercadona.com/artifactory/api/npm/virtual-npm/postcss-modules-local-by-default/-/postcss-modules-local-by-default-4.2.0.tgz. Extracting by manifest.
1096 silly tarball no local data for postcss-media-query-parser@https://artifactory.gcp.mercadona.com/artifactory/api/npm/virtual-npm/postcss-media-query-parser/-/postcss-media-query-parser-0.2.3.tgz. Extracting by manifest.
1097 silly tarball no local data for postcss-loader@https://artifactory.gcp.mercadona.com/artifactory/api/npm/virtual-npm/postcss-loader/-/postcss-loader-8.1.1.tgz. Extracting by manifest.
1098 silly tarball no local data for postcss@https://artifactory.gcp.mercadona.com/artifactory/api/npm/virtual-npm/postcss/-/postcss-8.4.35.tgz. Extracting by manifest.
1099 silly tarball no local data for piscina@https://artifactory.gcp.mercadona.com/artifactory/api/npm/virtual-npm/piscina/-/piscina-4.4.0.tgz. Extracting by manifest.
1100 silly tarball no local data for pkg-dir@https://artifactory.gcp.mercadona.com/artifactory/api/npm/virtual-npm/pkg-dir/-/pkg-dir-7.0.0.tgz. Extracting by manifest.
1101 silly tarball no local data for pify@https://artifactory.gcp.mercadona.com/artifactory/api/npm/virtual-npm/pify/-/pify-4.0.1.tgz. Extracting by manifest.
1102 silly tarball no local data for path-type@https://artifactory.gcp.mercadona.com/artifactory/api/npm/virtual-npm/path-type/-/path-type-4.0.0.tgz. Extracting by manifest.
1103 silly tarball no local data for picocolors@https://artifactory.gcp.mercadona.com/artifactory/api/npm/virtual-npm/picocolors/-/picocolors-1.1.1.tgz. Extracting by manifest.
1104 silly tarball no local data for path-to-regexp@https://artifactory.gcp.mercadona.com/artifactory/api/npm/virtual-npm/path-to-regexp/-/path-to-regexp-0.1.13.tgz. Extracting by manifest.
1105 silly tarball no local data for path-scurry@https://artifactory.gcp.mercadona.com/artifactory/api/npm/virtual-npm/path-scurry/-/path-scurry-1.11.1.tgz. Extracting by manifest.
1106 silly tarball no local data for path-parse@https://artifactory.gcp.mercadona.com/artifactory/api/npm/virtual-npm/path-parse/-/path-parse-1.0.7.tgz. Extracting by manifest.
1107 silly tarball no local data for path-key@https://artifactory.gcp.mercadona.com/artifactory/api/npm/virtual-npm/path-key/-/path-key-3.1.1.tgz. Extracting by manifest.
1108 silly tarball no local data for picomatch@https://artifactory.gcp.mercadona.com/artifactory/api/npm/virtual-npm/picomatch/-/picomatch-4.0.1.tgz. Extracting by manifest.
1109 silly tarball no local data for parseurl@https://artifactory.gcp.mercadona.com/artifactory/api/npm/virtual-npm/parseurl/-/parseurl-1.3.3.tgz. Extracting by manifest.
1110 silly tarball no local data for path-is-absolute@https://artifactory.gcp.mercadona.com/artifactory/api/npm/virtual-npm/path-is-absolute/-/path-is-absolute-1.0.1.tgz. Extracting by manifest.
1111 silly tarball no local data for performance-now@https://artifactory.gcp.mercadona.com/artifactory/api/npm/virtual-npm/performance-now/-/performance-now-2.1.0.tgz. Extracting by manifest.
1112 silly tarball no local data for path-exists@https://artifactory.gcp.mercadona.com/artifactory/api/npm/virtual-npm/path-exists/-/path-exists-4.0.0.tgz. Extracting by manifest.
1113 silly tarball no local data for parse5@https://artifactory.gcp.mercadona.com/artifactory/api/npm/virtual-npm/parse5/-/parse5-7.3.0.tgz. Extracting by manifest.
1114 silly tarball no local data for parse5-html-rewriting-stream@https://artifactory.gcp.mercadona.com/artifactory/api/npm/virtual-npm/parse5-html-rewriting-stream/-/parse5-html-rewriting-stream-7.0.0.tgz. Extracting by manifest.
1115 silly tarball no local data for parse-json@https://artifactory.gcp.mercadona.com/artifactory/api/npm/virtual-npm/parse-json/-/parse-json-5.2.0.tgz. Extracting by manifest.
1116 silly tarball no local data for parse5-sax-parser@https://artifactory.gcp.mercadona.com/artifactory/api/npm/virtual-npm/parse5-sax-parser/-/parse5-sax-parser-7.0.0.tgz. Extracting by manifest.
1117 silly tarball no local data for parse-node-version@https://artifactory.gcp.mercadona.com/artifactory/api/npm/virtual-npm/parse-node-version/-/parse-node-version-1.0.1.tgz. Extracting by manifest.
1118 silly tarball no local data for parent-module@https://artifactory.gcp.mercadona.com/artifactory/api/npm/virtual-npm/parent-module/-/parent-module-1.0.1.tgz. Extracting by manifest.
1119 silly tarball no local data for pako@https://artifactory.gcp.mercadona.com/artifactory/api/npm/virtual-npm/pako/-/pako-2.1.0.tgz. Extracting by manifest.
1120 silly tarball no local data for p-retry@https://artifactory.gcp.mercadona.com/artifactory/api/npm/virtual-npm/p-retry/-/p-retry-4.6.2.tgz. Extracting by manifest.
1121 silly tarball no local data for p-try@https://artifactory.gcp.mercadona.com/artifactory/api/npm/virtual-npm/p-try/-/p-try-2.2.0.tgz. Extracting by manifest.
1122 silly tarball no local data for p-map@https://artifactory.gcp.mercadona.com/artifactory/api/npm/virtual-npm/p-map/-/p-map-4.0.0.tgz. Extracting by manifest.
1123 silly tarball no local data for p-locate@https://artifactory.gcp.mercadona.com/artifactory/api/npm/virtual-npm/p-locate/-/p-locate-4.1.0.tgz. Extracting by manifest.
1124 silly tarball no local data for os-tmpdir@https://artifactory.gcp.mercadona.com/artifactory/api/npm/virtual-npm/os-tmpdir/-/os-tmpdir-1.0.2.tgz. Extracting by manifest.
1125 silly tarball no local data for p-limit@https://artifactory.gcp.mercadona.com/artifactory/api/npm/virtual-npm/p-limit/-/p-limit-2.3.0.tgz. Extracting by manifest.
1126 silly tarball no local data for ora@https://artifactory.gcp.mercadona.com/artifactory/api/npm/virtual-npm/ora/-/ora-5.4.1.tgz. Extracting by manifest.
1127 silly tarball no local data for pacote@https://artifactory.gcp.mercadona.com/artifactory/api/npm/virtual-npm/pacote/-/pacote-17.0.6.tgz. Extracting by manifest.
1128 silly tarball no local data for open@https://artifactory.gcp.mercadona.com/artifactory/api/npm/virtual-npm/open/-/open-8.4.2.tgz. Extracting by manifest.
1129 silly tarball no local data for once@https://artifactory.gcp.mercadona.com/artifactory/api/npm/virtual-npm/once/-/once-1.4.0.tgz. Extracting by manifest.
1130 silly tarball no local data for package-json-from-dist@https://artifactory.gcp.mercadona.com/artifactory/api/npm/virtual-npm/package-json-from-dist/-/package-json-from-dist-1.0.1.tgz. Extracting by manifest.
1131 silly tarball no local data for onetime@https://artifactory.gcp.mercadona.com/artifactory/api/npm/virtual-npm/onetime/-/onetime-5.1.2.tgz. Extracting by manifest.
1132 silly tarball no local data for on-finished@https://artifactory.gcp.mercadona.com/artifactory/api/npm/virtual-npm/on-finished/-/on-finished-2.4.1.tgz. Extracting by manifest.
1133 silly tarball no local data for object-inspect@https://artifactory.gcp.mercadona.com/artifactory/api/npm/virtual-npm/object-inspect/-/object-inspect-1.13.4.tgz. Extracting by manifest.
1134 silly tarball no local data for on-headers@https://artifactory.gcp.mercadona.com/artifactory/api/npm/virtual-npm/on-headers/-/on-headers-1.1.0.tgz. Extracting by manifest.
1135 silly tarball no local data for npm-run-path@https://artifactory.gcp.mercadona.com/artifactory/api/npm/virtual-npm/npm-run-path/-/npm-run-path-4.0.1.tgz. Extracting by manifest.
1136 silly tarball no local data for nth-check@https://artifactory.gcp.mercadona.com/artifactory/api/npm/virtual-npm/nth-check/-/nth-check-2.1.1.tgz. Extracting by manifest.
1137 silly tarball no local data for npm-pick-manifest@https://artifactory.gcp.mercadona.com/artifactory/api/npm/virtual-npm/npm-pick-manifest/-/npm-pick-manifest-9.0.0.tgz. Extracting by manifest.
1138 silly tarball no local data for npm-registry-fetch@https://artifactory.gcp.mercadona.com/artifactory/api/npm/virtual-npm/npm-registry-fetch/-/npm-registry-fetch-16.2.1.tgz. Extracting by manifest.
1139 silly tarball no local data for npm-packlist@https://artifactory.gcp.mercadona.com/artifactory/api/npm/virtual-npm/npm-packlist/-/npm-packlist-8.0.2.tgz. Extracting by manifest.
1140 silly tarball no local data for npm-normalize-package-bin@https://artifactory.gcp.mercadona.com/artifactory/api/npm/virtual-npm/npm-normalize-package-bin/-/npm-normalize-package-bin-3.0.1.tgz. Extracting by manifest.
1141 silly tarball no local data for npm-package-arg@https://artifactory.gcp.mercadona.com/artifactory/api/npm/virtual-npm/npm-package-arg/-/npm-package-arg-11.0.1.tgz. Extracting by manifest.
1142 silly tarball no local data for npm-install-checks@https://artifactory.gcp.mercadona.com/artifactory/api/npm/virtual-npm/npm-install-checks/-/npm-install-checks-6.3.0.tgz. Extracting by manifest.
1143 silly tarball no local data for normalize-range@https://artifactory.gcp.mercadona.com/artifactory/api/npm/virtual-npm/normalize-range/-/normalize-range-0.1.2.tgz. Extracting by manifest.
1144 silly tarball no local data for npm-bundled@https://artifactory.gcp.mercadona.com/artifactory/api/npm/virtual-npm/npm-bundled/-/npm-bundled-3.0.1.tgz. Extracting by manifest.
1145 silly tarball no local data for normalize-package-data@https://artifactory.gcp.mercadona.com/artifactory/api/npm/virtual-npm/normalize-package-data/-/normalize-package-data-6.0.2.tgz. Extracting by manifest.
1146 silly tarball no local data for nopt@https://artifactory.gcp.mercadona.com/artifactory/api/npm/virtual-npm/nopt/-/nopt-7.2.1.tgz. Extracting by manifest.
1147 silly tarball no local data for node-releases@https://artifactory.gcp.mercadona.com/artifactory/api/npm/virtual-npm/node-releases/-/node-releases-2.0.37.tgz. Extracting by manifest.
1148 silly tarball no local data for node-gyp@https://artifactory.gcp.mercadona.com/artifactory/api/npm/virtual-npm/node-gyp/-/node-gyp-10.3.1.tgz. Extracting by manifest.
1149 silly tarball no local data for node-gyp-build@https://artifactory.gcp.mercadona.com/artifactory/api/npm/virtual-npm/node-gyp-build/-/node-gyp-build-4.8.4.tgz. Extracting by manifest.
1150 silly tarball no local data for node-addon-api@https://artifactory.gcp.mercadona.com/artifactory/api/npm/virtual-npm/node-addon-api/-/node-addon-api-3.2.1.tgz. Extracting by manifest.
1151 silly tarball no local data for nice-napi@https://artifactory.gcp.mercadona.com/artifactory/api/npm/virtual-npm/nice-napi/-/nice-napi-1.0.2.tgz. Extracting by manifest.
1152 silly tarball no local data for neo-async@https://artifactory.gcp.mercadona.com/artifactory/api/npm/virtual-npm/neo-async/-/neo-async-2.6.2.tgz. Extracting by manifest.
1153 silly tarball no local data for normalize-path@https://artifactory.gcp.mercadona.com/artifactory/api/npm/virtual-npm/normalize-path/-/normalize-path-3.0.0.tgz. Extracting by manifest.
1154 silly tarball no local data for negotiator@https://artifactory.gcp.mercadona.com/artifactory/api/npm/virtual-npm/negotiator/-/negotiator-0.6.4.tgz. Extracting by manifest.
1155 silly tarball no local data for obuf@https://artifactory.gcp.mercadona.com/artifactory/api/npm/virtual-npm/obuf/-/obuf-1.1.2.tgz. Extracting by manifest.
1156 silly tarball no local data for ng2-charts@https://artifactory.gcp.mercadona.com/artifactory/api/npm/virtual-npm/ng2-charts/-/ng2-charts-6.0.1.tgz. Extracting by manifest.
1157 silly tarball no local data for needle@https://artifactory.gcp.mercadona.com/artifactory/api/npm/virtual-npm/needle/-/needle-3.5.0.tgz. Extracting by manifest.
1158 silly tarball no local data for nanoid@https://artifactory.gcp.mercadona.com/artifactory/api/npm/virtual-npm/nanoid/-/nanoid-3.3.11.tgz. Extracting by manifest.
1159 silly tarball no local data for multicast-dns@https://artifactory.gcp.mercadona.com/artifactory/api/npm/virtual-npm/multicast-dns/-/multicast-dns-7.2.5.tgz. Extracting by manifest.
1160 silly tarball no local data for mute-stream@https://artifactory.gcp.mercadona.com/artifactory/api/npm/virtual-npm/mute-stream/-/mute-stream-1.0.0.tgz. Extracting by manifest.
1161 silly tarball no local data for mkdirp@https://artifactory.gcp.mercadona.com/artifactory/api/npm/virtual-npm/mkdirp/-/mkdirp-1.0.4.tgz. Extracting by manifest.
1162 silly tarball no local data for minipass-sized@https://artifactory.gcp.mercadona.com/artifactory/api/npm/virtual-npm/minipass-sized/-/minipass-sized-1.0.3.tgz. Extracting by manifest.
1163 silly tarball no local data for minizlib@https://artifactory.gcp.mercadona.com/artifactory/api/npm/virtual-npm/minizlib/-/minizlib-2.1.2.tgz. Extracting by manifest.
1164 silly tarball no local data for ms@https://artifactory.gcp.mercadona.com/artifactory/api/npm/virtual-npm/ms/-/ms-2.1.3.tgz. Extracting by manifest.
1165 silly tarball no local data for mrmime@https://artifactory.gcp.mercadona.com/artifactory/api/npm/virtual-npm/mrmime/-/mrmime-2.0.0.tgz. Extracting by manifest.
1166 silly tarball no local data for minipass-json-stream@https://artifactory.gcp.mercadona.com/artifactory/api/npm/virtual-npm/minipass-json-stream/-/minipass-json-stream-1.0.2.tgz. Extracting by manifest.
1167 silly tarball no local data for minipass-pipeline@https://artifactory.gcp.mercadona.com/artifactory/api/npm/virtual-npm/minipass-pipeline/-/minipass-pipeline-1.2.4.tgz. Extracting by manifest.
1168 silly tarball no local data for minipass-collect@https://artifactory.gcp.mercadona.com/artifactory/api/npm/virtual-npm/minipass-collect/-/minipass-collect-2.0.1.tgz. Extracting by manifest.
1169 silly tarball no local data for minipass-fetch@https://artifactory.gcp.mercadona.com/artifactory/api/npm/virtual-npm/minipass-fetch/-/minipass-fetch-3.0.5.tgz. Extracting by manifest.
1170 silly tarball no local data for minipass-flush@https://artifactory.gcp.mercadona.com/artifactory/api/npm/virtual-npm/minipass-flush/-/minipass-flush-1.0.7.tgz. Extracting by manifest.
1171 silly tarball no local data for node-forge@https://artifactory.gcp.mercadona.com/artifactory/api/npm/virtual-npm/node-forge/-/node-forge-1.4.0.tgz. Extracting by manifest.
1172 silly tarball no local data for minipass@https://artifactory.gcp.mercadona.com/artifactory/api/npm/virtual-npm/minipass/-/minipass-7.1.3.tgz. Extracting by manifest.
1173 silly tarball no local data for minimalistic-assert@https://artifactory.gcp.mercadona.com/artifactory/api/npm/virtual-npm/minimalistic-assert/-/minimalistic-assert-1.0.1.tgz. Extracting by manifest.
1174 silly tarball no local data for mini-css-extract-plugin@https://artifactory.gcp.mercadona.com/artifactory/api/npm/virtual-npm/mini-css-extract-plugin/-/mini-css-extract-plugin-2.8.1.tgz. Extracting by manifest.
1175 silly tarball no local data for minimatch@https://artifactory.gcp.mercadona.com/artifactory/api/npm/virtual-npm/minimatch/-/minimatch-9.0.9.tgz. Extracting by manifest.
1176 silly tarball no local data for mime-db@https://artifactory.gcp.mercadona.com/artifactory/api/npm/virtual-npm/mime-db/-/mime-db-1.52.0.tgz. Extracting by manifest.
1177 silly tarball no local data for mimic-fn@https://artifactory.gcp.mercadona.com/artifactory/api/npm/virtual-npm/mimic-fn/-/mimic-fn-2.1.0.tgz. Extracting by manifest.
1178 silly tarball no local data for mime-types@https://artifactory.gcp.mercadona.com/artifactory/api/npm/virtual-npm/mime-types/-/mime-types-2.1.35.tgz. Extracting by manifest.
1179 silly tarball no local data for merge2@https://artifactory.gcp.mercadona.com/artifactory/api/npm/virtual-npm/merge2/-/merge2-1.4.1.tgz. Extracting by manifest.
1180 silly tarball no local data for mime@https://artifactory.gcp.mercadona.com/artifactory/api/npm/virtual-npm/mime/-/mime-1.6.0.tgz. Extracting by manifest.
1181 silly tarball no local data for methods@https://artifactory.gcp.mercadona.com/artifactory/api/npm/virtual-npm/methods/-/methods-1.1.2.tgz. Extracting by manifest.
1182 silly tarball no local data for micromatch@https://artifactory.gcp.mercadona.com/artifactory/api/npm/virtual-npm/micromatch/-/micromatch-4.0.8.tgz. Extracting by manifest.
1183 silly tarball no local data for merge-stream@https://artifactory.gcp.mercadona.com/artifactory/api/npm/virtual-npm/merge-stream/-/merge-stream-2.0.0.tgz. Extracting by manifest.
1184 silly tarball no local data for merge-descriptors@https://artifactory.gcp.mercadona.com/artifactory/api/npm/virtual-npm/merge-descriptors/-/merge-descriptors-1.0.3.tgz. Extracting by manifest.
1185 silly tarball no local data for media-typer@https://artifactory.gcp.mercadona.com/artifactory/api/npm/virtual-npm/media-typer/-/media-typer-0.3.0.tgz. Extracting by manifest.
1186 silly tarball no local data for memfs@https://artifactory.gcp.mercadona.com/artifactory/api/npm/virtual-npm/memfs/-/memfs-3.5.3.tgz. Extracting by manifest.
1187 silly tarball no local data for make-dir@https://artifactory.gcp.mercadona.com/artifactory/api/npm/virtual-npm/make-dir/-/make-dir-2.1.0.tgz. Extracting by manifest.
1188 silly tarball no local data for math-intrinsics@https://artifactory.gcp.mercadona.com/artifactory/api/npm/virtual-npm/math-intrinsics/-/math-intrinsics-1.1.0.tgz. Extracting by manifest.
1189 silly tarball no local data for log-symbols@https://artifactory.gcp.mercadona.com/artifactory/api/npm/virtual-npm/log-symbols/-/log-symbols-4.1.0.tgz. Extracting by manifest.
1190 silly tarball no local data for make-fetch-happen@https://artifactory.gcp.mercadona.com/artifactory/api/npm/virtual-npm/make-fetch-happen/-/make-fetch-happen-13.0.1.tgz. Extracting by manifest.
1191 silly tarball no local data for lru-cache@https://artifactory.gcp.mercadona.com/artifactory/api/npm/virtual-npm/lru-cache/-/lru-cache-5.1.1.tgz. Extracting by manifest.
1192 silly tarball no local data for lodash.debounce@https://artifactory.gcp.mercadona.com/artifactory/api/npm/virtual-npm/lodash.debounce/-/lodash.debounce-4.0.8.tgz. Extracting by manifest.
1193 silly tarball no local data for lodash-es@https://artifactory.gcp.mercadona.com/artifactory/api/npm/virtual-npm/lodash-es/-/lodash-es-4.18.1.tgz. Extracting by manifest.
1194 silly tarball no local data for lodash@https://artifactory.gcp.mercadona.com/artifactory/api/npm/virtual-npm/lodash/-/lodash-4.18.1.tgz. Extracting by manifest.
1195 silly tarball no local data for locate-path@https://artifactory.gcp.mercadona.com/artifactory/api/npm/virtual-npm/locate-path/-/locate-path-5.0.0.tgz. Extracting by manifest.
1196 silly tarball no local data for loader-utils@https://artifactory.gcp.mercadona.com/artifactory/api/npm/virtual-npm/loader-utils/-/loader-utils-3.2.1.tgz. Extracting by manifest.
1197 silly tarball no local data for loader-runner@https://artifactory.gcp.mercadona.com/artifactory/api/npm/virtual-npm/loader-runner/-/loader-runner-4.3.1.tgz. Extracting by manifest.
1198 silly tarball no local data for license-webpack-plugin@https://artifactory.gcp.mercadona.com/artifactory/api/npm/virtual-npm/license-webpack-plugin/-/license-webpack-plugin-4.0.2.tgz. Extracting by manifest.
1199 silly tarball no local data for lines-and-columns@https://artifactory.gcp.mercadona.com/artifactory/api/npm/virtual-npm/lines-and-columns/-/lines-and-columns-1.2.4.tgz. Extracting by manifest.
1200 silly tarball no local data for less@https://artifactory.gcp.mercadona.com/artifactory/api/npm/virtual-npm/less/-/less-4.2.0.tgz. Extracting by manifest.
1201 silly tarball no local data for leaflet@https://artifactory.gcp.mercadona.com/artifactory/api/npm/virtual-npm/leaflet/-/leaflet-1.9.4.tgz. Extracting by manifest.
1202 silly tarball no local data for magic-string@https://artifactory.gcp.mercadona.com/artifactory/api/npm/virtual-npm/magic-string/-/magic-string-0.30.8.tgz. Extracting by manifest.
1203 silly tarball no local data for launch-editor@https://artifactory.gcp.mercadona.com/artifactory/api/npm/virtual-npm/launch-editor/-/launch-editor-2.13.2.tgz. Extracting by manifest.
1204 silly tarball no local data for jspdf@https://artifactory.gcp.mercadona.com/artifactory/api/npm/virtual-npm/jspdf/-/jspdf-4.2.1.tgz. Extracting by manifest.
1205 silly tarball no local data for kind-of@https://artifactory.gcp.mercadona.com/artifactory/api/npm/virtual-npm/kind-of/-/kind-of-6.0.3.tgz. Extracting by manifest.
1206 silly tarball no local data for less-loader@https://artifactory.gcp.mercadona.com/artifactory/api/npm/virtual-npm/less-loader/-/less-loader-11.1.0.tgz. Extracting by manifest.
1207 silly tarball no local data for karma-source-map-support@https://artifactory.gcp.mercadona.com/artifactory/api/npm/virtual-npm/karma-source-map-support/-/karma-source-map-support-1.4.0.tgz. Extracting by manifest.
1208 silly tarball no local data for jsonparse@https://artifactory.gcp.mercadona.com/artifactory/api/npm/virtual-npm/jsonparse/-/jsonparse-1.3.1.tgz. Extracting by manifest.
1209 silly tarball no local data for klona@https://artifactory.gcp.mercadona.com/artifactory/api/npm/virtual-npm/klona/-/klona-2.0.6.tgz. Extracting by manifest.
1210 silly tarball no local data for json5@https://artifactory.gcp.mercadona.com/artifactory/api/npm/virtual-npm/json5/-/json5-2.2.3.tgz. Extracting by manifest.
1211 silly tarball no local data for jsonc-parser@https://artifactory.gcp.mercadona.com/artifactory/api/npm/virtual-npm/jsonc-parser/-/jsonc-parser-3.2.1.tgz. Extracting by manifest.
1212 silly tarball no local data for json-parse-even-better-errors@https://artifactory.gcp.mercadona.com/artifactory/api/npm/virtual-npm/json-parse-even-better-errors/-/json-parse-even-better-errors-3.0.2.tgz. Extracting by manifest.
1213 silly tarball no local data for js-yaml@https://artifactory.gcp.mercadona.com/artifactory/api/npm/virtual-npm/js-yaml/-/js-yaml-3.14.2.tgz. Extracting by manifest.
1214 silly tarball no local data for jiti@https://artifactory.gcp.mercadona.com/artifactory/api/npm/virtual-npm/jiti/-/jiti-1.21.7.tgz. Extracting by manifest.
1215 silly tarball no local data for js-tokens@https://artifactory.gcp.mercadona.com/artifactory/api/npm/virtual-npm/js-tokens/-/js-tokens-4.0.0.tgz. Extracting by manifest.
1216 silly tarball no local data for jest-worker@https://artifactory.gcp.mercadona.com/artifactory/api/npm/virtual-npm/jest-worker/-/jest-worker-27.5.1.tgz. Extracting by manifest.
1217 silly tarball no local data for jackspeak@https://artifactory.gcp.mercadona.com/artifactory/api/npm/virtual-npm/jackspeak/-/jackspeak-3.4.3.tgz. Extracting by manifest.
1218 silly tarball no local data for jsesc@https://artifactory.gcp.mercadona.com/artifactory/api/npm/virtual-npm/jsesc/-/jsesc-3.1.0.tgz. Extracting by manifest.
1219 silly tarball no local data for istanbul-lib-coverage@https://artifactory.gcp.mercadona.com/artifactory/api/npm/virtual-npm/istanbul-lib-coverage/-/istanbul-lib-coverage-3.2.2.tgz. Extracting by manifest.
1220 silly tarball no local data for isexe@https://artifactory.gcp.mercadona.com/artifactory/api/npm/virtual-npm/isexe/-/isexe-3.1.5.tgz. Extracting by manifest.
1221 silly tarball no local data for istanbul-lib-instrument@https://artifactory.gcp.mercadona.com/artifactory/api/npm/virtual-npm/istanbul-lib-instrument/-/istanbul-lib-instrument-5.2.1.tgz. Extracting by manifest.
1222 silly tarball no local data for isarray@https://artifactory.gcp.mercadona.com/artifactory/api/npm/virtual-npm/isarray/-/isarray-1.0.0.tgz. Extracting by manifest.
1223 silly tarball no local data for json-schema-traverse@https://artifactory.gcp.mercadona.com/artifactory/api/npm/virtual-npm/json-schema-traverse/-/json-schema-traverse-1.0.0.tgz. Extracting by manifest.
1224 silly tarball no local data for isobject@https://artifactory.gcp.mercadona.com/artifactory/api/npm/virtual-npm/isobject/-/isobject-3.0.1.tgz. Extracting by manifest.
1225 silly tarball no local data for is-what@https://artifactory.gcp.mercadona.com/artifactory/api/npm/virtual-npm/is-what/-/is-what-3.14.1.tgz. Extracting by manifest.
1226 silly tarball no local data for is-wsl@https://artifactory.gcp.mercadona.com/artifactory/api/npm/virtual-npm/is-wsl/-/is-wsl-2.2.0.tgz. Extracting by manifest.
1227 silly tarball no local data for is-unicode-supported@https://artifactory.gcp.mercadona.com/artifactory/api/npm/virtual-npm/is-unicode-supported/-/is-unicode-supported-0.1.0.tgz. Extracting by manifest.
1228 silly tarball no local data for is-stream@https://artifactory.gcp.mercadona.com/artifactory/api/npm/virtual-npm/is-stream/-/is-stream-2.0.1.tgz. Extracting by manifest.
1229 silly tarball no local data for is-plain-object@https://artifactory.gcp.mercadona.com/artifactory/api/npm/virtual-npm/is-plain-object/-/is-plain-object-2.0.4.tgz. Extracting by manifest.
1230 silly tarball no local data for is-plain-obj@https://artifactory.gcp.mercadona.com/artifactory/api/npm/virtual-npm/is-plain-obj/-/is-plain-obj-3.0.0.tgz. Extracting by manifest.
1231 silly tarball no local data for is-lambda@https://artifactory.gcp.mercadona.com/artifactory/api/npm/virtual-npm/is-lambda/-/is-lambda-1.0.1.tgz. Extracting by manifest.
1232 silly tarball no local data for is-interactive@https://artifactory.gcp.mercadona.com/artifactory/api/npm/virtual-npm/is-interactive/-/is-interactive-1.0.0.tgz. Extracting by manifest.
1233 silly tarball no local data for is-glob@https://artifactory.gcp.mercadona.com/artifactory/api/npm/virtual-npm/is-glob/-/is-glob-4.0.3.tgz. Extracting by manifest.
1234 silly tarball no local data for is-core-module@https://artifactory.gcp.mercadona.com/artifactory/api/npm/virtual-npm/is-core-module/-/is-core-module-2.16.1.tgz. Extracting by manifest.
1235 silly tarball no local data for is-extglob@https://artifactory.gcp.mercadona.com/artifactory/api/npm/virtual-npm/is-extglob/-/is-extglob-2.1.1.tgz. Extracting by manifest.
1236 silly tarball no local data for is-number@https://artifactory.gcp.mercadona.com/artifactory/api/npm/virtual-npm/is-number/-/is-number-7.0.0.tgz. Extracting by manifest.
1237 silly tarball no local data for is-binary-path@https://artifactory.gcp.mercadona.com/artifactory/api/npm/virtual-npm/is-binary-path/-/is-binary-path-2.1.0.tgz. Extracting by manifest.
1238 silly tarball no local data for is-fullwidth-code-point@https://artifactory.gcp.mercadona.com/artifactory/api/npm/virtual-npm/is-fullwidth-code-point/-/is-fullwidth-code-point-3.0.0.tgz. Extracting by manifest.
1239 silly tarball no local data for is-docker@https://artifactory.gcp.mercadona.com/artifactory/api/npm/virtual-npm/is-docker/-/is-docker-2.2.1.tgz. Extracting by manifest.
1240 silly tarball no local data for iobuffer@https://artifactory.gcp.mercadona.com/artifactory/api/npm/virtual-npm/iobuffer/-/iobuffer-5.4.0.tgz. Extracting by manifest.
1241 silly tarball no local data for ip-address@https://artifactory.gcp.mercadona.com/artifactory/api/npm/virtual-npm/ip-address/-/ip-address-10.1.0.tgz. Extracting by manifest.
1242 silly tarball no local data for internmap@https://artifactory.gcp.mercadona.com/artifactory/api/npm/virtual-npm/internmap/-/internmap-2.0.3.tgz. Extracting by manifest.
1243 silly tarball no local data for inherits@https://artifactory.gcp.mercadona.com/artifactory/api/npm/virtual-npm/inherits/-/inherits-2.0.4.tgz. Extracting by manifest.
1244 silly tarball no local data for is-arrayish@https://artifactory.gcp.mercadona.com/artifactory/api/npm/virtual-npm/is-arrayish/-/is-arrayish-0.2.1.tgz. Extracting by manifest.
1245 silly tarball no local data for ipaddr.js@https://artifactory.gcp.mercadona.com/artifactory/api/npm/virtual-npm/ipaddr.js/-/ipaddr.js-2.3.0.tgz. Extracting by manifest.
1246 silly tarball no local data for inflight@https://artifactory.gcp.mercadona.com/artifactory/api/npm/virtual-npm/inflight/-/inflight-1.0.6.tgz. Extracting by manifest.
1247 silly tarball no local data for ini@https://artifactory.gcp.mercadona.com/artifactory/api/npm/virtual-npm/ini/-/ini-4.1.2.tgz. Extracting by manifest.
1248 silly tarball no local data for indent-string@https://artifactory.gcp.mercadona.com/artifactory/api/npm/virtual-npm/indent-string/-/indent-string-4.0.0.tgz. Extracting by manifest.
1249 silly tarball no local data for import-fresh@https://artifactory.gcp.mercadona.com/artifactory/api/npm/virtual-npm/import-fresh/-/import-fresh-3.3.1.tgz. Extracting by manifest.
1250 silly tarball no local data for imurmurhash@https://artifactory.gcp.mercadona.com/artifactory/api/npm/virtual-npm/imurmurhash/-/imurmurhash-0.1.4.tgz. Extracting by manifest.
1251 silly tarball no local data for immutable@https://artifactory.gcp.mercadona.com/artifactory/api/npm/virtual-npm/immutable/-/immutable-4.3.8.tgz. Extracting by manifest.
1252 silly tarball no local data for ignore-walk@https://artifactory.gcp.mercadona.com/artifactory/api/npm/virtual-npm/ignore-walk/-/ignore-walk-6.0.5.tgz. Extracting by manifest.
1253 silly tarball no local data for image-size@https://artifactory.gcp.mercadona.com/artifactory/api/npm/virtual-npm/image-size/-/image-size-0.5.5.tgz. Extracting by manifest.
1254 silly tarball no local data for ignore@https://artifactory.gcp.mercadona.com/artifactory/api/npm/virtual-npm/ignore/-/ignore-5.3.2.tgz. Extracting by manifest.
1255 silly tarball no local data for inquirer@https://artifactory.gcp.mercadona.com/artifactory/api/npm/virtual-npm/inquirer/-/inquirer-9.2.15.tgz. Extracting by manifest.
1256 silly tarball no local data for ieee754@https://artifactory.gcp.mercadona.com/artifactory/api/npm/virtual-npm/ieee754/-/ieee754-1.2.1.tgz. Extracting by manifest.
1257 silly tarball no local data for iconv-lite@https://artifactory.gcp.mercadona.com/artifactory/api/npm/virtual-npm/iconv-lite/-/iconv-lite-0.4.24.tgz. Extracting by manifest.
1258 silly tarball no local data for http-proxy-middleware@https://artifactory.gcp.mercadona.com/artifactory/api/npm/virtual-npm/http-proxy-middleware/-/http-proxy-middleware-2.0.8.tgz. Extracting by manifest.
1259 silly tarball no local data for icss-utils@https://artifactory.gcp.mercadona.com/artifactory/api/npm/virtual-npm/icss-utils/-/icss-utils-5.1.0.tgz. Extracting by manifest.
1260 silly tarball no local data for https-proxy-agent@https://artifactory.gcp.mercadona.com/artifactory/api/npm/virtual-npm/https-proxy-agent/-/https-proxy-agent-7.0.4.tgz. Extracting by manifest.
1261 silly tarball no local data for http-proxy-agent@https://artifactory.gcp.mercadona.com/artifactory/api/npm/virtual-npm/http-proxy-agent/-/http-proxy-agent-7.0.2.tgz. Extracting by manifest.
1262 silly tarball no local data for http-proxy@https://artifactory.gcp.mercadona.com/artifactory/api/npm/virtual-npm/http-proxy/-/http-proxy-1.18.1.tgz. Extracting by manifest.
1263 silly tarball no local data for http-parser-js@https://artifactory.gcp.mercadona.com/artifactory/api/npm/virtual-npm/http-parser-js/-/http-parser-js-0.5.10.tgz. Extracting by manifest.
1264 silly tarball no local data for http-errors@https://artifactory.gcp.mercadona.com/artifactory/api/npm/virtual-npm/http-errors/-/http-errors-2.0.1.tgz. Extracting by manifest.
1265 silly tarball no local data for http-deceiver@https://artifactory.gcp.mercadona.com/artifactory/api/npm/virtual-npm/http-deceiver/-/http-deceiver-1.2.7.tgz. Extracting by manifest.
1266 silly tarball no local data for human-signals@https://artifactory.gcp.mercadona.com/artifactory/api/npm/virtual-npm/human-signals/-/human-signals-2.1.0.tgz. Extracting by manifest.
1267 silly tarball no local data for http-cache-semantics@https://artifactory.gcp.mercadona.com/artifactory/api/npm/virtual-npm/http-cache-semantics/-/http-cache-semantics-4.2.0.tgz. Extracting by manifest.
1268 silly tarball no local data for htmlparser2@https://artifactory.gcp.mercadona.com/artifactory/api/npm/virtual-npm/htmlparser2/-/htmlparser2-8.0.2.tgz. Extracting by manifest.
1269 silly tarball no local data for hpack.js@https://artifactory.gcp.mercadona.com/artifactory/api/npm/virtual-npm/hpack.js/-/hpack.js-2.1.6.tgz. Extracting by manifest.
1270 silly tarball no local data for html2canvas@https://artifactory.gcp.mercadona.com/artifactory/api/npm/virtual-npm/html2canvas/-/html2canvas-1.4.1.tgz. Extracting by manifest.
1271 silly tarball no local data for hosted-git-info@https://artifactory.gcp.mercadona.com/artifactory/api/npm/virtual-npm/hosted-git-info/-/hosted-git-info-7.0.2.tgz. Extracting by manifest.
1272 silly tarball no local data for html-entities@https://artifactory.gcp.mercadona.com/artifactory/api/npm/virtual-npm/html-entities/-/html-entities-2.6.0.tgz. Extracting by manifest.
1273 silly tarball no local data for hasown@https://artifactory.gcp.mercadona.com/artifactory/api/npm/virtual-npm/hasown/-/hasown-2.0.2.tgz. Extracting by manifest.
1274 silly tarball no local data for has-symbols@https://artifactory.gcp.mercadona.com/artifactory/api/npm/virtual-npm/has-symbols/-/has-symbols-1.1.0.tgz. Extracting by manifest.
1275 silly tarball no local data for has-flag@https://artifactory.gcp.mercadona.com/artifactory/api/npm/virtual-npm/has-flag/-/has-flag-4.0.0.tgz. Extracting by manifest.
1276 silly tarball no local data for has-property-descriptors@https://artifactory.gcp.mercadona.com/artifactory/api/npm/virtual-npm/has-property-descriptors/-/has-property-descriptors-1.0.2.tgz. Extracting by manifest.
1277 silly tarball no local data for gradient-path@https://artifactory.gcp.mercadona.com/artifactory/api/npm/virtual-npm/gradient-path/-/gradient-path-2.3.0.tgz. Extracting by manifest.
1278 silly tarball no local data for gopd@https://artifactory.gcp.mercadona.com/artifactory/api/npm/virtual-npm/gopd/-/gopd-1.2.0.tgz. Extracting by manifest.
1279 silly tarball no local data for handle-thing@https://artifactory.gcp.mercadona.com/artifactory/api/npm/virtual-npm/handle-thing/-/handle-thing-2.0.1.tgz. Extracting by manifest.
1280 silly tarball no local data for glob-to-regexp@https://artifactory.gcp.mercadona.com/artifactory/api/npm/virtual-npm/glob-to-regexp/-/glob-to-regexp-0.4.1.tgz. Extracting by manifest.
1281 silly tarball no local data for glob-parent@https://artifactory.gcp.mercadona.com/artifactory/api/npm/virtual-npm/glob-parent/-/glob-parent-5.1.2.tgz. Extracting by manifest.
1282 silly tarball no local data for globby@https://artifactory.gcp.mercadona.com/artifactory/api/npm/virtual-npm/globby/-/globby-13.2.2.tgz. Extracting by manifest.
1283 silly tarball no local data for glob@https://artifactory.gcp.mercadona.com/artifactory/api/npm/virtual-npm/glob/-/glob-10.5.0.tgz. Extracting by manifest.
1284 silly tarball no local data for get-stream@https://artifactory.gcp.mercadona.com/artifactory/api/npm/virtual-npm/get-stream/-/get-stream-6.0.1.tgz. Extracting by manifest.
1285 silly tarball no local data for get-package-type@https://artifactory.gcp.mercadona.com/artifactory/api/npm/virtual-npm/get-package-type/-/get-package-type-0.1.0.tgz. Extracting by manifest.
1286 silly tarball no local data for get-proto@https://artifactory.gcp.mercadona.com/artifactory/api/npm/virtual-npm/get-proto/-/get-proto-1.0.1.tgz. Extracting by manifest.
1287 silly tarball no local data for graceful-fs@https://artifactory.gcp.mercadona.com/artifactory/api/npm/virtual-npm/graceful-fs/-/graceful-fs-4.2.11.tgz. Extracting by manifest.
1288 silly tarball no local data for get-intrinsic@https://artifactory.gcp.mercadona.com/artifactory/api/npm/virtual-npm/get-intrinsic/-/get-intrinsic-1.3.0.tgz. Extracting by manifest.
1289 silly tarball no local data for gensync@https://artifactory.gcp.mercadona.com/artifactory/api/npm/virtual-npm/gensync/-/gensync-1.0.0-beta.2.tgz. Extracting by manifest.
1290 silly tarball no local data for fsevents@https://artifactory.gcp.mercadona.com/artifactory/api/npm/virtual-npm/fsevents/-/fsevents-2.3.3.tgz. Extracting by manifest.
1291 silly tarball no local data for fs.realpath@https://artifactory.gcp.mercadona.com/artifactory/api/npm/virtual-npm/fs.realpath/-/fs.realpath-1.0.0.tgz. Extracting by manifest.
1292 silly tarball no local data for function-bind@https://artifactory.gcp.mercadona.com/artifactory/api/npm/virtual-npm/function-bind/-/function-bind-1.1.2.tgz. Extracting by manifest.
1293 silly tarball no local data for fs-minipass@https://artifactory.gcp.mercadona.com/artifactory/api/npm/virtual-npm/fs-minipass/-/fs-minipass-3.0.3.tgz. Extracting by manifest.
1294 silly tarball no local data for fresh@https://artifactory.gcp.mercadona.com/artifactory/api/npm/virtual-npm/fresh/-/fresh-0.5.2.tgz. Extracting by manifest.
1295 silly tarball no local data for fs-monkey@https://artifactory.gcp.mercadona.com/artifactory/api/npm/virtual-npm/fs-monkey/-/fs-monkey-1.1.0.tgz. Extracting by manifest.
1296 silly tarball no local data for forwarded@https://artifactory.gcp.mercadona.com/artifactory/api/npm/virtual-npm/forwarded/-/forwarded-0.2.0.tgz. Extracting by manifest.
1297 silly tarball no local data for get-caller-file@https://artifactory.gcp.mercadona.com/artifactory/api/npm/virtual-npm/get-caller-file/-/get-caller-file-2.0.5.tgz. Extracting by manifest.
1298 silly tarball no local data for flat@https://artifactory.gcp.mercadona.com/artifactory/api/npm/virtual-npm/flat/-/flat-5.0.2.tgz. Extracting by manifest.
1299 silly tarball no local data for follow-redirects@https://artifactory.gcp.mercadona.com/artifactory/api/npm/virtual-npm/follow-redirects/-/follow-redirects-1.15.11.tgz. Extracting by manifest.
1300 silly tarball no local data for fraction.js@https://artifactory.gcp.mercadona.com/artifactory/api/npm/virtual-npm/fraction.js/-/fraction.js-4.3.7.tgz. Extracting by manifest.
1301 silly tarball no local data for foreground-child@https://artifactory.gcp.mercadona.com/artifactory/api/npm/virtual-npm/foreground-child/-/foreground-child-3.3.1.tgz. Extracting by manifest.
1302 silly tarball no local data for find-up@https://artifactory.gcp.mercadona.com/artifactory/api/npm/virtual-npm/find-up/-/find-up-4.1.0.tgz. Extracting by manifest.
1303 silly tarball no local data for finalhandler@https://artifactory.gcp.mercadona.com/artifactory/api/npm/virtual-npm/finalhandler/-/finalhandler-1.3.2.tgz. Extracting by manifest.
1304 silly tarball no local data for fill-range@https://artifactory.gcp.mercadona.com/artifactory/api/npm/virtual-npm/fill-range/-/fill-range-7.1.1.tgz. Extracting by manifest.
1305 silly tarball no local data for figures@https://artifactory.gcp.mercadona.com/artifactory/api/npm/virtual-npm/figures/-/figures-3.2.0.tgz. Extracting by manifest.
1306 silly tarball no local data for faye-websocket@https://artifactory.gcp.mercadona.com/artifactory/api/npm/virtual-npm/faye-websocket/-/faye-websocket-0.11.4.tgz. Extracting by manifest.
1307 silly tarball no local data for fflate@https://artifactory.gcp.mercadona.com/artifactory/api/npm/virtual-npm/fflate/-/fflate-0.8.2.tgz. Extracting by manifest.
1308 silly tarball no local data for fast-png@https://artifactory.gcp.mercadona.com/artifactory/api/npm/virtual-npm/fast-png/-/fast-png-6.4.0.tgz. Extracting by manifest.
1309 silly tarball no local data for fastq@https://artifactory.gcp.mercadona.com/artifactory/api/npm/virtual-npm/fastq/-/fastq-1.20.1.tgz. Extracting by manifest.
1310 silly tarball no local data for find-cache-dir@https://artifactory.gcp.mercadona.com/artifactory/api/npm/virtual-npm/find-cache-dir/-/find-cache-dir-4.0.0.tgz. Extracting by manifest.
1311 silly tarball no local data for fast-deep-equal@https://artifactory.gcp.mercadona.com/artifactory/api/npm/virtual-npm/fast-deep-equal/-/fast-deep-equal-3.1.3.tgz. Extracting by manifest.
1312 silly tarball no local data for fast-json-stable-stringify@https://artifactory.gcp.mercadona.com/artifactory/api/npm/virtual-npm/fast-json-stable-stringify/-/fast-json-stable-stringify-2.1.0.tgz. Extracting by manifest.
1313 silly tarball no local data for express@https://artifactory.gcp.mercadona.com/artifactory/api/npm/virtual-npm/express/-/express-4.22.1.tgz. Extracting by manifest.
1314 silly tarball no local data for external-editor@https://artifactory.gcp.mercadona.com/artifactory/api/npm/virtual-npm/external-editor/-/external-editor-3.1.0.tgz. Extracting by manifest.
1315 silly tarball no local data for fast-glob@https://artifactory.gcp.mercadona.com/artifactory/api/npm/virtual-npm/fast-glob/-/fast-glob-3.3.2.tgz. Extracting by manifest.
1316 silly tarball no local data for events@https://artifactory.gcp.mercadona.com/artifactory/api/npm/virtual-npm/events/-/events-3.3.0.tgz. Extracting by manifest.
1317 silly tarball no local data for exponential-backoff@https://artifactory.gcp.mercadona.com/artifactory/api/npm/virtual-npm/exponential-backoff/-/exponential-backoff-3.1.3.tgz. Extracting by manifest.
1318 silly tarball no local data for eventemitter3@https://artifactory.gcp.mercadona.com/artifactory/api/npm/virtual-npm/eventemitter3/-/eventemitter3-4.0.7.tgz. Extracting by manifest.
1319 silly tarball no local data for execa@https://artifactory.gcp.mercadona.com/artifactory/api/npm/virtual-npm/execa/-/execa-5.1.1.tgz. Extracting by manifest.
1320 silly tarball no local data for etag@https://artifactory.gcp.mercadona.com/artifactory/api/npm/virtual-npm/etag/-/etag-1.8.1.tgz. Extracting by manifest.
1321 silly tarball no local data for esutils@https://artifactory.gcp.mercadona.com/artifactory/api/npm/virtual-npm/esutils/-/esutils-2.0.3.tgz. Extracting by manifest.
1322 silly tarball no local data for esrecurse@https://artifactory.gcp.mercadona.com/artifactory/api/npm/virtual-npm/esrecurse/-/esrecurse-4.3.0.tgz. Extracting by manifest.
1323 silly tarball no local data for estraverse@https://artifactory.gcp.mercadona.com/artifactory/api/npm/virtual-npm/estraverse/-/estraverse-4.3.0.tgz. Extracting by manifest.
1324 silly tarball no local data for esprima@https://artifactory.gcp.mercadona.com/artifactory/api/npm/virtual-npm/esprima/-/esprima-4.0.1.tgz. Extracting by manifest.
1325 silly tarball no local data for escape-string-regexp@https://artifactory.gcp.mercadona.com/artifactory/api/npm/virtual-npm/escape-string-regexp/-/escape-string-regexp-1.0.5.tgz. Extracting by manifest.
1326 silly tarball no local data for eslint-scope@https://artifactory.gcp.mercadona.com/artifactory/api/npm/virtual-npm/eslint-scope/-/eslint-scope-5.1.1.tgz. Extracting by manifest.
1327 silly tarball no local data for escape-html@https://artifactory.gcp.mercadona.com/artifactory/api/npm/virtual-npm/escape-html/-/escape-html-1.0.3.tgz. Extracting by manifest.
1328 silly tarball no local data for escalade@https://artifactory.gcp.mercadona.com/artifactory/api/npm/virtual-npm/escalade/-/escalade-3.2.0.tgz. Extracting by manifest.
1329 silly tarball no local data for esbuild@https://artifactory.gcp.mercadona.com/artifactory/api/npm/virtual-npm/esbuild/-/esbuild-0.20.1.tgz. Extracting by manifest.
1330 silly tarball no local data for es-object-atoms@https://artifactory.gcp.mercadona.com/artifactory/api/npm/virtual-npm/es-object-atoms/-/es-object-atoms-1.1.1.tgz. Extracting by manifest.
1331 silly tarball no local data for esbuild-wasm@https://artifactory.gcp.mercadona.com/artifactory/api/npm/virtual-npm/esbuild-wasm/-/esbuild-wasm-0.20.1.tgz. Extracting by manifest.
1332 silly tarball no local data for es-module-lexer@https://artifactory.gcp.mercadona.com/artifactory/api/npm/virtual-npm/es-module-lexer/-/es-module-lexer-1.7.0.tgz. Extracting by manifest.
1333 silly tarball no local data for es-errors@https://artifactory.gcp.mercadona.com/artifactory/api/npm/virtual-npm/es-errors/-/es-errors-1.3.0.tgz. Extracting by manifest.
1334 silly tarball no local data for env-paths@https://artifactory.gcp.mercadona.com/artifactory/api/npm/virtual-npm/env-paths/-/env-paths-2.2.1.tgz. Extracting by manifest.
1335 silly tarball no local data for es-define-property@https://artifactory.gcp.mercadona.com/artifactory/api/npm/virtual-npm/es-define-property/-/es-define-property-1.0.1.tgz. Extracting by manifest.
1336 silly tarball no local data for err-code@https://artifactory.gcp.mercadona.com/artifactory/api/npm/virtual-npm/err-code/-/err-code-2.0.3.tgz. Extracting by manifest.
1337 silly tarball no local data for error-ex@https://artifactory.gcp.mercadona.com/artifactory/api/npm/virtual-npm/error-ex/-/error-ex-1.3.4.tgz. Extracting by manifest.
1338 silly tarball no local data for encoding@https://artifactory.gcp.mercadona.com/artifactory/api/npm/virtual-npm/encoding/-/encoding-0.1.13.tgz. Extracting by manifest.
1339 silly tarball no local data for errno@https://artifactory.gcp.mercadona.com/artifactory/api/npm/virtual-npm/errno/-/errno-0.1.8.tgz. Extracting by manifest.
1340 silly tarball no local data for enhanced-resolve@https://artifactory.gcp.mercadona.com/artifactory/api/npm/virtual-npm/enhanced-resolve/-/enhanced-resolve-5.20.1.tgz. Extracting by manifest.
1341 silly tarball no local data for encodeurl@https://artifactory.gcp.mercadona.com/artifactory/api/npm/virtual-npm/encodeurl/-/encodeurl-2.0.0.tgz. Extracting by manifest.
1342 silly tarball no local data for emojis-list@https://artifactory.gcp.mercadona.com/artifactory/api/npm/virtual-npm/emojis-list/-/emojis-list-3.0.0.tgz. Extracting by manifest.
1343 silly tarball no local data for emoji-regex@https://artifactory.gcp.mercadona.com/artifactory/api/npm/virtual-npm/emoji-regex/-/emoji-regex-8.0.0.tgz. Extracting by manifest.
1344 silly tarball no local data for electron-to-chromium@https://artifactory.gcp.mercadona.com/artifactory/api/npm/virtual-npm/electron-to-chromium/-/electron-to-chromium-1.5.335.tgz. Extracting by manifest.
1345 silly tarball no local data for eastasianwidth@https://artifactory.gcp.mercadona.com/artifactory/api/npm/virtual-npm/eastasianwidth/-/eastasianwidth-0.2.0.tgz. Extracting by manifest.
1346 silly tarball no local data for dunder-proto@https://artifactory.gcp.mercadona.com/artifactory/api/npm/virtual-npm/dunder-proto/-/dunder-proto-1.0.1.tgz. Extracting by manifest.
1347 silly tarball no local data for ee-first@https://artifactory.gcp.mercadona.com/artifactory/api/npm/virtual-npm/ee-first/-/ee-first-1.1.1.tgz. Extracting by manifest.
1348 silly tarball no local data for domutils@https://artifactory.gcp.mercadona.com/artifactory/api/npm/virtual-npm/domutils/-/domutils-3.2.2.tgz. Extracting by manifest.
1349 silly tarball no local data for domelementtype@https://artifactory.gcp.mercadona.com/artifactory/api/npm/virtual-npm/domelementtype/-/domelementtype-2.3.0.tgz. Extracting by manifest.
1350 silly tarball no local data for domhandler@https://artifactory.gcp.mercadona.com/artifactory/api/npm/virtual-npm/domhandler/-/domhandler-5.0.3.tgz. Extracting by manifest.
1351 silly tarball no local data for dompurify@https://artifactory.gcp.mercadona.com/artifactory/api/npm/virtual-npm/dompurify/-/dompurify-3.4.2.tgz. Extracting by manifest.
1352 silly tarball no local data for dns-packet@https://artifactory.gcp.mercadona.com/artifactory/api/npm/virtual-npm/dns-packet/-/dns-packet-5.6.1.tgz. Extracting by manifest.
1353 silly tarball no local data for destroy@https://artifactory.gcp.mercadona.com/artifactory/api/npm/virtual-npm/destroy/-/destroy-1.2.0.tgz. Extracting by manifest.
1354 silly tarball no local data for depd@https://artifactory.gcp.mercadona.com/artifactory/api/npm/virtual-npm/depd/-/depd-2.0.0.tgz. Extracting by manifest.
1355 silly tarball no local data for detect-node@https://artifactory.gcp.mercadona.com/artifactory/api/npm/virtual-npm/detect-node/-/detect-node-2.1.0.tgz. Extracting by manifest.
1356 silly tarball no local data for dom-serializer@https://artifactory.gcp.mercadona.com/artifactory/api/npm/virtual-npm/dom-serializer/-/dom-serializer-2.0.0.tgz. Extracting by manifest.
1357 silly tarball no local data for dir-glob@https://artifactory.gcp.mercadona.com/artifactory/api/npm/virtual-npm/dir-glob/-/dir-glob-3.0.1.tgz. Extracting by manifest.
1358 silly tarball no local data for defaults@https://artifactory.gcp.mercadona.com/artifactory/api/npm/virtual-npm/defaults/-/defaults-1.0.4.tgz. Extracting by manifest.
1359 silly tarball no local data for entities@https://artifactory.gcp.mercadona.com/artifactory/api/npm/virtual-npm/entities/-/entities-4.5.0.tgz. Extracting by manifest.
1360 silly tarball no local data for define-lazy-prop@https://artifactory.gcp.mercadona.com/artifactory/api/npm/virtual-npm/define-lazy-prop/-/define-lazy-prop-2.0.0.tgz. Extracting by manifest.
1361 silly tarball no local data for debug@https://artifactory.gcp.mercadona.com/artifactory/api/npm/virtual-npm/debug/-/debug-4.4.3.tgz. Extracting by manifest.
1362 silly tarball no local data for d3-transition@https://artifactory.gcp.mercadona.com/artifactory/api/npm/virtual-npm/d3-transition/-/d3-transition-3.0.1.tgz. Extracting by manifest.
1363 silly tarball no local data for default-gateway@https://artifactory.gcp.mercadona.com/artifactory/api/npm/virtual-npm/default-gateway/-/default-gateway-6.0.3.tgz. Extracting by manifest.
1364 silly tarball no local data for d3-time-format@https://artifactory.gcp.mercadona.com/artifactory/api/npm/virtual-npm/d3-time-format/-/d3-time-format-4.1.0.tgz. Extracting by manifest.
1365 silly tarball no local data for define-data-property@https://artifactory.gcp.mercadona.com/artifactory/api/npm/virtual-npm/define-data-property/-/define-data-property-1.1.4.tgz. Extracting by manifest.
1366 silly tarball no local data for d3-timer@https://artifactory.gcp.mercadona.com/artifactory/api/npm/virtual-npm/d3-timer/-/d3-timer-3.0.1.tgz. Extracting by manifest.
1367 silly tarball no local data for d3-time@https://artifactory.gcp.mercadona.com/artifactory/api/npm/virtual-npm/d3-time/-/d3-time-3.1.0.tgz. Extracting by manifest.
1368 silly tarball no local data for d3-shape@https://artifactory.gcp.mercadona.com/artifactory/api/npm/virtual-npm/d3-shape/-/d3-shape-3.2.0.tgz. Extracting by manifest.
1369 silly tarball no local data for d3-selection@https://artifactory.gcp.mercadona.com/artifactory/api/npm/virtual-npm/d3-selection/-/d3-selection-3.0.0.tgz. Extracting by manifest.
1370 silly tarball no local data for d3-path@https://artifactory.gcp.mercadona.com/artifactory/api/npm/virtual-npm/d3-path/-/d3-path-3.1.0.tgz. Extracting by manifest.
1371 silly tarball no local data for d3-interpolate@https://artifactory.gcp.mercadona.com/artifactory/api/npm/virtual-npm/d3-interpolate/-/d3-interpolate-3.0.1.tgz. Extracting by manifest.
1372 silly tarball no local data for d3-sankey@https://artifactory.gcp.mercadona.com/artifactory/api/npm/virtual-npm/d3-sankey/-/d3-sankey-0.12.3.tgz. Extracting by manifest.
1373 silly tarball no local data for d3-scale@https://artifactory.gcp.mercadona.com/artifactory/api/npm/virtual-npm/d3-scale/-/d3-scale-4.0.2.tgz. Extracting by manifest.
1374 silly tarball no local data for d3-hierarchy@https://artifactory.gcp.mercadona.com/artifactory/api/npm/virtual-npm/d3-hierarchy/-/d3-hierarchy-3.1.2.tgz. Extracting by manifest.
1375 silly tarball no local data for d3-format@https://artifactory.gcp.mercadona.com/artifactory/api/npm/virtual-npm/d3-format/-/d3-format-3.1.2.tgz. Extracting by manifest.
1376 silly tarball no local data for d3-drag@https://artifactory.gcp.mercadona.com/artifactory/api/npm/virtual-npm/d3-drag/-/d3-drag-3.0.0.tgz. Extracting by manifest.
1377 silly tarball no local data for d3-ease@https://artifactory.gcp.mercadona.com/artifactory/api/npm/virtual-npm/d3-ease/-/d3-ease-3.0.1.tgz. Extracting by manifest.
1378 silly tarball no local data for d3-dispatch@https://artifactory.gcp.mercadona.com/artifactory/api/npm/virtual-npm/d3-dispatch/-/d3-dispatch-3.0.1.tgz. Extracting by manifest.
1379 silly tarball no local data for d3-brush@https://artifactory.gcp.mercadona.com/artifactory/api/npm/virtual-npm/d3-brush/-/d3-brush-3.0.0.tgz. Extracting by manifest.
1380 silly tarball no local data for d3-array@https://artifactory.gcp.mercadona.com/artifactory/api/npm/virtual-npm/d3-array/-/d3-array-3.2.4.tgz. Extracting by manifest.
1381 silly tarball no local data for d3-color@https://artifactory.gcp.mercadona.com/artifactory/api/npm/virtual-npm/d3-color/-/d3-color-3.1.0.tgz. Extracting by manifest.
1382 silly tarball no local data for cssesc@https://artifactory.gcp.mercadona.com/artifactory/api/npm/virtual-npm/cssesc/-/cssesc-3.0.0.tgz. Extracting by manifest.
1383 silly tarball no local data for css-what@https://artifactory.gcp.mercadona.com/artifactory/api/npm/virtual-npm/css-what/-/css-what-6.2.2.tgz. Extracting by manifest.
1384 silly tarball no local data for css-loader@https://artifactory.gcp.mercadona.com/artifactory/api/npm/virtual-npm/css-loader/-/css-loader-6.10.0.tgz. Extracting by manifest.
1385 silly tarball no local data for cross-spawn@https://artifactory.gcp.mercadona.com/artifactory/api/npm/virtual-npm/cross-spawn/-/cross-spawn-7.0.6.tgz. Extracting by manifest.
1386 silly tarball no local data for css-line-break@https://artifactory.gcp.mercadona.com/artifactory/api/npm/virtual-npm/css-line-break/-/css-line-break-2.1.0.tgz. Extracting by manifest.
1387 silly tarball no local data for css-select@https://artifactory.gcp.mercadona.com/artifactory/api/npm/virtual-npm/css-select/-/css-select-5.2.2.tgz. Extracting by manifest.
1388 silly tarball no local data for core-util-is@https://artifactory.gcp.mercadona.com/artifactory/api/npm/virtual-npm/core-util-is/-/core-util-is-1.0.3.tgz. Extracting by manifest.
1389 silly tarball no local data for core-js-compat@https://artifactory.gcp.mercadona.com/artifactory/api/npm/virtual-npm/core-js-compat/-/core-js-compat-3.49.0.tgz. Extracting by manifest.
1390 silly tarball no local data for cosmiconfig@https://artifactory.gcp.mercadona.com/artifactory/api/npm/virtual-npm/cosmiconfig/-/cosmiconfig-9.0.1.tgz. Extracting by manifest.
1391 silly tarball no local data for cookie@https://artifactory.gcp.mercadona.com/artifactory/api/npm/virtual-npm/cookie/-/cookie-0.7.2.tgz. Extracting by manifest.
1392 silly tarball no local data for copy-anything@https://artifactory.gcp.mercadona.com/artifactory/api/npm/virtual-npm/copy-anything/-/copy-anything-2.0.6.tgz. Extracting by manifest.
1393 silly tarball no local data for critters@https://artifactory.gcp.mercadona.com/artifactory/api/npm/virtual-npm/critters/-/critters-0.0.22.tgz. Extracting by manifest.
1394 silly tarball no local data for copy-webpack-plugin@https://artifactory.gcp.mercadona.com/artifactory/api/npm/virtual-npm/copy-webpack-plugin/-/copy-webpack-plugin-11.0.0.tgz. Extracting by manifest.
1395 silly tarball no local data for convert-source-map@https://artifactory.gcp.mercadona.com/artifactory/api/npm/virtual-npm/convert-source-map/-/convert-source-map-1.9.0.tgz. Extracting by manifest.
1396 silly tarball no local data for content-type@https://artifactory.gcp.mercadona.com/artifactory/api/npm/virtual-npm/content-type/-/content-type-1.0.5.tgz. Extracting by manifest.
1397 silly tarball no local data for connect-history-api-fallback@https://artifactory.gcp.mercadona.com/artifactory/api/npm/virtual-npm/connect-history-api-fallback/-/connect-history-api-fallback-2.0.0.tgz. Extracting by manifest.
1398 silly tarball no local data for cookie-signature@https://artifactory.gcp.mercadona.com/artifactory/api/npm/virtual-npm/cookie-signature/-/cookie-signature-1.0.7.tgz. Extracting by manifest.
1399 silly tarball no local data for core-js@https://artifactory.gcp.mercadona.com/artifactory/api/npm/virtual-npm/core-js/-/core-js-3.49.0.tgz. Extracting by manifest.
1400 silly tarball no local data for concat-map@https://artifactory.gcp.mercadona.com/artifactory/api/npm/virtual-npm/concat-map/-/concat-map-0.0.1.tgz. Extracting by manifest.
1401 silly tarball no local data for content-disposition@https://artifactory.gcp.mercadona.com/artifactory/api/npm/virtual-npm/content-disposition/-/content-disposition-0.5.4.tgz. Extracting by manifest.
1402 silly tarball no local data for compressible@https://artifactory.gcp.mercadona.com/artifactory/api/npm/virtual-npm/compressible/-/compressible-2.0.18.tgz. Extracting by manifest.
1403 silly tarball no local data for compression@https://artifactory.gcp.mercadona.com/artifactory/api/npm/virtual-npm/compression/-/compression-1.8.1.tgz. Extracting by manifest.
1404 silly tarball no local data for common-path-prefix@https://artifactory.gcp.mercadona.com/artifactory/api/npm/virtual-npm/common-path-prefix/-/common-path-prefix-3.0.0.tgz. Extracting by manifest.
1405 silly tarball no local data for commander@https://artifactory.gcp.mercadona.com/artifactory/api/npm/virtual-npm/commander/-/commander-2.20.3.tgz. Extracting by manifest.
1406 silly tarball no local data for color-name@https://artifactory.gcp.mercadona.com/artifactory/api/npm/virtual-npm/color-name/-/color-name-1.1.4.tgz. Extracting by manifest.
1407 silly tarball no local data for color-convert@https://artifactory.gcp.mercadona.com/artifactory/api/npm/virtual-npm/color-convert/-/color-convert-2.0.1.tgz. Extracting by manifest.
1408 silly tarball no local data for clone-deep@https://artifactory.gcp.mercadona.com/artifactory/api/npm/virtual-npm/clone-deep/-/clone-deep-4.0.1.tgz. Extracting by manifest.
1409 silly tarball no local data for clone@https://artifactory.gcp.mercadona.com/artifactory/api/npm/virtual-npm/clone/-/clone-1.0.4.tgz. Extracting by manifest.
1410 silly tarball no local data for cliui@https://artifactory.gcp.mercadona.com/artifactory/api/npm/virtual-npm/cliui/-/cliui-8.0.1.tgz. Extracting by manifest.
1411 silly tarball no local data for cli-width@https://artifactory.gcp.mercadona.com/artifactory/api/npm/virtual-npm/cli-width/-/cli-width-4.1.0.tgz. Extracting by manifest.
1412 silly tarball no local data for cli-spinners@https://artifactory.gcp.mercadona.com/artifactory/api/npm/virtual-npm/cli-spinners/-/cli-spinners-2.9.2.tgz. Extracting by manifest.
1413 silly tarball no local data for colorette@https://artifactory.gcp.mercadona.com/artifactory/api/npm/virtual-npm/colorette/-/colorette-2.0.20.tgz. Extracting by manifest.
1414 silly tarball no local data for clean-stack@https://artifactory.gcp.mercadona.com/artifactory/api/npm/virtual-npm/clean-stack/-/clean-stack-2.2.0.tgz. Extracting by manifest.
1415 silly tarball no local data for chownr@https://artifactory.gcp.mercadona.com/artifactory/api/npm/virtual-npm/chownr/-/chownr-2.0.0.tgz. Extracting by manifest.
1416 silly tarball no local data for chokidar@https://artifactory.gcp.mercadona.com/artifactory/api/npm/virtual-npm/chokidar/-/chokidar-3.6.0.tgz. Extracting by manifest.
1417 silly tarball no local data for cli-cursor@https://artifactory.gcp.mercadona.com/artifactory/api/npm/virtual-npm/cli-cursor/-/cli-cursor-3.1.0.tgz. Extracting by manifest.
1418 silly tarball no local data for chrome-trace-event@https://artifactory.gcp.mercadona.com/artifactory/api/npm/virtual-npm/chrome-trace-event/-/chrome-trace-event-1.0.4.tgz. Extracting by manifest.
1419 silly tarball no local data for chart.js@https://artifactory.gcp.mercadona.com/artifactory/api/npm/virtual-npm/chart.js/-/chart.js-4.5.1.tgz. Extracting by manifest.
1420 silly tarball no local data for chardet@https://artifactory.gcp.mercadona.com/artifactory/api/npm/virtual-npm/chardet/-/chardet-0.7.0.tgz. Extracting by manifest.
1421 silly tarball no local data for chalk@https://artifactory.gcp.mercadona.com/artifactory/api/npm/virtual-npm/chalk/-/chalk-4.1.2.tgz. Extracting by manifest.
1422 silly tarball no local data for canvg@https://artifactory.gcp.mercadona.com/artifactory/api/npm/virtual-npm/canvg/-/canvg-3.0.11.tgz. Extracting by manifest.
1423 silly tarball no local data for camelcase@https://artifactory.gcp.mercadona.com/artifactory/api/npm/virtual-npm/camelcase/-/camelcase-5.3.1.tgz. Extracting by manifest.
1424 silly tarball no local data for callsites@https://artifactory.gcp.mercadona.com/artifactory/api/npm/virtual-npm/callsites/-/callsites-3.1.0.tgz. Extracting by manifest.
1425 silly tarball no local data for caniuse-lite@https://artifactory.gcp.mercadona.com/artifactory/api/npm/virtual-npm/caniuse-lite/-/caniuse-lite-1.0.30001787.tgz. Extracting by manifest.
1426 silly tarball no local data for bytes@https://artifactory.gcp.mercadona.com/artifactory/api/npm/virtual-npm/bytes/-/bytes-3.1.2.tgz. Extracting by manifest.
1427 silly tarball no local data for call-bound@https://artifactory.gcp.mercadona.com/artifactory/api/npm/virtual-npm/call-bound/-/call-bound-1.0.4.tgz. Extracting by manifest.
1428 silly tarball no local data for call-bind-apply-helpers@https://artifactory.gcp.mercadona.com/artifactory/api/npm/virtual-npm/call-bind-apply-helpers/-/call-bind-apply-helpers-1.0.2.tgz. Extracting by manifest.
1429 silly tarball no local data for cacache@https://artifactory.gcp.mercadona.com/artifactory/api/npm/virtual-npm/cacache/-/cacache-18.0.4.tgz. Extracting by manifest.
1430 silly tarball no local data for call-bind@https://artifactory.gcp.mercadona.com/artifactory/api/npm/virtual-npm/call-bind/-/call-bind-1.0.9.tgz. Extracting by manifest.
1431 silly tarball no local data for browserslist@https://artifactory.gcp.mercadona.com/artifactory/api/npm/virtual-npm/browserslist/-/browserslist-4.28.2.tgz. Extracting by manifest.
1432 silly tarball no local data for buffer-from@https://artifactory.gcp.mercadona.com/artifactory/api/npm/virtual-npm/buffer-from/-/buffer-from-1.1.2.tgz. Extracting by manifest.
1433 silly tarball no local data for braces@https://artifactory.gcp.mercadona.com/artifactory/api/npm/virtual-npm/braces/-/braces-3.0.3.tgz. Extracting by manifest.
1434 silly tarball no local data for bonjour-service@https://artifactory.gcp.mercadona.com/artifactory/api/npm/virtual-npm/bonjour-service/-/bonjour-service-1.3.0.tgz. Extracting by manifest.
1435 silly tarball no local data for buffer@https://artifactory.gcp.mercadona.com/artifactory/api/npm/virtual-npm/buffer/-/buffer-5.7.1.tgz. Extracting by manifest.
1436 silly tarball no local data for body-parser@https://artifactory.gcp.mercadona.com/artifactory/api/npm/virtual-npm/body-parser/-/body-parser-1.20.4.tgz. Extracting by manifest.
1437 silly tarball no local data for brace-expansion@https://artifactory.gcp.mercadona.com/artifactory/api/npm/virtual-npm/brace-expansion/-/brace-expansion-2.1.0.tgz. Extracting by manifest.
1438 silly tarball no local data for binary-extensions@https://artifactory.gcp.mercadona.com/artifactory/api/npm/virtual-npm/binary-extensions/-/binary-extensions-2.3.0.tgz. Extracting by manifest.
1439 silly tarball no local data for boolbase@https://artifactory.gcp.mercadona.com/artifactory/api/npm/virtual-npm/boolbase/-/boolbase-1.0.0.tgz. Extracting by manifest.
1440 silly tarball no local data for big.js@https://artifactory.gcp.mercadona.com/artifactory/api/npm/virtual-npm/big.js/-/big.js-5.2.2.tgz. Extracting by manifest.
1441 silly tarball no local data for batch@https://artifactory.gcp.mercadona.com/artifactory/api/npm/virtual-npm/batch/-/batch-0.6.1.tgz. Extracting by manifest.
1442 silly tarball no local data for baseline-browser-mapping@https://artifactory.gcp.mercadona.com/artifactory/api/npm/virtual-npm/baseline-browser-mapping/-/baseline-browser-mapping-2.10.18.tgz. Extracting by manifest.
1443 silly tarball no local data for bl@https://artifactory.gcp.mercadona.com/artifactory/api/npm/virtual-npm/bl/-/bl-4.1.0.tgz. Extracting by manifest.
1444 silly tarball no local data for balanced-match@https://artifactory.gcp.mercadona.com/artifactory/api/npm/virtual-npm/balanced-match/-/balanced-match-1.0.2.tgz. Extracting by manifest.
1445 silly tarball no local data for babel-plugin-polyfill-regenerator@https://artifactory.gcp.mercadona.com/artifactory/api/npm/virtual-npm/babel-plugin-polyfill-regenerator/-/babel-plugin-polyfill-regenerator-0.6.8.tgz. Extracting by manifest.
1446 silly tarball no local data for base64-arraybuffer@https://artifactory.gcp.mercadona.com/artifactory/api/npm/virtual-npm/base64-arraybuffer/-/base64-arraybuffer-1.0.2.tgz. Extracting by manifest.
1447 silly tarball no local data for babel-plugin-polyfill-corejs2@https://artifactory.gcp.mercadona.com/artifactory/api/npm/virtual-npm/babel-plugin-polyfill-corejs2/-/babel-plugin-polyfill-corejs2-0.4.17.tgz. Extracting by manifest.
1448 silly tarball no local data for base64-js@https://artifactory.gcp.mercadona.com/artifactory/api/npm/virtual-npm/base64-js/-/base64-js-1.5.1.tgz. Extracting by manifest.
1449 silly tarball no local data for babel-plugin-polyfill-corejs3@https://artifactory.gcp.mercadona.com/artifactory/api/npm/virtual-npm/babel-plugin-polyfill-corejs3/-/babel-plugin-polyfill-corejs3-0.11.1.tgz. Extracting by manifest.
1450 silly tarball no local data for autoprefixer@https://artifactory.gcp.mercadona.com/artifactory/api/npm/virtual-npm/autoprefixer/-/autoprefixer-10.4.18.tgz. Extracting by manifest.
1451 silly tarball no local data for anymatch@https://artifactory.gcp.mercadona.com/artifactory/api/npm/virtual-npm/anymatch/-/anymatch-3.1.3.tgz. Extracting by manifest.
1452 silly tarball no local data for babel-loader@https://artifactory.gcp.mercadona.com/artifactory/api/npm/virtual-npm/babel-loader/-/babel-loader-9.1.3.tgz. Extracting by manifest.
1453 silly tarball no local data for argparse@https://artifactory.gcp.mercadona.com/artifactory/api/npm/virtual-npm/argparse/-/argparse-1.0.10.tgz. Extracting by manifest.
1454 silly tarball no local data for babel-plugin-istanbul@https://artifactory.gcp.mercadona.com/artifactory/api/npm/virtual-npm/babel-plugin-istanbul/-/babel-plugin-istanbul-6.1.1.tgz. Extracting by manifest.
1455 silly tarball no local data for ansi-escapes@https://artifactory.gcp.mercadona.com/artifactory/api/npm/virtual-npm/ansi-escapes/-/ansi-escapes-4.3.2.tgz. Extracting by manifest.
1456 silly tarball no local data for array-flatten@https://artifactory.gcp.mercadona.com/artifactory/api/npm/virtual-npm/array-flatten/-/array-flatten-1.1.1.tgz. Extracting by manifest.
1457 silly tarball no local data for ansi-regex@https://artifactory.gcp.mercadona.com/artifactory/api/npm/virtual-npm/ansi-regex/-/ansi-regex-5.0.1.tgz. Extracting by manifest.
1458 silly tarball no local data for ansi-styles@https://artifactory.gcp.mercadona.com/artifactory/api/npm/virtual-npm/ansi-styles/-/ansi-styles-4.3.0.tgz. Extracting by manifest.
1459 silly tarball no local data for ansi-html-community@https://artifactory.gcp.mercadona.com/artifactory/api/npm/virtual-npm/ansi-html-community/-/ansi-html-community-0.0.8.tgz. Extracting by manifest.
1460 silly tarball no local data for ajv-formats@https://artifactory.gcp.mercadona.com/artifactory/api/npm/virtual-npm/ajv-formats/-/ajv-formats-2.1.1.tgz. Extracting by manifest.
1461 silly tarball no local data for ajv@https://artifactory.gcp.mercadona.com/artifactory/api/npm/virtual-npm/ajv/-/ajv-8.12.0.tgz. Extracting by manifest.
1462 silly tarball no local data for ansi-colors@https://artifactory.gcp.mercadona.com/artifactory/api/npm/virtual-npm/ansi-colors/-/ansi-colors-4.1.3.tgz. Extracting by manifest.
1463 silly tarball no local data for ajv-keywords@https://artifactory.gcp.mercadona.com/artifactory/api/npm/virtual-npm/ajv-keywords/-/ajv-keywords-5.1.0.tgz. Extracting by manifest.
1464 silly tarball no local data for adjust-sourcemap-loader@https://artifactory.gcp.mercadona.com/artifactory/api/npm/virtual-npm/adjust-sourcemap-loader/-/adjust-sourcemap-loader-4.0.0.tgz. Extracting by manifest.
1465 silly tarball no local data for agent-base@https://artifactory.gcp.mercadona.com/artifactory/api/npm/virtual-npm/agent-base/-/agent-base-7.1.4.tgz. Extracting by manifest.
1466 silly tarball no local data for acorn-import-attributes@https://artifactory.gcp.mercadona.com/artifactory/api/npm/virtual-npm/acorn-import-attributes/-/acorn-import-attributes-1.9.5.tgz. Extracting by manifest.
1467 silly tarball no local data for @yarnpkg/lockfile@https://artifactory.gcp.mercadona.com/artifactory/api/npm/virtual-npm/@yarnpkg/lockfile/-/lockfile-1.1.0.tgz. Extracting by manifest.
1468 silly tarball no local data for accepts@https://artifactory.gcp.mercadona.com/artifactory/api/npm/virtual-npm/accepts/-/accepts-1.3.8.tgz. Extracting by manifest.
1469 silly tarball no local data for abbrev@https://artifactory.gcp.mercadona.com/artifactory/api/npm/virtual-npm/abbrev/-/abbrev-2.0.0.tgz. Extracting by manifest.
1470 silly tarball no local data for @xtuc/long@https://artifactory.gcp.mercadona.com/artifactory/api/npm/virtual-npm/@xtuc/long/-/long-4.2.2.tgz. Extracting by manifest.
1471 silly tarball no local data for aggregate-error@https://artifactory.gcp.mercadona.com/artifactory/api/npm/virtual-npm/aggregate-error/-/aggregate-error-3.1.0.tgz. Extracting by manifest.
1472 silly tarball no local data for @xtuc/ieee754@https://artifactory.gcp.mercadona.com/artifactory/api/npm/virtual-npm/@xtuc/ieee754/-/ieee754-1.2.0.tgz. Extracting by manifest.
1473 silly tarball no local data for acorn@https://artifactory.gcp.mercadona.com/artifactory/api/npm/virtual-npm/acorn/-/acorn-8.16.0.tgz. Extracting by manifest.
1474 silly tarball no local data for @webassemblyjs/wast-printer@https://artifactory.gcp.mercadona.com/artifactory/api/npm/virtual-npm/@webassemblyjs/wast-printer/-/wast-printer-1.14.1.tgz. Extracting by manifest.
1475 silly tarball no local data for @webassemblyjs/wasm-parser@https://artifactory.gcp.mercadona.com/artifactory/api/npm/virtual-npm/@webassemblyjs/wasm-parser/-/wasm-parser-1.14.1.tgz. Extracting by manifest.
1476 silly tarball no local data for @webassemblyjs/utf8@https://artifactory.gcp.mercadona.com/artifactory/api/npm/virtual-npm/@webassemblyjs/utf8/-/utf8-1.13.2.tgz. Extracting by manifest.
1477 silly tarball no local data for @webassemblyjs/wasm-gen@https://artifactory.gcp.mercadona.com/artifactory/api/npm/virtual-npm/@webassemblyjs/wasm-gen/-/wasm-gen-1.14.1.tgz. Extracting by manifest.
1478 silly tarball no local data for @webassemblyjs/leb128@https://artifactory.gcp.mercadona.com/artifactory/api/npm/virtual-npm/@webassemblyjs/leb128/-/leb128-1.13.2.tgz. Extracting by manifest.
1479 silly tarball no local data for @webassemblyjs/wasm-edit@https://artifactory.gcp.mercadona.com/artifactory/api/npm/virtual-npm/@webassemblyjs/wasm-edit/-/wasm-edit-1.14.1.tgz. Extracting by manifest.
1480 silly tarball no local data for @webassemblyjs/ieee754@https://artifactory.gcp.mercadona.com/artifactory/api/npm/virtual-npm/@webassemblyjs/ieee754/-/ieee754-1.13.2.tgz. Extracting by manifest.
1481 silly tarball no local data for @webassemblyjs/helper-numbers@https://artifactory.gcp.mercadona.com/artifactory/api/npm/virtual-npm/@webassemblyjs/helper-numbers/-/helper-numbers-1.13.2.tgz. Extracting by manifest.
1482 silly tarball no local data for @webassemblyjs/wasm-opt@https://artifactory.gcp.mercadona.com/artifactory/api/npm/virtual-npm/@webassemblyjs/wasm-opt/-/wasm-opt-1.14.1.tgz. Extracting by manifest.
1483 silly tarball no local data for @webassemblyjs/helper-wasm-section@https://artifactory.gcp.mercadona.com/artifactory/api/npm/virtual-npm/@webassemblyjs/helper-wasm-section/-/helper-wasm-section-1.14.1.tgz. Extracting by manifest.
1484 silly tarball no local data for @webassemblyjs/floating-point-hex-parser@https://artifactory.gcp.mercadona.com/artifactory/api/npm/virtual-npm/@webassemblyjs/floating-point-hex-parser/-/floating-point-hex-parser-1.13.2.tgz. Extracting by manifest.
1485 silly tarball no local data for @webassemblyjs/helper-buffer@https://artifactory.gcp.mercadona.com/artifactory/api/npm/virtual-npm/@webassemblyjs/helper-buffer/-/helper-buffer-1.14.1.tgz. Extracting by manifest.
1486 silly tarball no local data for @webassemblyjs/ast@https://artifactory.gcp.mercadona.com/artifactory/api/npm/virtual-npm/@webassemblyjs/ast/-/ast-1.14.1.tgz. Extracting by manifest.
1487 silly tarball no local data for @webassemblyjs/helper-api-error@https://artifactory.gcp.mercadona.com/artifactory/api/npm/virtual-npm/@webassemblyjs/helper-api-error/-/helper-api-error-1.13.2.tgz. Extracting by manifest.
1488 silly tarball no local data for @types/ws@https://artifactory.gcp.mercadona.com/artifactory/api/npm/virtual-npm/@types/ws/-/ws-8.18.1.tgz. Extracting by manifest.
1489 silly tarball no local data for @vitejs/plugin-basic-ssl@https://artifactory.gcp.mercadona.com/artifactory/api/npm/virtual-npm/@vitejs/plugin-basic-ssl/-/plugin-basic-ssl-1.1.0.tgz. Extracting by manifest.
1490 silly tarball no local data for @webassemblyjs/helper-wasm-bytecode@https://artifactory.gcp.mercadona.com/artifactory/api/npm/virtual-npm/@webassemblyjs/helper-wasm-bytecode/-/helper-wasm-bytecode-1.13.2.tgz. Extracting by manifest.
1491 silly tarball no local data for @types/sockjs@https://artifactory.gcp.mercadona.com/artifactory/api/npm/virtual-npm/@types/sockjs/-/sockjs-0.3.36.tgz. Extracting by manifest.
1492 silly tarball no local data for @types/serve-static@https://artifactory.gcp.mercadona.com/artifactory/api/npm/virtual-npm/@types/serve-static/-/serve-static-1.15.10.tgz. Extracting by manifest.
1493 silly tarball no local data for @types/trusted-types@https://artifactory.gcp.mercadona.com/artifactory/api/npm/virtual-npm/@types/trusted-types/-/trusted-types-2.0.7.tgz. Extracting by manifest.
1494 silly tarball no local data for @types/serve-index@https://artifactory.gcp.mercadona.com/artifactory/api/npm/virtual-npm/@types/serve-index/-/serve-index-1.9.4.tgz. Extracting by manifest.
1495 silly tarball no local data for @types/tinycolor2@https://artifactory.gcp.mercadona.com/artifactory/api/npm/virtual-npm/@types/tinycolor2/-/tinycolor2-1.4.6.tgz. Extracting by manifest.
1496 silly tarball no local data for @types/range-parser@https://artifactory.gcp.mercadona.com/artifactory/api/npm/virtual-npm/@types/range-parser/-/range-parser-1.2.7.tgz. Extracting by manifest.
1497 silly tarball no local data for @types/retry@https://artifactory.gcp.mercadona.com/artifactory/api/npm/virtual-npm/@types/retry/-/retry-0.12.0.tgz. Extracting by manifest.
1498 silly tarball no local data for @types/qs@https://artifactory.gcp.mercadona.com/artifactory/api/npm/virtual-npm/@types/qs/-/qs-6.15.0.tgz. Extracting by manifest.
1499 silly tarball no local data for @types/node-forge@https://artifactory.gcp.mercadona.com/artifactory/api/npm/virtual-npm/@types/node-forge/-/node-forge-1.3.14.tgz. Extracting by manifest.
1500 silly tarball no local data for @types/send@https://artifactory.gcp.mercadona.com/artifactory/api/npm/virtual-npm/@types/send/-/send-1.2.1.tgz. Extracting by manifest.
1501 silly tarball no local data for @types/pako@https://artifactory.gcp.mercadona.com/artifactory/api/npm/virtual-npm/@types/pako/-/pako-2.0.4.tgz. Extracting by manifest.
1502 silly tarball no local data for @types/mime@https://artifactory.gcp.mercadona.com/artifactory/api/npm/virtual-npm/@types/mime/-/mime-1.3.5.tgz. Extracting by manifest.
1503 silly tarball no local data for @types/leaflet@https://artifactory.gcp.mercadona.com/artifactory/api/npm/virtual-npm/@types/leaflet/-/leaflet-1.9.21.tgz. Extracting by manifest.
1504 silly tarball no local data for @types/json-schema@https://artifactory.gcp.mercadona.com/artifactory/api/npm/virtual-npm/@types/json-schema/-/json-schema-7.0.15.tgz. Extracting by manifest.
1505 silly tarball no local data for @types/geojson@https://artifactory.gcp.mercadona.com/artifactory/api/npm/virtual-npm/@types/geojson/-/geojson-7946.0.16.tgz. Extracting by manifest.
1506 silly tarball no local data for @types/node@https://artifactory.gcp.mercadona.com/artifactory/api/npm/virtual-npm/@types/node/-/node-18.19.130.tgz. Extracting by manifest.
1507 silly tarball no local data for @types/http-proxy@https://artifactory.gcp.mercadona.com/artifactory/api/npm/virtual-npm/@types/http-proxy/-/http-proxy-1.17.17.tgz. Extracting by manifest.
1508 silly tarball no local data for @types/http-errors@https://artifactory.gcp.mercadona.com/artifactory/api/npm/virtual-npm/@types/http-errors/-/http-errors-2.0.5.tgz. Extracting by manifest.
1509 silly tarball no local data for @types/express@https://artifactory.gcp.mercadona.com/artifactory/api/npm/virtual-npm/@types/express/-/express-4.17.25.tgz. Extracting by manifest.
1510 silly tarball no local data for @types/raf@https://artifactory.gcp.mercadona.com/artifactory/api/npm/virtual-npm/@types/raf/-/raf-3.4.3.tgz. Extracting by manifest.
1511 silly tarball no local data for @types/express-serve-static-core@https://artifactory.gcp.mercadona.com/artifactory/api/npm/virtual-npm/@types/express-serve-static-core/-/express-serve-static-core-5.1.1.tgz. Extracting by manifest.
1512 silly tarball no local data for @types/connect@https://artifactory.gcp.mercadona.com/artifactory/api/npm/virtual-npm/@types/connect/-/connect-3.4.38.tgz. Extracting by manifest.
1513 silly tarball no local data for @types/connect-history-api-fallback@https://artifactory.gcp.mercadona.com/artifactory/api/npm/virtual-npm/@types/connect-history-api-fallback/-/connect-history-api-fallback-1.5.4.tgz. Extracting by manifest.
1514 silly tarball no local data for @types/body-parser@https://artifactory.gcp.mercadona.com/artifactory/api/npm/virtual-npm/@types/body-parser/-/body-parser-1.19.6.tgz. Extracting by manifest.
1515 silly tarball no local data for @types/bonjour@https://artifactory.gcp.mercadona.com/artifactory/api/npm/virtual-npm/@types/bonjour/-/bonjour-3.5.13.tgz. Extracting by manifest.
1516 silly tarball no local data for @types/estree@https://artifactory.gcp.mercadona.com/artifactory/api/npm/virtual-npm/@types/estree/-/estree-1.0.8.tgz. Extracting by manifest.
1517 silly tarball no local data for @tufjs/models@https://artifactory.gcp.mercadona.com/artifactory/api/npm/virtual-npm/@tufjs/models/-/models-2.0.1.tgz. Extracting by manifest.
1518 silly tarball no local data for @tufjs/canonical-json@https://artifactory.gcp.mercadona.com/artifactory/api/npm/virtual-npm/@tufjs/canonical-json/-/canonical-json-2.0.0.tgz. Extracting by manifest.
1519 silly tarball no local data for @sigstore/sign@https://artifactory.gcp.mercadona.com/artifactory/api/npm/virtual-npm/@sigstore/sign/-/sign-2.3.2.tgz. Extracting by manifest.
1520 silly tarball no local data for @sigstore/verify@https://artifactory.gcp.mercadona.com/artifactory/api/npm/virtual-npm/@sigstore/verify/-/verify-1.2.1.tgz. Extracting by manifest.
1521 silly tarball no local data for @sigstore/core@https://artifactory.gcp.mercadona.com/artifactory/api/npm/virtual-npm/@sigstore/core/-/core-1.1.0.tgz. Extracting by manifest.
1522 silly tarball no local data for @sigstore/tuf@https://artifactory.gcp.mercadona.com/artifactory/api/npm/virtual-npm/@sigstore/tuf/-/tuf-2.3.4.tgz. Extracting by manifest.
1523 silly tarball no local data for @swimlane/ngx-charts@https://artifactory.gcp.mercadona.com/artifactory/api/npm/virtual-npm/@swimlane/ngx-charts/-/ngx-charts-22.0.0.tgz. Extracting by manifest.
1524 silly tarball no local data for @sigstore/protobuf-specs@https://artifactory.gcp.mercadona.com/artifactory/api/npm/virtual-npm/@sigstore/protobuf-specs/-/protobuf-specs-0.3.3.tgz. Extracting by manifest.
1525 silly tarball no local data for @schematics/angular@https://artifactory.gcp.mercadona.com/artifactory/api/npm/virtual-npm/@schematics/angular/-/angular-17.3.17.tgz. Extracting by manifest.
1526 silly tarball no local data for @sigstore/bundle@https://artifactory.gcp.mercadona.com/artifactory/api/npm/virtual-npm/@sigstore/bundle/-/bundle-2.3.2.tgz. Extracting by manifest.
1527 silly tarball no local data for @rollup/rollup-darwin-arm64@https://artifactory.gcp.mercadona.com/artifactory/api/npm/virtual-npm/@rollup/rollup-darwin-arm64/-/rollup-darwin-arm64-4.60.1.tgz. Extracting by manifest.
1528 silly tarball no local data for @npmcli/promise-spawn@https://artifactory.gcp.mercadona.com/artifactory/api/npm/virtual-npm/@npmcli/promise-spawn/-/promise-spawn-7.0.2.tgz. Extracting by manifest.
1529 silly tarball no local data for @npmcli/run-script@https://artifactory.gcp.mercadona.com/artifactory/api/npm/virtual-npm/@npmcli/run-script/-/run-script-7.0.4.tgz. Extracting by manifest.
1530 silly tarball no local data for @npmcli/node-gyp@https://artifactory.gcp.mercadona.com/artifactory/api/npm/virtual-npm/@npmcli/node-gyp/-/node-gyp-3.0.0.tgz. Extracting by manifest.
1531 silly tarball no local data for @npmcli/redact@https://artifactory.gcp.mercadona.com/artifactory/api/npm/virtual-npm/@npmcli/redact/-/redact-1.1.0.tgz. Extracting by manifest.
1532 silly tarball no local data for @pkgjs/parseargs@https://artifactory.gcp.mercadona.com/artifactory/api/npm/virtual-npm/@pkgjs/parseargs/-/parseargs-0.11.0.tgz. Extracting by manifest.
1533 silly tarball no local data for @npmcli/installed-package-contents@https://artifactory.gcp.mercadona.com/artifactory/api/npm/virtual-npm/@npmcli/installed-package-contents/-/installed-package-contents-2.1.0.tgz. Extracting by manifest.
1534 silly tarball no local data for @npmcli/fs@https://artifactory.gcp.mercadona.com/artifactory/api/npm/virtual-npm/@npmcli/fs/-/fs-3.1.1.tgz. Extracting by manifest.
1535 silly tarball no local data for @npmcli/git@https://artifactory.gcp.mercadona.com/artifactory/api/npm/virtual-npm/@npmcli/git/-/git-5.0.8.tgz. Extracting by manifest.
1536 silly tarball no local data for @npmcli/agent@https://artifactory.gcp.mercadona.com/artifactory/api/npm/virtual-npm/@npmcli/agent/-/agent-2.2.2.tgz. Extracting by manifest.
1537 silly tarball no local data for @nodelib/fs.walk@https://artifactory.gcp.mercadona.com/artifactory/api/npm/virtual-npm/@nodelib/fs.walk/-/fs.walk-1.2.8.tgz. Extracting by manifest.
1538 silly tarball no local data for @npmcli/package-json@https://artifactory.gcp.mercadona.com/artifactory/api/npm/virtual-npm/@npmcli/package-json/-/package-json-5.2.1.tgz. Extracting by manifest.
1539 silly tarball no local data for @ngtools/webpack@https://artifactory.gcp.mercadona.com/artifactory/api/npm/virtual-npm/@ngtools/webpack/-/webpack-17.3.17.tgz. Extracting by manifest.
1540 silly tarball no local data for @nodelib/fs.stat@https://artifactory.gcp.mercadona.com/artifactory/api/npm/virtual-npm/@nodelib/fs.stat/-/fs.stat-2.0.5.tgz. Extracting by manifest.
1541 silly tarball no local data for @nodelib/fs.scandir@https://artifactory.gcp.mercadona.com/artifactory/api/npm/virtual-npm/@nodelib/fs.scandir/-/fs.scandir-2.1.5.tgz. Extracting by manifest.
1542 silly tarball no local data for @material/typography@https://artifactory.gcp.mercadona.com/artifactory/api/npm/virtual-npm/@material/typography/-/typography-15.0.0-canary.7f224ddd4.0.tgz. Extracting by manifest.
1543 silly tarball no local data for @material/tokens@https://artifactory.gcp.mercadona.com/artifactory/api/npm/virtual-npm/@material/tokens/-/tokens-15.0.0-canary.7f224ddd4.0.tgz. Extracting by manifest.
1544 silly tarball no local data for @material/touch-target@https://artifactory.gcp.mercadona.com/artifactory/api/npm/virtual-npm/@material/touch-target/-/touch-target-15.0.0-canary.7f224ddd4.0.tgz. Extracting by manifest.
1545 silly tarball no local data for @material/tooltip@https://artifactory.gcp.mercadona.com/artifactory/api/npm/virtual-npm/@material/tooltip/-/tooltip-15.0.0-canary.7f224ddd4.0.tgz. Extracting by manifest.
1546 silly tarball no local data for @material/textfield@https://artifactory.gcp.mercadona.com/artifactory/api/npm/virtual-npm/@material/textfield/-/textfield-15.0.0-canary.7f224ddd4.0.tgz. Extracting by manifest.
1547 silly tarball no local data for @material/top-app-bar@https://artifactory.gcp.mercadona.com/artifactory/api/npm/virtual-npm/@material/top-app-bar/-/top-app-bar-15.0.0-canary.7f224ddd4.0.tgz. Extracting by manifest.
1548 silly tarball no local data for @material/tab-scroller@https://artifactory.gcp.mercadona.com/artifactory/api/npm/virtual-npm/@material/tab-scroller/-/tab-scroller-15.0.0-canary.7f224ddd4.0.tgz. Extracting by manifest.
1549 silly tarball no local data for @material/theme@https://artifactory.gcp.mercadona.com/artifactory/api/npm/virtual-npm/@material/theme/-/theme-15.0.0-canary.7f224ddd4.0.tgz. Extracting by manifest.
1550 silly tarball no local data for @material/tab-bar@https://artifactory.gcp.mercadona.com/artifactory/api/npm/virtual-npm/@material/tab-bar/-/tab-bar-15.0.0-canary.7f224ddd4.0.tgz. Extracting by manifest.
1551 silly tarball no local data for @material/snackbar@https://artifactory.gcp.mercadona.com/artifactory/api/npm/virtual-npm/@material/snackbar/-/snackbar-15.0.0-canary.7f224ddd4.0.tgz. Extracting by manifest.
1552 silly tarball no local data for @material/switch@https://artifactory.gcp.mercadona.com/artifactory/api/npm/virtual-npm/@material/switch/-/switch-15.0.0-canary.7f224ddd4.0.tgz. Extracting by manifest.
1553 silly tarball no local data for @material/shape@https://artifactory.gcp.mercadona.com/artifactory/api/npm/virtual-npm/@material/shape/-/shape-15.0.0-canary.7f224ddd4.0.tgz. Extracting by manifest.
1554 silly tarball no local data for @material/tab-indicator@https://artifactory.gcp.mercadona.com/artifactory/api/npm/virtual-npm/@material/tab-indicator/-/tab-indicator-15.0.0-canary.7f224ddd4.0.tgz. Extracting by manifest.
1555 silly tarball no local data for @material/segmented-button@https://artifactory.gcp.mercadona.com/artifactory/api/npm/virtual-npm/@material/segmented-button/-/segmented-button-15.0.0-canary.7f224ddd4.0.tgz. Extracting by manifest.
1556 silly tarball no local data for @material/slider@https://artifactory.gcp.mercadona.com/artifactory/api/npm/virtual-npm/@material/slider/-/slider-15.0.0-canary.7f224ddd4.0.tgz. Extracting by manifest.
1557 silly tarball no local data for @material/rtl@https://artifactory.gcp.mercadona.com/artifactory/api/npm/virtual-npm/@material/rtl/-/rtl-15.0.0-canary.7f224ddd4.0.tgz. Extracting by manifest.
1558 silly tarball no local data for @material/tab@https://artifactory.gcp.mercadona.com/artifactory/api/npm/virtual-npm/@material/tab/-/tab-15.0.0-canary.7f224ddd4.0.tgz. Extracting by manifest.
1559 silly tarball no local data for @material/radio@https://artifactory.gcp.mercadona.com/artifactory/api/npm/virtual-npm/@material/radio/-/radio-15.0.0-canary.7f224ddd4.0.tgz. Extracting by manifest.
1560 silly tarball no local data for @material/select@https://artifactory.gcp.mercadona.com/artifactory/api/npm/virtual-npm/@material/select/-/select-15.0.0-canary.7f224ddd4.0.tgz. Extracting by manifest.
1561 silly tarball no local data for @material/notched-outline@https://artifactory.gcp.mercadona.com/artifactory/api/npm/virtual-npm/@material/notched-outline/-/notched-outline-15.0.0-canary.7f224ddd4.0.tgz. Extracting by manifest.
1562 silly tarball no local data for @material/progress-indicator@https://artifactory.gcp.mercadona.com/artifactory/api/npm/virtual-npm/@material/progress-indicator/-/progress-indicator-15.0.0-canary.7f224ddd4.0.tgz. Extracting by manifest.
1563 silly tarball no local data for @material/menu-surface@https://artifactory.gcp.mercadona.com/artifactory/api/npm/virtual-npm/@material/menu-surface/-/menu-surface-15.0.0-canary.7f224ddd4.0.tgz. Extracting by manifest.
1564 silly tarball no local data for @material/ripple@https://artifactory.gcp.mercadona.com/artifactory/api/npm/virtual-npm/@material/ripple/-/ripple-15.0.0-canary.7f224ddd4.0.tgz. Extracting by manifest.
1565 silly tarball no local data for @material/line-ripple@https://artifactory.gcp.mercadona.com/artifactory/api/npm/virtual-npm/@material/line-ripple/-/line-ripple-15.0.0-canary.7f224ddd4.0.tgz. Extracting by manifest.
1566 silly tarball no local data for @material/menu@https://artifactory.gcp.mercadona.com/artifactory/api/npm/virtual-npm/@material/menu/-/menu-15.0.0-canary.7f224ddd4.0.tgz. Extracting by manifest.
1567 silly tarball no local data for @material/list@https://artifactory.gcp.mercadona.com/artifactory/api/npm/virtual-npm/@material/list/-/list-15.0.0-canary.7f224ddd4.0.tgz. Extracting by manifest.
1568 silly tarball no local data for @material/linear-progress@https://artifactory.gcp.mercadona.com/artifactory/api/npm/virtual-npm/@material/linear-progress/-/linear-progress-15.0.0-canary.7f224ddd4.0.tgz. Extracting by manifest.
1569 silly tarball no local data for @material/layout-grid@https://artifactory.gcp.mercadona.com/artifactory/api/npm/virtual-npm/@material/layout-grid/-/layout-grid-15.0.0-canary.7f224ddd4.0.tgz. Extracting by manifest.
1570 silly tarball no local data for @material/image-list@https://artifactory.gcp.mercadona.com/artifactory/api/npm/virtual-npm/@material/image-list/-/image-list-15.0.0-canary.7f224ddd4.0.tgz. Extracting by manifest.
1571 silly tarball no local data for @material/icon-button@https://artifactory.gcp.mercadona.com/artifactory/api/npm/virtual-npm/@material/icon-button/-/icon-button-15.0.0-canary.7f224ddd4.0.tgz. Extracting by manifest.
1572 silly tarball no local data for @material/form-field@https://artifactory.gcp.mercadona.com/artifactory/api/npm/virtual-npm/@material/form-field/-/form-field-15.0.0-canary.7f224ddd4.0.tgz. Extracting by manifest.
1573 silly tarball no local data for @material/floating-label@https://artifactory.gcp.mercadona.com/artifactory/api/npm/virtual-npm/@material/floating-label/-/floating-label-15.0.0-canary.7f224ddd4.0.tgz. Extracting by manifest.
1574 silly tarball no local data for @material/focus-ring@https://artifactory.gcp.mercadona.com/artifactory/api/npm/virtual-npm/@material/focus-ring/-/focus-ring-15.0.0-canary.7f224ddd4.0.tgz. Extracting by manifest.
1575 silly tarball no local data for @material/feature-targeting@https://artifactory.gcp.mercadona.com/artifactory/api/npm/virtual-npm/@material/feature-targeting/-/feature-targeting-15.0.0-canary.7f224ddd4.0.tgz. Extracting by manifest.
1576 silly tarball no local data for @material/fab@https://artifactory.gcp.mercadona.com/artifactory/api/npm/virtual-npm/@material/fab/-/fab-15.0.0-canary.7f224ddd4.0.tgz. Extracting by manifest.
1577 silly tarball no local data for @material/dom@https://artifactory.gcp.mercadona.com/artifactory/api/npm/virtual-npm/@material/dom/-/dom-15.0.0-canary.7f224ddd4.0.tgz. Extracting by manifest.
1578 silly tarball no local data for @material/drawer@https://artifactory.gcp.mercadona.com/artifactory/api/npm/virtual-npm/@material/drawer/-/drawer-15.0.0-canary.7f224ddd4.0.tgz. Extracting by manifest.
1579 silly tarball no local data for @material/dialog@https://artifactory.gcp.mercadona.com/artifactory/api/npm/virtual-npm/@material/dialog/-/dialog-15.0.0-canary.7f224ddd4.0.tgz. Extracting by manifest.
1580 silly tarball no local data for @material/elevation@https://artifactory.gcp.mercadona.com/artifactory/api/npm/virtual-npm/@material/elevation/-/elevation-15.0.0-canary.7f224ddd4.0.tgz. Extracting by manifest.
1581 silly tarball no local data for @material/data-table@https://artifactory.gcp.mercadona.com/artifactory/api/npm/virtual-npm/@material/data-table/-/data-table-15.0.0-canary.7f224ddd4.0.tgz. Extracting by manifest.
1582 silly tarball no local data for @material/circular-progress@https://artifactory.gcp.mercadona.com/artifactory/api/npm/virtual-npm/@material/circular-progress/-/circular-progress-15.0.0-canary.7f224ddd4.0.tgz. Extracting by manifest.
1583 silly tarball no local data for @material/chips@https://artifactory.gcp.mercadona.com/artifactory/api/npm/virtual-npm/@material/chips/-/chips-15.0.0-canary.7f224ddd4.0.tgz. Extracting by manifest.
1584 silly tarball no local data for @material/checkbox@https://artifactory.gcp.mercadona.com/artifactory/api/npm/virtual-npm/@material/checkbox/-/checkbox-15.0.0-canary.7f224ddd4.0.tgz. Extracting by manifest.
1585 silly tarball no local data for @material/density@https://artifactory.gcp.mercadona.com/artifactory/api/npm/virtual-npm/@material/density/-/density-15.0.0-canary.7f224ddd4.0.tgz. Extracting by manifest.
1586 silly tarball no local data for @material/base@https://artifactory.gcp.mercadona.com/artifactory/api/npm/virtual-npm/@material/base/-/base-15.0.0-canary.7f224ddd4.0.tgz. Extracting by manifest.
1587 silly tarball no local data for @material/card@https://artifactory.gcp.mercadona.com/artifactory/api/npm/virtual-npm/@material/card/-/card-15.0.0-canary.7f224ddd4.0.tgz. Extracting by manifest.
1588 silly tarball no local data for @material/auto-init@https://artifactory.gcp.mercadona.com/artifactory/api/npm/virtual-npm/@material/auto-init/-/auto-init-15.0.0-canary.7f224ddd4.0.tgz. Extracting by manifest.
1589 silly tarball no local data for @material/button@https://artifactory.gcp.mercadona.com/artifactory/api/npm/virtual-npm/@material/button/-/button-15.0.0-canary.7f224ddd4.0.tgz. Extracting by manifest.
1590 silly tarball no local data for @material/animation@https://artifactory.gcp.mercadona.com/artifactory/api/npm/virtual-npm/@material/animation/-/animation-15.0.0-canary.7f224ddd4.0.tgz. Extracting by manifest.
1591 silly tarball no local data for @material/banner@https://artifactory.gcp.mercadona.com/artifactory/api/npm/virtual-npm/@material/banner/-/banner-15.0.0-canary.7f224ddd4.0.tgz. Extracting by manifest.
1592 silly tarball no local data for @ljharb/through@https://artifactory.gcp.mercadona.com/artifactory/api/npm/virtual-npm/@ljharb/through/-/through-2.3.14.tgz. Extracting by manifest.
1593 silly tarball no local data for @leichtgewicht/ip-codec@https://artifactory.gcp.mercadona.com/artifactory/api/npm/virtual-npm/@leichtgewicht/ip-codec/-/ip-codec-2.0.5.tgz. Extracting by manifest.
1594 silly tarball no local data for @jridgewell/trace-mapping@https://artifactory.gcp.mercadona.com/artifactory/api/npm/virtual-npm/@jridgewell/trace-mapping/-/trace-mapping-0.3.31.tgz. Extracting by manifest.
1595 silly tarball no local data for @kurkle/color@https://artifactory.gcp.mercadona.com/artifactory/api/npm/virtual-npm/@kurkle/color/-/color-0.3.4.tgz. Extracting by manifest.
1596 silly tarball no local data for @jridgewell/sourcemap-codec@https://artifactory.gcp.mercadona.com/artifactory/api/npm/virtual-npm/@jridgewell/sourcemap-codec/-/sourcemap-codec-1.5.5.tgz. Extracting by manifest.
1597 silly tarball no local data for @jridgewell/source-map@https://artifactory.gcp.mercadona.com/artifactory/api/npm/virtual-npm/@jridgewell/source-map/-/source-map-0.3.11.tgz. Extracting by manifest.
1598 silly tarball no local data for @jridgewell/resolve-uri@https://artifactory.gcp.mercadona.com/artifactory/api/npm/virtual-npm/@jridgewell/resolve-uri/-/resolve-uri-3.1.2.tgz. Extracting by manifest.
1599 silly tarball no local data for @istanbuljs/schema@https://artifactory.gcp.mercadona.com/artifactory/api/npm/virtual-npm/@istanbuljs/schema/-/schema-0.1.3.tgz. Extracting by manifest.
1600 silly tarball no local data for @isaacs/cliui@https://artifactory.gcp.mercadona.com/artifactory/api/npm/virtual-npm/@isaacs/cliui/-/cliui-8.0.2.tgz. Extracting by manifest.
1601 silly tarball no local data for @esbuild/darwin-arm64@https://artifactory.gcp.mercadona.com/artifactory/api/npm/virtual-npm/@esbuild/darwin-arm64/-/darwin-arm64-0.20.1.tgz. Extracting by manifest.
1602 silly tarball no local data for @jridgewell/gen-mapping@https://artifactory.gcp.mercadona.com/artifactory/api/npm/virtual-npm/@jridgewell/gen-mapping/-/gen-mapping-0.3.13.tgz. Extracting by manifest.
1603 silly tarball no local data for @istanbuljs/load-nyc-config@https://artifactory.gcp.mercadona.com/artifactory/api/npm/virtual-npm/@istanbuljs/load-nyc-config/-/load-nyc-config-1.1.0.tgz. Extracting by manifest.
1604 silly tarball no local data for @babel/types@https://artifactory.gcp.mercadona.com/artifactory/api/npm/virtual-npm/@babel/types/-/types-7.29.0.tgz. Extracting by manifest.
1605 silly tarball no local data for @discoveryjs/json-ext@https://artifactory.gcp.mercadona.com/artifactory/api/npm/virtual-npm/@discoveryjs/json-ext/-/json-ext-0.5.7.tgz. Extracting by manifest.
1606 silly tarball no local data for @babel/template@https://artifactory.gcp.mercadona.com/artifactory/api/npm/virtual-npm/@babel/template/-/template-7.28.6.tgz. Extracting by manifest.
1607 silly tarball no local data for @babel/traverse@https://artifactory.gcp.mercadona.com/artifactory/api/npm/virtual-npm/@babel/traverse/-/traverse-7.29.0.tgz. Extracting by manifest.
1608 silly tarball no local data for @babel/runtime@https://artifactory.gcp.mercadona.com/artifactory/api/npm/virtual-npm/@babel/runtime/-/runtime-7.26.10.tgz. Extracting by manifest.
1609 silly tarball no local data for @babel/preset-modules@https://artifactory.gcp.mercadona.com/artifactory/api/npm/virtual-npm/@babel/preset-modules/-/preset-modules-0.1.6-no-external-plugins.tgz. Extracting by manifest.
1610 silly tarball no local data for @babel/preset-env@https://artifactory.gcp.mercadona.com/artifactory/api/npm/virtual-npm/@babel/preset-env/-/preset-env-7.26.9.tgz. Extracting by manifest.
1611 silly tarball no local data for @babel/plugin-transform-unicode-regex@https://artifactory.gcp.mercadona.com/artifactory/api/npm/virtual-npm/@babel/plugin-transform-unicode-regex/-/plugin-transform-unicode-regex-7.27.1.tgz. Extracting by manifest.
1612 silly tarball no local data for @babel/plugin-transform-unicode-escapes@https://artifactory.gcp.mercadona.com/artifactory/api/npm/virtual-npm/@babel/plugin-transform-unicode-escapes/-/plugin-transform-unicode-escapes-7.27.1.tgz. Extracting by manifest.
1613 silly tarball no local data for @babel/plugin-transform-unicode-property-regex@https://artifactory.gcp.mercadona.com/artifactory/api/npm/virtual-npm/@babel/plugin-transform-unicode-property-regex/-/plugin-transform-unicode-property-regex-7.28.6.tgz. Extracting by manifest.
1614 silly tarball no local data for @babel/plugin-transform-unicode-sets-regex@https://artifactory.gcp.mercadona.com/artifactory/api/npm/virtual-npm/@babel/plugin-transform-unicode-sets-regex/-/plugin-transform-unicode-sets-regex-7.28.6.tgz. Extracting by manifest.
1615 silly tarball no local data for @babel/plugin-transform-template-literals@https://artifactory.gcp.mercadona.com/artifactory/api/npm/virtual-npm/@babel/plugin-transform-template-literals/-/plugin-transform-template-literals-7.27.1.tgz. Extracting by manifest.
1616 silly tarball no local data for @babel/plugin-transform-typeof-symbol@https://artifactory.gcp.mercadona.com/artifactory/api/npm/virtual-npm/@babel/plugin-transform-typeof-symbol/-/plugin-transform-typeof-symbol-7.27.1.tgz. Extracting by manifest.
1617 silly tarball no local data for @babel/plugin-transform-runtime@https://artifactory.gcp.mercadona.com/artifactory/api/npm/virtual-npm/@babel/plugin-transform-runtime/-/plugin-transform-runtime-7.26.10.tgz. Extracting by manifest.
1618 silly tarball no local data for @babel/plugin-transform-sticky-regex@https://artifactory.gcp.mercadona.com/artifactory/api/npm/virtual-npm/@babel/plugin-transform-sticky-regex/-/plugin-transform-sticky-regex-7.27.1.tgz. Extracting by manifest.
1619 silly tarball no local data for @babel/plugin-transform-regexp-modifiers@https://artifactory.gcp.mercadona.com/artifactory/api/npm/virtual-npm/@babel/plugin-transform-regexp-modifiers/-/plugin-transform-regexp-modifiers-7.28.6.tgz. Extracting by manifest.
1620 silly tarball no local data for @babel/plugin-transform-spread@https://artifactory.gcp.mercadona.com/artifactory/api/npm/virtual-npm/@babel/plugin-transform-spread/-/plugin-transform-spread-7.28.6.tgz. Extracting by manifest.
1621 silly tarball no local data for @babel/plugin-transform-property-literals@https://artifactory.gcp.mercadona.com/artifactory/api/npm/virtual-npm/@babel/plugin-transform-property-literals/-/plugin-transform-property-literals-7.27.1.tgz. Extracting by manifest.
1622 silly tarball no local data for @babel/plugin-transform-shorthand-properties@https://artifactory.gcp.mercadona.com/artifactory/api/npm/virtual-npm/@babel/plugin-transform-shorthand-properties/-/plugin-transform-shorthand-properties-7.27.1.tgz. Extracting by manifest.
1623 silly tarball no local data for @babel/plugin-transform-parameters@https://artifactory.gcp.mercadona.com/artifactory/api/npm/virtual-npm/@babel/plugin-transform-parameters/-/plugin-transform-parameters-7.27.7.tgz. Extracting by manifest.
1624 silly tarball no local data for @babel/plugin-transform-regenerator@https://artifactory.gcp.mercadona.com/artifactory/api/npm/virtual-npm/@babel/plugin-transform-regenerator/-/plugin-transform-regenerator-7.29.0.tgz. Extracting by manifest.
1625 silly tarball no local data for @babel/plugin-transform-private-property-in-object@https://artifactory.gcp.mercadona.com/artifactory/api/npm/virtual-npm/@babel/plugin-transform-private-property-in-object/-/plugin-transform-private-property-in-object-7.28.6.tgz. Extracting by manifest.
1626 silly tarball no local data for @babel/plugin-transform-reserved-words@https://artifactory.gcp.mercadona.com/artifactory/api/npm/virtual-npm/@babel/plugin-transform-reserved-words/-/plugin-transform-reserved-words-7.27.1.tgz. Extracting by manifest.
1627 silly tarball no local data for @babel/plugin-transform-optional-chaining@https://artifactory.gcp.mercadona.com/artifactory/api/npm/virtual-npm/@babel/plugin-transform-optional-chaining/-/plugin-transform-optional-chaining-7.28.6.tgz. Extracting by manifest.
1628 silly tarball no local data for @babel/plugin-transform-private-methods@https://artifactory.gcp.mercadona.com/artifactory/api/npm/virtual-npm/@babel/plugin-transform-private-methods/-/plugin-transform-private-methods-7.28.6.tgz. Extracting by manifest.
1629 silly tarball no local data for @babel/plugin-transform-numeric-separator@https://artifactory.gcp.mercadona.com/artifactory/api/npm/virtual-npm/@babel/plugin-transform-numeric-separator/-/plugin-transform-numeric-separator-7.28.6.tgz. Extracting by manifest.
1630 silly tarball no local data for @babel/plugin-transform-optional-catch-binding@https://artifactory.gcp.mercadona.com/artifactory/api/npm/virtual-npm/@babel/plugin-transform-optional-catch-binding/-/plugin-transform-optional-catch-binding-7.28.6.tgz. Extracting by manifest.
1631 silly tarball no local data for @babel/plugin-transform-object-rest-spread@https://artifactory.gcp.mercadona.com/artifactory/api/npm/virtual-npm/@babel/plugin-transform-object-rest-spread/-/plugin-transform-object-rest-spread-7.28.6.tgz. Extracting by manifest.
1632 silly tarball no local data for @babel/plugin-transform-object-super@https://artifactory.gcp.mercadona.com/artifactory/api/npm/virtual-npm/@babel/plugin-transform-object-super/-/plugin-transform-object-super-7.27.1.tgz. Extracting by manifest.
1633 silly tarball no local data for @babel/plugin-transform-modules-umd@https://artifactory.gcp.mercadona.com/artifactory/api/npm/virtual-npm/@babel/plugin-transform-modules-umd/-/plugin-transform-modules-umd-7.27.1.tgz. Extracting by manifest.
1634 silly tarball no local data for @babel/plugin-transform-named-capturing-groups-regex@https://artifactory.gcp.mercadona.com/artifactory/api/npm/virtual-npm/@babel/plugin-transform-named-capturing-groups-regex/-/plugin-transform-named-capturing-groups-regex-7.29.0.tgz. Extracting by manifest.
1635 silly tarball no local data for @babel/plugin-transform-new-target@https://artifactory.gcp.mercadona.com/artifactory/api/npm/virtual-npm/@babel/plugin-transform-new-target/-/plugin-transform-new-target-7.27.1.tgz. Extracting by manifest.
1636 silly tarball no local data for @babel/plugin-transform-modules-systemjs@https://artifactory.gcp.mercadona.com/artifactory/api/npm/virtual-npm/@babel/plugin-transform-modules-systemjs/-/plugin-transform-modules-systemjs-7.29.0.tgz. Extracting by manifest.
1637 silly tarball no local data for @babel/plugin-transform-modules-amd@https://artifactory.gcp.mercadona.com/artifactory/api/npm/virtual-npm/@babel/plugin-transform-modules-amd/-/plugin-transform-modules-amd-7.27.1.tgz. Extracting by manifest.
1638 silly tarball no local data for @babel/plugin-transform-modules-commonjs@https://artifactory.gcp.mercadona.com/artifactory/api/npm/virtual-npm/@babel/plugin-transform-modules-commonjs/-/plugin-transform-modules-commonjs-7.28.6.tgz. Extracting by manifest.
1639 silly tarball no local data for @babel/plugin-transform-member-expression-literals@https://artifactory.gcp.mercadona.com/artifactory/api/npm/virtual-npm/@babel/plugin-transform-member-expression-literals/-/plugin-transform-member-expression-literals-7.27.1.tgz. Extracting by manifest.
1640 silly tarball no local data for @babel/plugin-transform-literals@https://artifactory.gcp.mercadona.com/artifactory/api/npm/virtual-npm/@babel/plugin-transform-literals/-/plugin-transform-literals-7.27.1.tgz. Extracting by manifest.
1641 silly tarball no local data for @babel/plugin-transform-function-name@https://artifactory.gcp.mercadona.com/artifactory/api/npm/virtual-npm/@babel/plugin-transform-function-name/-/plugin-transform-function-name-7.27.1.tgz. Extracting by manifest.
1642 silly tarball no local data for @babel/plugin-transform-json-strings@https://artifactory.gcp.mercadona.com/artifactory/api/npm/virtual-npm/@babel/plugin-transform-json-strings/-/plugin-transform-json-strings-7.28.6.tgz. Extracting by manifest.
1643 silly tarball no local data for @babel/plugin-transform-for-of@https://artifactory.gcp.mercadona.com/artifactory/api/npm/virtual-npm/@babel/plugin-transform-for-of/-/plugin-transform-for-of-7.27.1.tgz. Extracting by manifest.
1644 silly tarball no local data for @babel/plugin-transform-logical-assignment-operators@https://artifactory.gcp.mercadona.com/artifactory/api/npm/virtual-npm/@babel/plugin-transform-logical-assignment-operators/-/plugin-transform-logical-assignment-operators-7.28.6.tgz. Extracting by manifest.
1645 silly tarball no local data for @babel/plugin-transform-exponentiation-operator@https://artifactory.gcp.mercadona.com/artifactory/api/npm/virtual-npm/@babel/plugin-transform-exponentiation-operator/-/plugin-transform-exponentiation-operator-7.28.6.tgz. Extracting by manifest.
1646 silly tarball no local data for @babel/plugin-transform-export-namespace-from@https://artifactory.gcp.mercadona.com/artifactory/api/npm/virtual-npm/@babel/plugin-transform-export-namespace-from/-/plugin-transform-export-namespace-from-7.27.1.tgz. Extracting by manifest.
1647 silly tarball no local data for @babel/plugin-transform-nullish-coalescing-operator@https://artifactory.gcp.mercadona.com/artifactory/api/npm/virtual-npm/@babel/plugin-transform-nullish-coalescing-operator/-/plugin-transform-nullish-coalescing-operator-7.28.6.tgz. Extracting by manifest.
1648 silly tarball no local data for @babel/plugin-transform-dynamic-import@https://artifactory.gcp.mercadona.com/artifactory/api/npm/virtual-npm/@babel/plugin-transform-dynamic-import/-/plugin-transform-dynamic-import-7.27.1.tgz. Extracting by manifest.
1649 silly tarball no local data for @babel/plugin-transform-duplicate-named-capturing-groups-regex@https://artifactory.gcp.mercadona.com/artifactory/api/npm/virtual-npm/@babel/plugin-transform-duplicate-named-capturing-groups-regex/-/plugin-transform-duplicate-named-capturing-groups-regex-7.29.0.tgz. Extracting by manifest.
1650 silly tarball no local data for @babel/plugin-transform-duplicate-keys@https://artifactory.gcp.mercadona.com/artifactory/api/npm/virtual-npm/@babel/plugin-transform-duplicate-keys/-/plugin-transform-duplicate-keys-7.27.1.tgz. Extracting by manifest.
1651 silly tarball no local data for @babel/plugin-transform-dotall-regex@https://artifactory.gcp.mercadona.com/artifactory/api/npm/virtual-npm/@babel/plugin-transform-dotall-regex/-/plugin-transform-dotall-regex-7.28.6.tgz. Extracting by manifest.
1652 silly tarball no local data for @babel/plugin-transform-computed-properties@https://artifactory.gcp.mercadona.com/artifactory/api/npm/virtual-npm/@babel/plugin-transform-computed-properties/-/plugin-transform-computed-properties-7.28.6.tgz. Extracting by manifest.
1653 silly tarball no local data for @babel/plugin-transform-classes@https://artifactory.gcp.mercadona.com/artifactory/api/npm/virtual-npm/@babel/plugin-transform-classes/-/plugin-transform-classes-7.28.6.tgz. Extracting by manifest.
1654 silly tarball no local data for @babel/plugin-transform-destructuring@https://artifactory.gcp.mercadona.com/artifactory/api/npm/virtual-npm/@babel/plugin-transform-destructuring/-/plugin-transform-destructuring-7.28.5.tgz. Extracting by manifest.
1655 silly tarball no local data for @babel/plugin-transform-class-static-block@https://artifactory.gcp.mercadona.com/artifactory/api/npm/virtual-npm/@babel/plugin-transform-class-static-block/-/plugin-transform-class-static-block-7.28.6.tgz. Extracting by manifest.
1656 silly tarball no local data for @babel/plugin-transform-async-to-generator@https://artifactory.gcp.mercadona.com/artifactory/api/npm/virtual-npm/@babel/plugin-transform-async-to-generator/-/plugin-transform-async-to-generator-7.25.9.tgz. Extracting by manifest.
1657 silly tarball no local data for @babel/plugin-transform-block-scoped-functions@https://artifactory.gcp.mercadona.com/artifactory/api/npm/virtual-npm/@babel/plugin-transform-block-scoped-functions/-/plugin-transform-block-scoped-functions-7.27.1.tgz. Extracting by manifest.
1658 silly tarball no local data for @babel/plugin-transform-class-properties@https://artifactory.gcp.mercadona.com/artifactory/api/npm/virtual-npm/@babel/plugin-transform-class-properties/-/plugin-transform-class-properties-7.28.6.tgz. Extracting by manifest.
1659 silly tarball no local data for @babel/plugin-transform-async-generator-functions@https://artifactory.gcp.mercadona.com/artifactory/api/npm/virtual-npm/@babel/plugin-transform-async-generator-functions/-/plugin-transform-async-generator-functions-7.26.8.tgz. Extracting by manifest.
1660 silly tarball no local data for @babel/plugin-transform-block-scoping@https://artifactory.gcp.mercadona.com/artifactory/api/npm/virtual-npm/@babel/plugin-transform-block-scoping/-/plugin-transform-block-scoping-7.28.6.tgz. Extracting by manifest.
1661 silly tarball no local data for @babel/plugin-syntax-import-assertions@https://artifactory.gcp.mercadona.com/artifactory/api/npm/virtual-npm/@babel/plugin-syntax-import-assertions/-/plugin-syntax-import-assertions-7.28.6.tgz. Extracting by manifest.
1662 silly tarball no local data for @babel/plugin-syntax-import-attributes@https://artifactory.gcp.mercadona.com/artifactory/api/npm/virtual-npm/@babel/plugin-syntax-import-attributes/-/plugin-syntax-import-attributes-7.28.6.tgz. Extracting by manifest.
1663 silly tarball no local data for @babel/plugin-syntax-unicode-sets-regex@https://artifactory.gcp.mercadona.com/artifactory/api/npm/virtual-npm/@babel/plugin-syntax-unicode-sets-regex/-/plugin-syntax-unicode-sets-regex-7.18.6.tgz. Extracting by manifest.
1664 silly tarball no local data for @babel/plugin-proposal-private-property-in-object@https://artifactory.gcp.mercadona.com/artifactory/api/npm/virtual-npm/@babel/plugin-proposal-private-property-in-object/-/plugin-proposal-private-property-in-object-7.21.0-placeholder-for-preset-env.2.tgz. Extracting by manifest.
1665 silly tarball no local data for @babel/plugin-transform-arrow-functions@https://artifactory.gcp.mercadona.com/artifactory/api/npm/virtual-npm/@babel/plugin-transform-arrow-functions/-/plugin-transform-arrow-functions-7.27.1.tgz. Extracting by manifest.
1666 silly tarball no local data for @babel/plugin-bugfix-v8-spread-parameters-in-optional-chaining@https://artifactory.gcp.mercadona.com/artifactory/api/npm/virtual-npm/@babel/plugin-bugfix-v8-spread-parameters-in-optional-chaining/-/plugin-bugfix-v8-spread-parameters-in-optional-chaining-7.27.1.tgz. Extracting by manifest.
1667 silly tarball no local data for @babel/plugin-bugfix-safari-id-destructuring-collision-in-function-expression@https://artifactory.gcp.mercadona.com/artifactory/api/npm/virtual-npm/@babel/plugin-bugfix-safari-id-destructuring-collision-in-function-expression/-/plugin-bugfix-safari-id-destructuring-collision-in-function-expression-7.27.1.tgz. Extracting by manifest.
1668 silly tarball no local data for @babel/plugin-bugfix-v8-static-class-fields-redefine-readonly@https://artifactory.gcp.mercadona.com/artifactory/api/npm/virtual-npm/@babel/plugin-bugfix-v8-static-class-fields-redefine-readonly/-/plugin-bugfix-v8-static-class-fields-redefine-readonly-7.28.6.tgz. Extracting by manifest.
1669 silly tarball no local data for @babel/helpers@https://artifactory.gcp.mercadona.com/artifactory/api/npm/virtual-npm/@babel/helpers/-/helpers-7.29.2.tgz. Extracting by manifest.
1670 silly tarball no local data for @babel/plugin-bugfix-safari-class-field-initializer-scope@https://artifactory.gcp.mercadona.com/artifactory/api/npm/virtual-npm/@babel/plugin-bugfix-safari-class-field-initializer-scope/-/plugin-bugfix-safari-class-field-initializer-scope-7.27.1.tgz. Extracting by manifest.
1671 silly tarball no local data for @babel/plugin-bugfix-firefox-class-in-computed-class-key@https://artifactory.gcp.mercadona.com/artifactory/api/npm/virtual-npm/@babel/plugin-bugfix-firefox-class-in-computed-class-key/-/plugin-bugfix-firefox-class-in-computed-class-key-7.28.5.tgz. Extracting by manifest.
1672 silly tarball no local data for @babel/helper-wrap-function@https://artifactory.gcp.mercadona.com/artifactory/api/npm/virtual-npm/@babel/helper-wrap-function/-/helper-wrap-function-7.28.6.tgz. Extracting by manifest.
1673 silly tarball no local data for @babel/parser@https://artifactory.gcp.mercadona.com/artifactory/api/npm/virtual-npm/@babel/parser/-/parser-7.29.2.tgz. Extracting by manifest.
1674 silly tarball no local data for @babel/helper-string-parser@https://artifactory.gcp.mercadona.com/artifactory/api/npm/virtual-npm/@babel/helper-string-parser/-/helper-string-parser-7.27.1.tgz. Extracting by manifest.
1675 silly tarball no local data for @babel/helper-validator-identifier@https://artifactory.gcp.mercadona.com/artifactory/api/npm/virtual-npm/@babel/helper-validator-identifier/-/helper-validator-identifier-7.28.5.tgz. Extracting by manifest.
1676 silly tarball no local data for @babel/helper-validator-option@https://artifactory.gcp.mercadona.com/artifactory/api/npm/virtual-npm/@babel/helper-validator-option/-/helper-validator-option-7.27.1.tgz. Extracting by manifest.
1677 silly tarball no local data for @babel/helper-remap-async-to-generator@https://artifactory.gcp.mercadona.com/artifactory/api/npm/virtual-npm/@babel/helper-remap-async-to-generator/-/helper-remap-async-to-generator-7.27.1.tgz. Extracting by manifest.
1678 silly tarball no local data for @babel/helper-split-export-declaration@https://artifactory.gcp.mercadona.com/artifactory/api/npm/virtual-npm/@babel/helper-split-export-declaration/-/helper-split-export-declaration-7.24.7.tgz. Extracting by manifest.
1679 silly tarball no local data for @babel/helper-skip-transparent-expression-wrappers@https://artifactory.gcp.mercadona.com/artifactory/api/npm/virtual-npm/@babel/helper-skip-transparent-expression-wrappers/-/helper-skip-transparent-expression-wrappers-7.27.1.tgz. Extracting by manifest.
1680 silly tarball no local data for @babel/helper-replace-supers@https://artifactory.gcp.mercadona.com/artifactory/api/npm/virtual-npm/@babel/helper-replace-supers/-/helper-replace-supers-7.28.6.tgz. Extracting by manifest.
1681 silly tarball no local data for @babel/helper-optimise-call-expression@https://artifactory.gcp.mercadona.com/artifactory/api/npm/virtual-npm/@babel/helper-optimise-call-expression/-/helper-optimise-call-expression-7.27.1.tgz. Extracting by manifest.
1682 silly tarball no local data for @babel/helper-plugin-utils@https://artifactory.gcp.mercadona.com/artifactory/api/npm/virtual-npm/@babel/helper-plugin-utils/-/helper-plugin-utils-7.28.6.tgz. Extracting by manifest.
1683 silly tarball no local data for @babel/helper-module-transforms@https://artifactory.gcp.mercadona.com/artifactory/api/npm/virtual-npm/@babel/helper-module-transforms/-/helper-module-transforms-7.28.6.tgz. Extracting by manifest.
1684 silly tarball no local data for @babel/helper-member-expression-to-functions@https://artifactory.gcp.mercadona.com/artifactory/api/npm/virtual-npm/@babel/helper-member-expression-to-functions/-/helper-member-expression-to-functions-7.28.5.tgz. Extracting by manifest.
1685 silly tarball no local data for @babel/helper-globals@https://artifactory.gcp.mercadona.com/artifactory/api/npm/virtual-npm/@babel/helper-globals/-/helper-globals-7.28.0.tgz. Extracting by manifest.
1686 silly tarball no local data for @babel/helper-define-polyfill-provider@https://artifactory.gcp.mercadona.com/artifactory/api/npm/virtual-npm/@babel/helper-define-polyfill-provider/-/helper-define-polyfill-provider-0.6.8.tgz. Extracting by manifest.
1687 silly tarball no local data for @babel/helper-module-imports@https://artifactory.gcp.mercadona.com/artifactory/api/npm/virtual-npm/@babel/helper-module-imports/-/helper-module-imports-7.28.6.tgz. Extracting by manifest.
1688 silly tarball no local data for @babel/helper-create-class-features-plugin@https://artifactory.gcp.mercadona.com/artifactory/api/npm/virtual-npm/@babel/helper-create-class-features-plugin/-/helper-create-class-features-plugin-7.28.6.tgz. Extracting by manifest.
1689 silly tarball no local data for @babel/helper-create-regexp-features-plugin@https://artifactory.gcp.mercadona.com/artifactory/api/npm/virtual-npm/@babel/helper-create-regexp-features-plugin/-/helper-create-regexp-features-plugin-7.28.5.tgz. Extracting by manifest.
1690 silly tarball no local data for @babel/helper-compilation-targets@https://artifactory.gcp.mercadona.com/artifactory/api/npm/virtual-npm/@babel/helper-compilation-targets/-/helper-compilation-targets-7.28.6.tgz. Extracting by manifest.
1691 silly tarball no local data for @babel/generator@https://artifactory.gcp.mercadona.com/artifactory/api/npm/virtual-npm/@babel/generator/-/generator-7.26.10.tgz. Extracting by manifest.
1692 silly tarball no local data for @babel/core@https://artifactory.gcp.mercadona.com/artifactory/api/npm/virtual-npm/@babel/core/-/core-7.26.10.tgz. Extracting by manifest.
1693 silly tarball no local data for @babel/helper-annotate-as-pure@https://artifactory.gcp.mercadona.com/artifactory/api/npm/virtual-npm/@babel/helper-annotate-as-pure/-/helper-annotate-as-pure-7.25.9.tgz. Extracting by manifest.
1694 silly tarball no local data for @babel/compat-data@https://artifactory.gcp.mercadona.com/artifactory/api/npm/virtual-npm/@babel/compat-data/-/compat-data-7.29.0.tgz. Extracting by manifest.
1695 silly tarball no local data for @angular/router@https://artifactory.gcp.mercadona.com/artifactory/api/npm/virtual-npm/@angular/router/-/router-17.3.12.tgz. Extracting by manifest.
1696 silly tarball no local data for @angular/platform-browser-dynamic@https://artifactory.gcp.mercadona.com/artifactory/api/npm/virtual-npm/@angular/platform-browser-dynamic/-/platform-browser-dynamic-17.3.12.tgz. Extracting by manifest.
1697 silly tarball no local data for @angular/platform-browser@https://artifactory.gcp.mercadona.com/artifactory/api/npm/virtual-npm/@angular/platform-browser/-/platform-browser-17.3.12.tgz. Extracting by manifest.
1698 silly tarball no local data for @babel/code-frame@https://artifactory.gcp.mercadona.com/artifactory/api/npm/virtual-npm/@babel/code-frame/-/code-frame-7.29.0.tgz. Extracting by manifest.
1699 silly tarball no local data for @angular/forms@https://artifactory.gcp.mercadona.com/artifactory/api/npm/virtual-npm/@angular/forms/-/forms-17.3.12.tgz. Extracting by manifest.
1700 silly tarball no local data for @angular/core@https://artifactory.gcp.mercadona.com/artifactory/api/npm/virtual-npm/@angular/core/-/core-17.3.12.tgz. Extracting by manifest.
1701 silly tarball no local data for @angular/material@https://artifactory.gcp.mercadona.com/artifactory/api/npm/virtual-npm/@angular/material/-/material-17.3.10.tgz. Extracting by manifest.
1702 silly tarball no local data for @angular/compiler@https://artifactory.gcp.mercadona.com/artifactory/api/npm/virtual-npm/@angular/compiler/-/compiler-17.3.12.tgz. Extracting by manifest.
1703 silly tarball no local data for @angular/compiler-cli@https://artifactory.gcp.mercadona.com/artifactory/api/npm/virtual-npm/@angular/compiler-cli/-/compiler-cli-17.3.12.tgz. Extracting by manifest.
1704 silly tarball no local data for @angular/common@https://artifactory.gcp.mercadona.com/artifactory/api/npm/virtual-npm/@angular/common/-/common-17.3.12.tgz. Extracting by manifest.
1705 silly tarball no local data for @angular/cli@https://artifactory.gcp.mercadona.com/artifactory/api/npm/virtual-npm/@angular/cli/-/cli-17.3.17.tgz. Extracting by manifest.
1706 silly tarball no local data for @angular/cdk@https://artifactory.gcp.mercadona.com/artifactory/api/npm/virtual-npm/@angular/cdk/-/cdk-17.3.10.tgz. Extracting by manifest.
1707 silly tarball no local data for @angular-devkit/core@https://artifactory.gcp.mercadona.com/artifactory/api/npm/virtual-npm/@angular-devkit/core/-/core-17.3.17.tgz. Extracting by manifest.
1708 silly tarball no local data for @angular-devkit/schematics@https://artifactory.gcp.mercadona.com/artifactory/api/npm/virtual-npm/@angular-devkit/schematics/-/schematics-17.3.17.tgz. Extracting by manifest.
1709 silly tarball no local data for @angular/animations@https://artifactory.gcp.mercadona.com/artifactory/api/npm/virtual-npm/@angular/animations/-/animations-17.3.12.tgz. Extracting by manifest.
1710 silly tarball no local data for @angular-devkit/architect@https://artifactory.gcp.mercadona.com/artifactory/api/npm/virtual-npm/@angular-devkit/architect/-/architect-0.1703.17.tgz. Extracting by manifest.
1711 silly tarball no local data for @angular-devkit/build-angular@https://artifactory.gcp.mercadona.com/artifactory/api/npm/virtual-npm/@angular-devkit/build-angular/-/build-angular-17.3.17.tgz. Extracting by manifest.
1712 silly tarball no local data for @angular-devkit/build-webpack@https://artifactory.gcp.mercadona.com/artifactory/api/npm/virtual-npm/@angular-devkit/build-webpack/-/build-webpack-0.1703.17.tgz. Extracting by manifest.
1713 silly tarball no local data for @ampproject/remapping@https://artifactory.gcp.mercadona.com/artifactory/api/npm/virtual-npm/@ampproject/remapping/-/remapping-2.3.0.tgz. Extracting by manifest.
1714 silly tarball no local data for webpack-dev-middleware@https://artifactory.gcp.mercadona.com/artifactory/api/npm/virtual-npm/webpack-dev-middleware/-/webpack-dev-middleware-5.3.4.tgz. Extracting by manifest.
1715 silly tarball no local data for json-parse-even-better-errors@https://artifactory.gcp.mercadona.com/artifactory/api/npm/virtual-npm/json-parse-even-better-errors/-/json-parse-even-better-errors-2.3.1.tgz. Extracting by manifest.
1716 silly tarball no local data for json-schema-traverse@https://artifactory.gcp.mercadona.com/artifactory/api/npm/virtual-npm/json-schema-traverse/-/json-schema-traverse-0.4.1.tgz. Extracting by manifest.
1717 silly tarball no local data for watchpack@https://artifactory.gcp.mercadona.com/artifactory/api/npm/virtual-npm/watchpack/-/watchpack-2.5.1.tgz. Extracting by manifest.
1718 silly tarball no local data for schema-utils@https://artifactory.gcp.mercadona.com/artifactory/api/npm/virtual-npm/schema-utils/-/schema-utils-3.3.0.tgz. Extracting by manifest.
1719 silly tarball no local data for ajv-keywords@https://artifactory.gcp.mercadona.com/artifactory/api/npm/virtual-npm/ajv-keywords/-/ajv-keywords-3.5.2.tgz. Extracting by manifest.
1720 silly tarball no local data for postcss@https://artifactory.gcp.mercadona.com/artifactory/api/npm/virtual-npm/postcss/-/postcss-8.5.9.tgz. Extracting by manifest.
1721 silly tarball no local data for ajv@https://artifactory.gcp.mercadona.com/artifactory/api/npm/virtual-npm/ajv/-/ajv-6.14.0.tgz. Extracting by manifest.
1722 silly tarball no local data for esbuild@https://artifactory.gcp.mercadona.com/artifactory/api/npm/virtual-npm/esbuild/-/esbuild-0.21.5.tgz. Extracting by manifest.
1723 silly tarball no local data for minimatch@https://artifactory.gcp.mercadona.com/artifactory/api/npm/virtual-npm/minimatch/-/minimatch-3.1.5.tgz. Extracting by manifest.
1724 silly tarball no local data for brace-expansion@https://artifactory.gcp.mercadona.com/artifactory/api/npm/virtual-npm/brace-expansion/-/brace-expansion-1.1.14.tgz. Extracting by manifest.
1725 silly tarball no local data for yallist@https://artifactory.gcp.mercadona.com/artifactory/api/npm/virtual-npm/yallist/-/yallist-4.0.0.tgz. Extracting by manifest.
1726 silly tarball no local data for minipass@https://artifactory.gcp.mercadona.com/artifactory/api/npm/virtual-npm/minipass/-/minipass-5.0.0.tgz. Extracting by manifest.
1727 silly tarball no local data for glob@https://artifactory.gcp.mercadona.com/artifactory/api/npm/virtual-npm/glob/-/glob-7.2.3.tgz. Extracting by manifest.
1728 silly tarball no local data for fs-minipass@https://artifactory.gcp.mercadona.com/artifactory/api/npm/virtual-npm/fs-minipass/-/fs-minipass-2.1.0.tgz. Extracting by manifest.
1729 silly tarball no local data for @esbuild/darwin-arm64@https://artifactory.gcp.mercadona.com/artifactory/api/npm/virtual-npm/@esbuild/darwin-arm64/-/darwin-arm64-0.21.5.tgz. Extracting by manifest.
1730 silly tarball no local data for minipass@https://artifactory.gcp.mercadona.com/artifactory/api/npm/virtual-npm/minipass/-/minipass-3.3.6.tgz. Extracting by manifest.
1731 silly tarball no local data for source-map@https://artifactory.gcp.mercadona.com/artifactory/api/npm/virtual-npm/source-map/-/source-map-0.6.1.tgz. Extracting by manifest.
1732 silly tarball no local data for iconv-lite@https://artifactory.gcp.mercadona.com/artifactory/api/npm/virtual-npm/iconv-lite/-/iconv-lite-0.6.3.tgz. Extracting by manifest.
1733 silly tarball no local data for statuses@https://artifactory.gcp.mercadona.com/artifactory/api/npm/virtual-npm/statuses/-/statuses-1.5.0.tgz. Extracting by manifest.
1734 silly tarball no local data for terser@https://artifactory.gcp.mercadona.com/artifactory/api/npm/virtual-npm/terser/-/terser-5.46.1.tgz. Extracting by manifest.
1735 silly tarball no local data for depd@https://artifactory.gcp.mercadona.com/artifactory/api/npm/virtual-npm/depd/-/depd-1.1.2.tgz. Extracting by manifest.
1736 silly tarball no local data for http-errors@https://artifactory.gcp.mercadona.com/artifactory/api/npm/virtual-npm/http-errors/-/http-errors-1.8.1.tgz. Extracting by manifest.
1737 silly tarball no local data for ms@https://artifactory.gcp.mercadona.com/artifactory/api/npm/virtual-npm/ms/-/ms-2.0.0.tgz. Extracting by manifest.
1738 silly tarball no local data for debug@https://artifactory.gcp.mercadona.com/artifactory/api/npm/virtual-npm/debug/-/debug-2.6.9.tgz. Extracting by manifest.
1739 silly tarball no local data for debug@https://artifactory.gcp.mercadona.com/artifactory/api/npm/virtual-npm/debug/-/debug-2.6.9.tgz. Extracting by manifest.
1740 silly tarball no local data for yallist@https://artifactory.gcp.mercadona.com/artifactory/api/npm/virtual-npm/yallist/-/yallist-4.0.0.tgz. Extracting by manifest.
1741 silly tarball no local data for ms@https://artifactory.gcp.mercadona.com/artifactory/api/npm/virtual-npm/ms/-/ms-2.0.0.tgz. Extracting by manifest.
1742 silly tarball no local data for lru-cache@https://artifactory.gcp.mercadona.com/artifactory/api/npm/virtual-npm/lru-cache/-/lru-cache-6.0.0.tgz. Extracting by manifest.
1743 silly tarball no local data for minimatch@https://artifactory.gcp.mercadona.com/artifactory/api/npm/virtual-npm/minimatch/-/minimatch-3.1.5.tgz. Extracting by manifest.
1744 silly tarball no local data for loader-utils@https://artifactory.gcp.mercadona.com/artifactory/api/npm/virtual-npm/loader-utils/-/loader-utils-2.0.4.tgz. Extracting by manifest.
1745 silly tarball no local data for brace-expansion@https://artifactory.gcp.mercadona.com/artifactory/api/npm/virtual-npm/brace-expansion/-/brace-expansion-1.1.14.tgz. Extracting by manifest.
1746 silly tarball no local data for glob@https://artifactory.gcp.mercadona.com/artifactory/api/npm/virtual-npm/glob/-/glob-7.2.3.tgz. Extracting by manifest.
1747 silly tarball no local data for source-map@https://artifactory.gcp.mercadona.com/artifactory/api/npm/virtual-npm/source-map/-/source-map-0.6.1.tgz. Extracting by manifest.
1748 silly tarball no local data for ipaddr.js@https://artifactory.gcp.mercadona.com/artifactory/api/npm/virtual-npm/ipaddr.js/-/ipaddr.js-1.9.1.tgz. Extracting by manifest.
1749 silly tarball no local data for picomatch@https://artifactory.gcp.mercadona.com/artifactory/api/npm/virtual-npm/picomatch/-/picomatch-2.3.2.tgz. Extracting by manifest.
1750 silly tarball no local data for path-exists@https://artifactory.gcp.mercadona.com/artifactory/api/npm/virtual-npm/path-exists/-/path-exists-5.0.0.tgz. Extracting by manifest.
1751 silly tarball no local data for p-limit@https://artifactory.gcp.mercadona.com/artifactory/api/npm/virtual-npm/p-limit/-/p-limit-4.0.0.tgz. Extracting by manifest.
1752 silly tarball no local data for signal-exit@https://artifactory.gcp.mercadona.com/artifactory/api/npm/virtual-npm/signal-exit/-/signal-exit-3.0.7.tgz. Extracting by manifest.
1753 silly tarball no local data for locate-path@https://artifactory.gcp.mercadona.com/artifactory/api/npm/virtual-npm/locate-path/-/locate-path-7.2.0.tgz. Extracting by manifest.
1754 silly tarball no local data for lru-cache@https://artifactory.gcp.mercadona.com/artifactory/api/npm/virtual-npm/lru-cache/-/lru-cache-10.4.3.tgz. Extracting by manifest.
1755 silly tarball no local data for entities@https://artifactory.gcp.mercadona.com/artifactory/api/npm/virtual-npm/entities/-/entities-6.0.1.tgz. Extracting by manifest.
1756 silly tarball no local data for p-locate@https://artifactory.gcp.mercadona.com/artifactory/api/npm/virtual-npm/p-locate/-/p-locate-6.0.0.tgz. Extracting by manifest.
1757 silly tarball no local data for retry@https://artifactory.gcp.mercadona.com/artifactory/api/npm/virtual-npm/retry/-/retry-0.13.1.tgz. Extracting by manifest.
1758 silly tarball no local data for json-parse-even-better-errors@https://artifactory.gcp.mercadona.com/artifactory/api/npm/virtual-npm/json-parse-even-better-errors/-/json-parse-even-better-errors-2.3.1.tgz. Extracting by manifest.
1759 silly tarball no local data for proc-log@https://artifactory.gcp.mercadona.com/artifactory/api/npm/virtual-npm/proc-log/-/proc-log-4.2.0.tgz. Extracting by manifest.
1760 silly tarball no local data for proc-log@https://artifactory.gcp.mercadona.com/artifactory/api/npm/virtual-npm/proc-log/-/proc-log-4.2.0.tgz. Extracting by manifest.
1761 silly tarball no local data for find-up@https://artifactory.gcp.mercadona.com/artifactory/api/npm/virtual-npm/find-up/-/find-up-6.3.0.tgz. Extracting by manifest.
1762 silly tarball no local data for yallist@https://artifactory.gcp.mercadona.com/artifactory/api/npm/virtual-npm/yallist/-/yallist-4.0.0.tgz. Extracting by manifest.
1763 silly tarball no local data for iconv-lite@https://artifactory.gcp.mercadona.com/artifactory/api/npm/virtual-npm/iconv-lite/-/iconv-lite-0.6.3.tgz. Extracting by manifest.
1764 silly tarball no local data for yallist@https://artifactory.gcp.mercadona.com/artifactory/api/npm/virtual-npm/yallist/-/yallist-4.0.0.tgz. Extracting by manifest.
1765 silly tarball no local data for minipass@https://artifactory.gcp.mercadona.com/artifactory/api/npm/virtual-npm/minipass/-/minipass-3.3.6.tgz. Extracting by manifest.
1766 silly tarball no local data for minipass@https://artifactory.gcp.mercadona.com/artifactory/api/npm/virtual-npm/minipass/-/minipass-3.3.6.tgz. Extracting by manifest.
1767 silly tarball no local data for yallist@https://artifactory.gcp.mercadona.com/artifactory/api/npm/virtual-npm/yallist/-/yallist-4.0.0.tgz. Extracting by manifest.
1768 silly tarball no local data for minipass@https://artifactory.gcp.mercadona.com/artifactory/api/npm/virtual-npm/minipass/-/minipass-3.3.6.tgz. Extracting by manifest.
1769 silly tarball no local data for yallist@https://artifactory.gcp.mercadona.com/artifactory/api/npm/virtual-npm/yallist/-/yallist-4.0.0.tgz. Extracting by manifest.
1770 silly tarball no local data for yallist@https://artifactory.gcp.mercadona.com/artifactory/api/npm/virtual-npm/yallist/-/yallist-4.0.0.tgz. Extracting by manifest.
1771 silly tarball no local data for picomatch@https://artifactory.gcp.mercadona.com/artifactory/api/npm/virtual-npm/picomatch/-/picomatch-2.3.2.tgz. Extracting by manifest.
1772 silly tarball no local data for proc-log@https://artifactory.gcp.mercadona.com/artifactory/api/npm/virtual-npm/proc-log/-/proc-log-4.2.0.tgz. Extracting by manifest.
1773 silly tarball no local data for source-map@https://artifactory.gcp.mercadona.com/artifactory/api/npm/virtual-npm/source-map/-/source-map-0.6.1.tgz. Extracting by manifest.
1774 silly tarball no local data for @babel/runtime@https://artifactory.gcp.mercadona.com/artifactory/api/npm/virtual-npm/@babel/runtime/-/runtime-7.29.2.tgz. Extracting by manifest.
1775 silly tarball no local data for supports-color@https://artifactory.gcp.mercadona.com/artifactory/api/npm/virtual-npm/supports-color/-/supports-color-8.1.1.tgz. Extracting by manifest.
1776 silly tarball no local data for semver@https://artifactory.gcp.mercadona.com/artifactory/api/npm/virtual-npm/semver/-/semver-6.3.1.tgz. Extracting by manifest.
1777 silly tarball no local data for resolve-from@https://artifactory.gcp.mercadona.com/artifactory/api/npm/virtual-npm/resolve-from/-/resolve-from-4.0.0.tgz. Extracting by manifest.
1778 silly tarball no local data for semver@https://artifactory.gcp.mercadona.com/artifactory/api/npm/virtual-npm/semver/-/semver-5.7.2.tgz. Extracting by manifest.
1779 silly tarball no local data for chalk@https://artifactory.gcp.mercadona.com/artifactory/api/npm/virtual-npm/chalk/-/chalk-5.6.2.tgz. Extracting by manifest.
1780 silly tarball no local data for minipass@https://artifactory.gcp.mercadona.com/artifactory/api/npm/virtual-npm/minipass/-/minipass-3.3.6.tgz. Extracting by manifest.
1781 silly tarball no local data for string_decoder@https://artifactory.gcp.mercadona.com/artifactory/api/npm/virtual-npm/string_decoder/-/string_decoder-1.1.1.tgz. Extracting by manifest.
1782 silly tarball no local data for lru-cache@https://artifactory.gcp.mercadona.com/artifactory/api/npm/virtual-npm/lru-cache/-/lru-cache-10.4.3.tgz. Extracting by manifest.
1783 silly tarball no local data for safe-buffer@https://artifactory.gcp.mercadona.com/artifactory/api/npm/virtual-npm/safe-buffer/-/safe-buffer-5.1.2.tgz. Extracting by manifest.
1784 silly tarball no local data for debug@https://artifactory.gcp.mercadona.com/artifactory/api/npm/virtual-npm/debug/-/debug-2.6.9.tgz. Extracting by manifest.
1785 silly tarball no local data for ms@https://artifactory.gcp.mercadona.com/artifactory/api/npm/virtual-npm/ms/-/ms-2.0.0.tgz. Extracting by manifest.
1786 silly tarball no local data for debug@https://artifactory.gcp.mercadona.com/artifactory/api/npm/virtual-npm/debug/-/debug-2.6.9.tgz. Extracting by manifest.
1787 silly tarball no local data for readable-stream@https://artifactory.gcp.mercadona.com/artifactory/api/npm/virtual-npm/readable-stream/-/readable-stream-2.3.8.tgz. Extracting by manifest.
1788 silly tarball no local data for estraverse@https://artifactory.gcp.mercadona.com/artifactory/api/npm/virtual-npm/estraverse/-/estraverse-5.3.0.tgz. Extracting by manifest.
1789 silly tarball no local data for ms@https://artifactory.gcp.mercadona.com/artifactory/api/npm/virtual-npm/ms/-/ms-2.0.0.tgz. Extracting by manifest.
1790 silly tarball no local data for iconv-lite@https://artifactory.gcp.mercadona.com/artifactory/api/npm/virtual-npm/iconv-lite/-/iconv-lite-0.6.3.tgz. Extracting by manifest.
1791 silly tarball no local data for internmap@https://artifactory.gcp.mercadona.com/artifactory/api/npm/virtual-npm/internmap/-/internmap-1.0.1.tgz. Extracting by manifest.
1792 silly tarball no local data for minipass@https://artifactory.gcp.mercadona.com/artifactory/api/npm/virtual-npm/minipass/-/minipass-3.3.6.tgz. Extracting by manifest.
1793 silly tarball no local data for isexe@https://artifactory.gcp.mercadona.com/artifactory/api/npm/virtual-npm/isexe/-/isexe-2.0.0.tgz. Extracting by manifest.
1794 silly tarball no local data for which@https://artifactory.gcp.mercadona.com/artifactory/api/npm/virtual-npm/which/-/which-2.0.2.tgz. Extracting by manifest.
1795 silly tarball no local data for d3-shape@https://artifactory.gcp.mercadona.com/artifactory/api/npm/virtual-npm/d3-shape/-/d3-shape-1.3.7.tgz. Extracting by manifest.
1796 silly tarball no local data for d3-array@https://artifactory.gcp.mercadona.com/artifactory/api/npm/virtual-npm/d3-array/-/d3-array-2.12.1.tgz. Extracting by manifest.
1797 silly tarball no local data for argparse@https://artifactory.gcp.mercadona.com/artifactory/api/npm/virtual-npm/argparse/-/argparse-2.0.1.tgz. Extracting by manifest.
1798 silly tarball no local data for signal-exit@https://artifactory.gcp.mercadona.com/artifactory/api/npm/virtual-npm/signal-exit/-/signal-exit-3.0.7.tgz. Extracting by manifest.
1799 silly tarball no local data for glob-parent@https://artifactory.gcp.mercadona.com/artifactory/api/npm/virtual-npm/glob-parent/-/glob-parent-6.0.2.tgz. Extracting by manifest.
1800 silly tarball no local data for ms@https://artifactory.gcp.mercadona.com/artifactory/api/npm/virtual-npm/ms/-/ms-2.0.0.tgz. Extracting by manifest.
1801 silly tarball no local data for wrap-ansi@https://artifactory.gcp.mercadona.com/artifactory/api/npm/virtual-npm/wrap-ansi/-/wrap-ansi-7.0.0.tgz. Extracting by manifest.
1802 silly tarball no local data for debug@https://artifactory.gcp.mercadona.com/artifactory/api/npm/virtual-npm/debug/-/debug-2.6.9.tgz. Extracting by manifest.
1803 silly tarball no local data for ms@https://artifactory.gcp.mercadona.com/artifactory/api/npm/virtual-npm/ms/-/ms-2.0.0.tgz. Extracting by manifest.
1804 silly tarball no local data for d3-path@https://artifactory.gcp.mercadona.com/artifactory/api/npm/virtual-npm/d3-path/-/d3-path-1.0.9.tgz. Extracting by manifest.
1805 silly tarball no local data for regenerator-runtime@https://artifactory.gcp.mercadona.com/artifactory/api/npm/virtual-npm/regenerator-runtime/-/regenerator-runtime-0.13.11.tgz. Extracting by manifest.
1806 silly tarball no local data for lru-cache@https://artifactory.gcp.mercadona.com/artifactory/api/npm/virtual-npm/lru-cache/-/lru-cache-10.4.3.tgz. Extracting by manifest.
1807 silly tarball no local data for debug@https://artifactory.gcp.mercadona.com/artifactory/api/npm/virtual-npm/debug/-/debug-2.6.9.tgz. Extracting by manifest.
1808 silly tarball no local data for loader-utils@https://artifactory.gcp.mercadona.com/artifactory/api/npm/virtual-npm/loader-utils/-/loader-utils-2.0.4.tgz. Extracting by manifest.
1809 silly tarball no local data for picomatch@https://artifactory.gcp.mercadona.com/artifactory/api/npm/virtual-npm/picomatch/-/picomatch-2.3.2.tgz. Extracting by manifest.
1810 silly tarball no local data for semver@https://artifactory.gcp.mercadona.com/artifactory/api/npm/virtual-npm/semver/-/semver-6.3.1.tgz. Extracting by manifest.
1811 silly tarball no local data for negotiator@https://artifactory.gcp.mercadona.com/artifactory/api/npm/virtual-npm/negotiator/-/negotiator-0.6.3.tgz. Extracting by manifest.
1812 silly tarball no local data for @types/send@https://artifactory.gcp.mercadona.com/artifactory/api/npm/virtual-npm/@types/send/-/send-0.17.6.tgz. Extracting by manifest.
1813 silly tarball no local data for proc-log@https://artifactory.gcp.mercadona.com/artifactory/api/npm/virtual-npm/proc-log/-/proc-log-4.2.0.tgz. Extracting by manifest.
1814 silly tarball no local data for proc-log@https://artifactory.gcp.mercadona.com/artifactory/api/npm/virtual-npm/proc-log/-/proc-log-4.2.0.tgz. Extracting by manifest.
1815 silly tarball no local data for js-yaml@https://artifactory.gcp.mercadona.com/artifactory/api/npm/virtual-npm/js-yaml/-/js-yaml-4.1.1.tgz. Extracting by manifest.
1816 silly tarball no local data for proc-log@https://artifactory.gcp.mercadona.com/artifactory/api/npm/virtual-npm/proc-log/-/proc-log-4.2.0.tgz. Extracting by manifest.
1817 silly tarball no local data for lru-cache@https://artifactory.gcp.mercadona.com/artifactory/api/npm/virtual-npm/lru-cache/-/lru-cache-10.4.3.tgz. Extracting by manifest.
1818 silly tarball no local data for ini@https://artifactory.gcp.mercadona.com/artifactory/api/npm/virtual-npm/ini/-/ini-4.1.3.tgz. Extracting by manifest.
1819 silly tarball no local data for @types/express-serve-static-core@https://artifactory.gcp.mercadona.com/artifactory/api/npm/virtual-npm/@types/express-serve-static-core/-/express-serve-static-core-4.19.8.tgz. Extracting by manifest.
1820 silly tarball no local data for wrap-ansi@https://artifactory.gcp.mercadona.com/artifactory/api/npm/virtual-npm/wrap-ansi/-/wrap-ansi-8.1.0.tgz. Extracting by manifest.
1821 silly tarball no local data for lru-cache@https://artifactory.gcp.mercadona.com/artifactory/api/npm/virtual-npm/lru-cache/-/lru-cache-10.4.3.tgz. Extracting by manifest.
1822 silly tarball no local data for string-width@https://artifactory.gcp.mercadona.com/artifactory/api/npm/virtual-npm/string-width/-/string-width-5.1.2.tgz. Extracting by manifest.
1823 silly tarball no local data for emoji-regex@https://artifactory.gcp.mercadona.com/artifactory/api/npm/virtual-npm/emoji-regex/-/emoji-regex-9.2.2.tgz. Extracting by manifest.
1824 silly tarball no local data for semver@https://artifactory.gcp.mercadona.com/artifactory/api/npm/virtual-npm/semver/-/semver-6.3.1.tgz. Extracting by manifest.
1825 silly tarball no local data for strip-ansi@https://artifactory.gcp.mercadona.com/artifactory/api/npm/virtual-npm/strip-ansi/-/strip-ansi-7.2.0.tgz. Extracting by manifest.
1826 silly tarball no local data for ansi-regex@https://artifactory.gcp.mercadona.com/artifactory/api/npm/virtual-npm/ansi-regex/-/ansi-regex-6.2.2.tgz. Extracting by manifest.
1827 silly tarball no local data for ansi-styles@https://artifactory.gcp.mercadona.com/artifactory/api/npm/virtual-npm/ansi-styles/-/ansi-styles-6.2.3.tgz. Extracting by manifest.
1828 silly tarball no local data for @babel/generator@https://artifactory.gcp.mercadona.com/artifactory/api/npm/virtual-npm/@babel/generator/-/generator-7.29.1.tgz. Extracting by manifest.
1829 silly tarball no local data for semver@https://artifactory.gcp.mercadona.com/artifactory/api/npm/virtual-npm/semver/-/semver-6.3.1.tgz. Extracting by manifest.
1830 silly tarball no local data for @babel/helper-annotate-as-pure@https://artifactory.gcp.mercadona.com/artifactory/api/npm/virtual-npm/@babel/helper-annotate-as-pure/-/helper-annotate-as-pure-7.27.3.tgz. Extracting by manifest.
1831 silly tarball no local data for @babel/helper-annotate-as-pure@https://artifactory.gcp.mercadona.com/artifactory/api/npm/virtual-npm/@babel/helper-annotate-as-pure/-/helper-annotate-as-pure-7.27.3.tgz. Extracting by manifest.
1832 silly tarball no local data for @babel/helper-annotate-as-pure@https://artifactory.gcp.mercadona.com/artifactory/api/npm/virtual-npm/@babel/helper-annotate-as-pure/-/helper-annotate-as-pure-7.27.3.tgz. Extracting by manifest.
1833 silly tarball no local data for semver@https://artifactory.gcp.mercadona.com/artifactory/api/npm/virtual-npm/semver/-/semver-6.3.1.tgz. Extracting by manifest.
1834 silly tarball no local data for semver@https://artifactory.gcp.mercadona.com/artifactory/api/npm/virtual-npm/semver/-/semver-6.3.1.tgz. Extracting by manifest.
1835 silly tarball no local data for semver@https://artifactory.gcp.mercadona.com/artifactory/api/npm/virtual-npm/semver/-/semver-6.3.1.tgz. Extracting by manifest.
1836 silly tarball no local data for resolve@https://artifactory.gcp.mercadona.com/artifactory/api/npm/virtual-npm/resolve/-/resolve-1.22.12.tgz. Extracting by manifest.
1837 silly tarball no local data for @babel/core@https://artifactory.gcp.mercadona.com/artifactory/api/npm/virtual-npm/@babel/core/-/core-7.23.9.tgz. Extracting by manifest.
1838 silly tarball no local data for @babel/helper-annotate-as-pure@https://artifactory.gcp.mercadona.com/artifactory/api/npm/virtual-npm/@babel/helper-annotate-as-pure/-/helper-annotate-as-pure-7.27.3.tgz. Extracting by manifest.
1839 silly tarball no local data for convert-source-map@https://artifactory.gcp.mercadona.com/artifactory/api/npm/virtual-npm/convert-source-map/-/convert-source-map-2.0.0.tgz. Extracting by manifest.
1840 silly tarball no local data for @babel/helper-annotate-as-pure@https://artifactory.gcp.mercadona.com/artifactory/api/npm/virtual-npm/@babel/helper-annotate-as-pure/-/helper-annotate-as-pure-7.27.3.tgz. Extracting by manifest.
1841 silly tarball no local data for semver@https://artifactory.gcp.mercadona.com/artifactory/api/npm/virtual-npm/semver/-/semver-6.3.1.tgz. Extracting by manifest.
1842 silly tarball no local data for rxjs@https://artifactory.gcp.mercadona.com/artifactory/api/npm/virtual-npm/rxjs/-/rxjs-7.8.1.tgz. Extracting by manifest.
1843 silly tarball no local data for convert-source-map@https://artifactory.gcp.mercadona.com/artifactory/api/npm/virtual-npm/convert-source-map/-/convert-source-map-2.0.0.tgz. Extracting by manifest.
1844 silly tarball no local data for rxjs@https://artifactory.gcp.mercadona.com/artifactory/api/npm/virtual-npm/rxjs/-/rxjs-7.8.1.tgz. Extracting by manifest.
1845 silly tarball no local data for rxjs@https://artifactory.gcp.mercadona.com/artifactory/api/npm/virtual-npm/rxjs/-/rxjs-7.8.1.tgz. Extracting by manifest.
1846 silly tarball no local data for rxjs@https://artifactory.gcp.mercadona.com/artifactory/api/npm/virtual-npm/rxjs/-/rxjs-7.8.1.tgz. Extracting by manifest.
1847 silly tarball no local data for semver@https://artifactory.gcp.mercadona.com/artifactory/api/npm/virtual-npm/semver/-/semver-6.3.1.tgz. Extracting by manifest.
1848 silly tarball no local data for tslib@https://artifactory.gcp.mercadona.com/artifactory/api/npm/virtual-npm/tslib/-/tslib-2.6.2.tgz. Extracting by manifest.
1849 silly tarball no local data for rxjs@https://artifactory.gcp.mercadona.com/artifactory/api/npm/virtual-npm/rxjs/-/rxjs-7.8.1.tgz. Extracting by manifest.
1850 http fetch GET https://artifactory.gcp.mercadona.com/artifactory/api/npm/virtual-npm/zone.js/-/zone.js-0.14.10.tgz attempt 1 failed with ENOTFOUND
1851 http fetch GET https://artifactory.gcp.mercadona.com/artifactory/api/npm/virtual-npm/yargs-parser/-/yargs-parser-21.1.1.tgz attempt 1 failed with ENOTFOUND
1852 http fetch GET https://artifactory.gcp.mercadona.com/artifactory/api/npm/virtual-npm/yargs/-/yargs-17.7.2.tgz attempt 1 failed with ENOTFOUND
1853 http fetch GET https://artifactory.gcp.mercadona.com/artifactory/api/npm/virtual-npm/y18n/-/y18n-5.0.8.tgz attempt 1 failed with ENOTFOUND
1854 http fetch GET https://artifactory.gcp.mercadona.com/artifactory/api/npm/virtual-npm/ws/-/ws-8.20.0.tgz attempt 1 failed with ENOTFOUND
1855 http fetch GET https://artifactory.gcp.mercadona.com/artifactory/api/npm/virtual-npm/yocto-queue/-/yocto-queue-1.2.2.tgz attempt 1 failed with ENOTFOUND
1856 http fetch GET https://artifactory.gcp.mercadona.com/artifactory/api/npm/virtual-npm/wildcard/-/wildcard-2.0.1.tgz attempt 1 failed with ENOTFOUND
1857 http fetch GET https://artifactory.gcp.mercadona.com/artifactory/api/npm/virtual-npm/yallist/-/yallist-3.1.1.tgz attempt 1 failed with ENOTFOUND
1858 http fetch GET https://artifactory.gcp.mercadona.com/artifactory/api/npm/virtual-npm/which/-/which-4.0.0.tgz attempt 1 failed with ENOTFOUND
1859 http fetch GET https://artifactory.gcp.mercadona.com/artifactory/api/npm/virtual-npm/wrap-ansi/-/wrap-ansi-6.2.0.tgz attempt 1 failed with ENOTFOUND
1860 http fetch GET https://artifactory.gcp.mercadona.com/artifactory/api/npm/virtual-npm/wrappy/-/wrappy-1.0.2.tgz attempt 1 failed with ENOTFOUND
1861 http fetch GET https://artifactory.gcp.mercadona.com/artifactory/api/npm/virtual-npm/websocket-extensions/-/websocket-extensions-0.1.4.tgz attempt 1 failed with ENOTFOUND
1862 http fetch GET https://artifactory.gcp.mercadona.com/artifactory/api/npm/virtual-npm/websocket-driver/-/websocket-driver-0.7.4.tgz attempt 1 failed with ENOTFOUND
1863 http fetch GET https://artifactory.gcp.mercadona.com/artifactory/api/npm/virtual-npm/webpack-subresource-integrity/-/webpack-subresource-integrity-5.1.0.tgz attempt 1 failed with ENOTFOUND
1864 http fetch GET https://artifactory.gcp.mercadona.com/artifactory/api/npm/virtual-npm/webpack-sources/-/webpack-sources-3.3.4.tgz attempt 1 failed with ENOTFOUND
1865 http fetch GET https://artifactory.gcp.mercadona.com/artifactory/api/npm/virtual-npm/tslib/-/tslib-2.6.2.tgz attempt 1 failed with ENOTFOUND
1866 http fetch GET https://artifactory.gcp.mercadona.com/artifactory/api/npm/virtual-npm/rxjs/-/rxjs-7.8.1.tgz attempt 1 failed with ENOTFOUND
1867 http fetch GET https://artifactory.gcp.mercadona.com/artifactory/api/npm/virtual-npm/npm attempt 2 failed with ENOTFOUND
1868 http fetch GET https://artifactory.gcp.mercadona.com/artifactory/api/npm/virtual-npm/yargs-parser/-/yargs-parser-21.1.1.tgz attempt 2 failed with ENOTFOUND
1869 http fetch GET https://artifactory.gcp.mercadona.com/artifactory/api/npm/virtual-npm/zone.js/-/zone.js-0.14.10.tgz attempt 2 failed with ENOTFOUND
1870 http fetch GET https://artifactory.gcp.mercadona.com/artifactory/api/npm/virtual-npm/yargs/-/yargs-17.7.2.tgz attempt 2 failed with ENOTFOUND
1871 http fetch GET https://artifactory.gcp.mercadona.com/artifactory/api/npm/virtual-npm/y18n/-/y18n-5.0.8.tgz attempt 2 failed with ENOTFOUND
1872 http fetch GET https://artifactory.gcp.mercadona.com/artifactory/api/npm/virtual-npm/yocto-queue/-/yocto-queue-1.2.2.tgz attempt 2 failed with ENOTFOUND
1873 http fetch GET https://artifactory.gcp.mercadona.com/artifactory/api/npm/virtual-npm/ws/-/ws-8.20.0.tgz attempt 2 failed with ENOTFOUND
1874 http fetch GET https://artifactory.gcp.mercadona.com/artifactory/api/npm/virtual-npm/wildcard/-/wildcard-2.0.1.tgz attempt 2 failed with ENOTFOUND
1875 http fetch GET https://artifactory.gcp.mercadona.com/artifactory/api/npm/virtual-npm/yallist/-/yallist-3.1.1.tgz attempt 2 failed with ENOTFOUND
1876 http fetch GET https://artifactory.gcp.mercadona.com/artifactory/api/npm/virtual-npm/which/-/which-4.0.0.tgz attempt 2 failed with ENOTFOUND
1877 http fetch GET https://artifactory.gcp.mercadona.com/artifactory/api/npm/virtual-npm/wrap-ansi/-/wrap-ansi-6.2.0.tgz attempt 2 failed with ENOTFOUND
1878 http fetch GET https://artifactory.gcp.mercadona.com/artifactory/api/npm/virtual-npm/wrappy/-/wrappy-1.0.2.tgz attempt 2 failed with ENOTFOUND
1879 http fetch GET https://artifactory.gcp.mercadona.com/artifactory/api/npm/virtual-npm/websocket-extensions/-/websocket-extensions-0.1.4.tgz attempt 2 failed with ENOTFOUND
1880 http fetch GET https://artifactory.gcp.mercadona.com/artifactory/api/npm/virtual-npm/webpack-subresource-integrity/-/webpack-subresource-integrity-5.1.0.tgz attempt 2 failed with ENOTFOUND
1881 http fetch GET https://artifactory.gcp.mercadona.com/artifactory/api/npm/virtual-npm/websocket-driver/-/websocket-driver-0.7.4.tgz attempt 2 failed with ENOTFOUND
1882 http fetch GET https://artifactory.gcp.mercadona.com/artifactory/api/npm/virtual-npm/webpack-sources/-/webpack-sources-3.3.4.tgz attempt 2 failed with ENOTFOUND
1883 http fetch GET https://artifactory.gcp.mercadona.com/artifactory/api/npm/virtual-npm/tslib/-/tslib-2.6.2.tgz attempt 2 failed with ENOTFOUND
1884 http fetch GET https://artifactory.gcp.mercadona.com/artifactory/api/npm/virtual-npm/rxjs/-/rxjs-7.8.1.tgz attempt 2 failed with ENOTFOUND
1885 http fetch GET https://artifactory.gcp.mercadona.com/artifactory/api/npm/virtual-npm/npm attempt 3 failed with ENOTFOUND
1886 http fetch GET https://artifactory.gcp.mercadona.com/artifactory/api/npm/virtual-npm/yargs-parser/-/yargs-parser-21.1.1.tgz attempt 3 failed with ENOTFOUND
1887 http fetch GET https://artifactory.gcp.mercadona.com/artifactory/api/npm/virtual-npm/zone.js/-/zone.js-0.14.10.tgz attempt 3 failed with ENOTFOUND
1888 http fetch GET https://artifactory.gcp.mercadona.com/artifactory/api/npm/virtual-npm/yargs/-/yargs-17.7.2.tgz attempt 3 failed with ENOTFOUND
1889 http fetch GET https://artifactory.gcp.mercadona.com/artifactory/api/npm/virtual-npm/y18n/-/y18n-5.0.8.tgz attempt 3 failed with ENOTFOUND
1890 http fetch GET https://artifactory.gcp.mercadona.com/artifactory/api/npm/virtual-npm/yocto-queue/-/yocto-queue-1.2.2.tgz attempt 3 failed with ENOTFOUND
1891 http fetch GET https://artifactory.gcp.mercadona.com/artifactory/api/npm/virtual-npm/ws/-/ws-8.20.0.tgz attempt 3 failed with ENOTFOUND
1892 http fetch GET https://artifactory.gcp.mercadona.com/artifactory/api/npm/virtual-npm/wildcard/-/wildcard-2.0.1.tgz attempt 3 failed with ENOTFOUND
1893 http fetch GET https://artifactory.gcp.mercadona.com/artifactory/api/npm/virtual-npm/yallist/-/yallist-3.1.1.tgz attempt 3 failed with ENOTFOUND
1894 http fetch GET https://artifactory.gcp.mercadona.com/artifactory/api/npm/virtual-npm/which/-/which-4.0.0.tgz attempt 3 failed with ENOTFOUND
1895 http fetch GET https://artifactory.gcp.mercadona.com/artifactory/api/npm/virtual-npm/wrap-ansi/-/wrap-ansi-6.2.0.tgz attempt 3 failed with ENOTFOUND
1896 http fetch GET https://artifactory.gcp.mercadona.com/artifactory/api/npm/virtual-npm/wrappy/-/wrappy-1.0.2.tgz attempt 3 failed with ENOTFOUND
1897 http fetch GET https://artifactory.gcp.mercadona.com/artifactory/api/npm/virtual-npm/websocket-extensions/-/websocket-extensions-0.1.4.tgz attempt 3 failed with ENOTFOUND
1898 http fetch GET https://artifactory.gcp.mercadona.com/artifactory/api/npm/virtual-npm/webpack-subresource-integrity/-/webpack-subresource-integrity-5.1.0.tgz attempt 3 failed with ENOTFOUND
1899 http fetch GET https://artifactory.gcp.mercadona.com/artifactory/api/npm/virtual-npm/websocket-driver/-/websocket-driver-0.7.4.tgz attempt 3 failed with ENOTFOUND
1900 http fetch GET https://artifactory.gcp.mercadona.com/artifactory/api/npm/virtual-npm/webpack-sources/-/webpack-sources-3.3.4.tgz attempt 3 failed with ENOTFOUND
1901 http fetch GET https://artifactory.gcp.mercadona.com/artifactory/api/npm/virtual-npm/tslib/-/tslib-2.6.2.tgz attempt 3 failed with ENOTFOUND
1902 http fetch GET https://artifactory.gcp.mercadona.com/artifactory/api/npm/virtual-npm/rxjs/-/rxjs-7.8.1.tgz attempt 3 failed with ENOTFOUND
1903 verbose cwd /Users/ecipria/Documents/cuantificador-deportivo/frontend
1904 verbose os Darwin 25.1.0
1905 verbose node v24.12.0
1906 verbose npm  v11.6.2
1907 error Exit handler never called!
1908 error This is an error with npm itself. Please report this error at:
1909 error   <https://github.com/npm/cli/issues>
1910 verbose exit 1
1911 verbose code 1
1912 error A complete log of this run can be found in: /Users/ecipria/Documents/cuantificador-deportivo/frontend/.npm-cache/_logs/2026-07-31T07_20_49_054Z-debug-0.log
